DOI,Название статьи,Аннотация,Начало эксперимента,Конец эксперимента,Геопозиция (страна и город с вшитыми координатами),Площадь прототипа (м^2),Коэффициент эквивалентности земли по биомассе,Коэффициент эквивалентности земли по урожайности,Открытость участка,Гигрометрия почвы,Неоднородность почвы,Культура,Расстояние между рядами посадки (м),Покрытие поверхности земли по вертикали,Тип СБ,Ориентация СБ (гр. на юг),Угол наклона СБ (гр.),Шаг между СБ (м),Высота над землей (м),Расстояние между рядами (м),ФАР (отн. нормальной),Горизонтальное глобальное облучение (кВт*ч/м^2/год),Горизонтальное глобальное облучение (кВт*ч/м^2/день),Эффективное глобальное облучение (кВт*ч/м^2/год) - на плоскости коллектора,Падающее глобальное облучение (кВт*ч/м^2),Удельная производительность (Вт/м^2),Полная производительность (кВт),Годовая выработка электроэнергии (кВт*ч/год),Удельная выработка электроэнергии (кВт*ч/(кВт(пик)*год),Сухое вещество,Урожайность,Снижение эвапотранспирации,Изменение влажности почвы,Изменение температуры почвы (гр.),Изменение температуры воздуха (гр.),Примечание,source_id,source_url,source_row,Article Title,Abstract,Beginning of the experiment,End of the experiment,Geolocation (country and city with embedded coordinates),Total_Land_Area_ha,Land_Use_Type,Forestry_to_Agriculture_Ratio,Woody_Species,Woody_Biomass_Yield_tDM_ha,Woody_Relative_Yield_vs_Monoculture_%,Agricultural_Crop,Crop_Yield_tDM_ha,Crop_Relative_Yield_vs_Monoculture_%,PV_System_Type,PV_Power_Density_kWp_ha,PV_Electricity_Yield_kWh_kWp,LCOE_ct_kWh,Tilt_Angle_deg,Orientation,Height_Above_Ground_m,Row_Spacing_m,Shading_Rate_%,Land_Loss_due_to_PV_%,Relative_Field_Yield_RFY_%,Biomass_Cost_EUR_tDM,Land_Equivalent_Ratio_LER,Optimal_Solution_Found,Cost_Reduction_Threshold_for_Competitiveness_%,Yield_Increase_Threshold_for_Competitiveness_%,Biodiversity_Impact,Soil_Protection_Benefit,Non_Monetized_Benefits,Notes,Water body type,Water surface area (m^2),Aquatic organism,Aquaculture production (t/ha),PV model,PV installation type,PV power (kWp),Tilt angle (deg),Azimuth angle (deg),Height above water (m),Coverage ratio,PV area (m^2),PV density (kWp/ha),GHI (kWh/(m2_year)),Specific yield (kWh/kWp),Annual energy output (MWh),Performance Gain vs Land,Water evaporation reduction,Water quality monitoring,Shading impact on organism,Types of energy use,LER_Food_Energy
10.1016/j.renene.2011.03.005,Combining solar photovoltaic panels and food crops for optimising land use: Towards new agrivoltaic schemes,"The need for new sources of renewable energies and the rising price of fossil fuels have induced the hope that agricultural crops may be a source of renewable energy for the future. We question in this paper the best strategies to convert solar radiation into both energy and food. The intrinsic efficiency of the photosynthetic process is quite low (around 3%) while commercially available monocristalline solar photovoltaic (PV) panels have an average yield of 15%. Therefore huge arrays of solar panels are now envisaged. Solar plants using PV panels will therefore compete with agriculture for land. In this paper, we suggest that a combination of solar panels and food crops on the same land unit may maximise the land use. We suggest to call this an agrivoltaic system. We used Land Equivalent Ratios to compare conventional options (separation of agriculture and energy harvesting) and two agrivoltaic systems with different densities of PV panels. We modelled the light transmission at the crop level by an array of solar panels and used a crop model to predict the productivity of the partially shaded crops. These preliminary results indicate that agrivoltaic systems may be very efficient: a 35–73% increase of global land productivity was predicted for the two densities of PV panels. Facilitation mechanisms similar to those evidenced in agroforestry systems may explain the advantage of such mixed systems. New solar plants may therefore combine electricity production with food production, especially in countries where cropping land is scarce. There is a need to validate the hypotheses included in our models and provide a proof of the concept by monitoring prototypes of agrivoltaic systems.",01.03.2010,01.03.2013,Монпелье,820,"1,64","1,73",Открытый грунт,Равномерное орошение,Низкая,Пшеница,,59%,JT185Wc,14,25,"1,64",4,"6,4",43%,,,,,72,"59,04",,,64%,73%,,,,,,crop_farming,https://docs.google.com/spreadsheets/d/e/2PACX-1vSrhKbZjKkGqSytiGNDciKhx5LYm9bubt-WFqbuASR48nvkC8yEg16fZKnbRgXeMdNPSAVJbZlnw-Sc/pub?output=csv,2,,,,,,,,,,,,,,,,,,,,,,,,,,,,,,,,,,,,,,,,,,,,,,,,,,,,,,,,
10.1016/j.renene.2011.03.006,Combining solar photovoltaic panels and food crops for optimising land use: Towards new agrivoltaic schemes,"The need for new sources of renewable energies and the rising price of fossil fuels have induced the hope that agricultural crops may be a source of renewable energy for the future. We question in this paper the best strategies to convert solar radiation into both energy and food. The intrinsic efficiency of the photosynthetic process is quite low (around 3%) while commercially available monocristalline solar photovoltaic (PV) panels have an average yield of 15%. Therefore huge arrays of solar panels are now envisaged. Solar plants using PV panels will therefore compete with agriculture for land. In this paper, we suggest that a combination of solar panels and food crops on the same land unit may maximise the land use. We suggest to call this an agrivoltaic system. We used Land Equivalent Ratios to compare conventional options (separation of agriculture and energy harvesting) and two agrivoltaic systems with different densities of PV panels. We modelled the light transmission at the crop level by an array of solar panels and used a crop model to predict the productivity of the partially shaded crops. These preliminary results indicate that agrivoltaic systems may be very efficient: a 35–73% increase of global land productivity was predicted for the two densities of PV panels. Facilitation mechanisms similar to those evidenced in agroforestry systems may explain the advantage of such mixed systems. New solar plants may therefore combine electricity production with food production, especially in countries where cropping land is scarce. There is a need to validate the hypotheses included in our models and provide a proof of the concept by monitoring prototypes of agrivoltaic systems.",01.03.2010,01.03.2013,Монпелье,820,"1,32","1,35",Открытый грунт,Равномерное орошение,Низкая,Пшеница,,"29,5%",JT185Wc,14,25,"3,28",4,"6,4",71%,,,,,36,"29,52",,,80%,83%,,,,,,crop_farming,https://docs.google.com/spreadsheets/d/e/2PACX-1vSrhKbZjKkGqSytiGNDciKhx5LYm9bubt-WFqbuASR48nvkC8yEg16fZKnbRgXeMdNPSAVJbZlnw-Sc/pub?output=csv,3,,,,,,,,,,,,,,,,,,,,,,,,,,,,,,,,,,,,,,,,,,,,,,,,,,,,,,,,
10.1016/j.eja.2012.08.003,Productivity and radiation use efficiency of lettuces grown in the partial shade of photovoltaic panels,"Combining photovoltaic panels (PVPs) and crops on the same land unit were recently proposed as an alternative to the conversion of cropland into photovoltaic plants. This could alleviate the increasing competition for land between food and energy production. In such agrivoltaic systems, an upper layer of PVPs partially shades crops at ground level. The aim of this work was to (i) assess the effect on crop yield of two PVPs densities, resulting in two shade levels equal to 50% and 70% of the incoming radiation and (ii) identify morphological and physiological determinants of the plant response to shade. Experiments were conducted on four varieties of lettuces (two crisphead lettuces and two cutting lettuces), during two seasons. In all cases, the relative lettuce yield at harvest was equal or higher than the available relative radiation. Lettuce yield was maintained through an improved Radiation Interception Efficiency (RIE) in the shade, while Radiation Conversion Efficiency (RCE) did not change significantly. Enhanced RIE was explained by (i) an increase in the total leaf area per plant, despite a decrease in the number of leaves and (ii) a different distribution of leaf area among the pool of leaves, the maximal size of leaves increasing in the shade. Our result provides a framework for the selection of adapted varieties according to their morphological traits and physiological responses to PVP shade, in order to optimize agrivoltaic systems.",22.07.2010,07.09.2011,Монпелье,200,,,Открытый грунт,Равномерное орошение,Низкая,Салат-латук,"0,33",59%,JT185Wc,14,25,"1,6",4,"6,4",53%,,,,,72,"14,4",,,58%,58%,,,,,,crop_farming,https://docs.google.com/spreadsheets/d/e/2PACX-1vSrhKbZjKkGqSytiGNDciKhx5LYm9bubt-WFqbuASR48nvkC8yEg16fZKnbRgXeMdNPSAVJbZlnw-Sc/pub?output=csv,4,,,,,,,,,,,,,,,,,,,,,,,,,,,,,,,,,,,,,,,,,,,,,,,,,,,,,,,,
10.1016/j.eja.2012.08.003,Productivity and radiation use efficiency of lettuces grown in the partial shade of photovoltaic panels,"Combining photovoltaic panels (PVPs) and crops on the same land unit were recently proposed as an alternative to the conversion of cropland into photovoltaic plants. This could alleviate the increasing competition for land between food and energy production. In such agrivoltaic systems, an upper layer of PVPs partially shades crops at ground level. The aim of this work was to (i) assess the effect on crop yield of two PVPs densities, resulting in two shade levels equal to 50% and 70% of the incoming radiation and (ii) identify morphological and physiological determinants of the plant response to shade. Experiments were conducted on four varieties of lettuces (two crisphead lettuces and two cutting lettuces), during two seasons. In all cases, the relative lettuce yield at harvest was equal or higher than the available relative radiation. Lettuce yield was maintained through an improved Radiation Interception Efficiency (RIE) in the shade, while Radiation Conversion Efficiency (RCE) did not change significantly. Enhanced RIE was explained by (i) an increase in the total leaf area per plant, despite a decrease in the number of leaves and (ii) a different distribution of leaf area among the pool of leaves, the maximal size of leaves increasing in the shade. Our result provides a framework for the selection of adapted varieties according to their morphological traits and physiological responses to PVP shade, in order to optimize agrivoltaic systems.",23.03.2011,25.05.2011,Монпелье,200,,,Открытый грунт,Равномерное орошение,Низкая,Салат-латук,"0,33",59%,JT185Wc,14,25,"1,6",4,"6,4",53%,,,,,72,"14,4",,,79%,79%,,,,,,crop_farming,https://docs.google.com/spreadsheets/d/e/2PACX-1vSrhKbZjKkGqSytiGNDciKhx5LYm9bubt-WFqbuASR48nvkC8yEg16fZKnbRgXeMdNPSAVJbZlnw-Sc/pub?output=csv,5,,,,,,,,,,,,,,,,,,,,,,,,,,,,,,,,,,,,,,,,,,,,,,,,,,,,,,,,
10.1016/j.eja.2012.08.003,Productivity and radiation use efficiency of lettuces grown in the partial shade of photovoltaic panels,"Combining photovoltaic panels (PVPs) and crops on the same land unit were recently proposed as an alternative to the conversion of cropland into photovoltaic plants. This could alleviate the increasing competition for land between food and energy production. In such agrivoltaic systems, an upper layer of PVPs partially shades crops at ground level. The aim of this work was to (i) assess the effect on crop yield of two PVPs densities, resulting in two shade levels equal to 50% and 70% of the incoming radiation and (ii) identify morphological and physiological determinants of the plant response to shade. Experiments were conducted on four varieties of lettuces (two crisphead lettuces and two cutting lettuces), during two seasons. In all cases, the relative lettuce yield at harvest was equal or higher than the available relative radiation. Lettuce yield was maintained through an improved Radiation Interception Efficiency (RIE) in the shade, while Radiation Conversion Efficiency (RCE) did not change significantly. Enhanced RIE was explained by (i) an increase in the total leaf area per plant, despite a decrease in the number of leaves and (ii) a different distribution of leaf area among the pool of leaves, the maximal size of leaves increasing in the shade. Our result provides a framework for the selection of adapted varieties according to their morphological traits and physiological responses to PVP shade, in order to optimize agrivoltaic systems.",22.07.2010,07.09.2011,Монпелье,200,,,Открытый грунт,Равномерное орошение,Низкая,Салат-латук,"0,33","29,5%",JT185Wc,14,25,"3,2",4,"6,4",68%,,,,,36,"7,2",,,81%,81%,,,,,,crop_farming,https://docs.google.com/spreadsheets/d/e/2PACX-1vSrhKbZjKkGqSytiGNDciKhx5LYm9bubt-WFqbuASR48nvkC8yEg16fZKnbRgXeMdNPSAVJbZlnw-Sc/pub?output=csv,6,,,,,,,,,,,,,,,,,,,,,,,,,,,,,,,,,,,,,,,,,,,,,,,,,,,,,,,,
10.1016/j.eja.2012.08.003,Productivity and radiation use efficiency of lettuces grown in the partial shade of photovoltaic panels,"Combining photovoltaic panels (PVPs) and crops on the same land unit were recently proposed as an alternative to the conversion of cropland into photovoltaic plants. This could alleviate the increasing competition for land between food and energy production. In such agrivoltaic systems, an upper layer of PVPs partially shades crops at ground level. The aim of this work was to (i) assess the effect on crop yield of two PVPs densities, resulting in two shade levels equal to 50% and 70% of the incoming radiation and (ii) identify morphological and physiological determinants of the plant response to shade. Experiments were conducted on four varieties of lettuces (two crisphead lettuces and two cutting lettuces), during two seasons. In all cases, the relative lettuce yield at harvest was equal or higher than the available relative radiation. Lettuce yield was maintained through an improved Radiation Interception Efficiency (RIE) in the shade, while Radiation Conversion Efficiency (RCE) did not change significantly. Enhanced RIE was explained by (i) an increase in the total leaf area per plant, despite a decrease in the number of leaves and (ii) a different distribution of leaf area among the pool of leaves, the maximal size of leaves increasing in the shade. Our result provides a framework for the selection of adapted varieties according to their morphological traits and physiological responses to PVP shade, in order to optimize agrivoltaic systems.",23.03.2011,25.05.2011,Монпелье,200,,,Открытый грунт,Равномерное орошение,Низкая,Салат-латук,"0,33","29,5%",JT185Wc,14,25,"3,2",4,"6,4",73%,,,,,36,"7,2",,,99%,99%,,,,,,crop_farming,https://docs.google.com/spreadsheets/d/e/2PACX-1vSrhKbZjKkGqSytiGNDciKhx5LYm9bubt-WFqbuASR48nvkC8yEg16fZKnbRgXeMdNPSAVJbZlnw-Sc/pub?output=csv,7,,,,,,,,,,,,,,,,,,,,,,,,,,,,,,,,,,,,,,,,,,,,,,,,,,,,,,,,
10.1016/j.rser.2015.10.024,The Potential of Agrivoltaic Systems,"In order to meet global energy demands with clean renewable energy such as with solar photovoltaic (PV) systems, large surface areas are needed because of the relatively diffuse nature of solar energy. Much of this demand can be matched with aggressive building integrated PV and rooftop PV, but the remainder can be met with land-based PV farms. Using large tracts of land for solar farms will increase competition for land resources as food production demand and energy demand are both growing and vie for the limited land resources. This land competition is exacerbated by the increasing population. These coupled land challenges can be ameliorated using the concept of agrivoltaics or co-developing the same area of land for both solar PV power as well as for conventional agriculture. In this paper, the agrivoltaic experiments to date are reviewed and summarized. A coupled simulation model is developed for both PV production (PVSyst) and agricultural production (Simulateur mulTIdisciplinaire les Cultures Standard (STICS) crop model), to gauge the technical potential of scaling agrivoltaic systems. The results showed that the value of solar generated electricity coupled to shade-tolerant crop production created an over 30% increase in economic value from farms deploying agrivoltaic systems instead of conventional agriculture. Utilizing shade tolerant crops enables crop yield losses to be minimized and thus maintain crop price stability. In addition, this dual use of agricultural land can have a significant effect on national PV production. The results showed an increase in PV power between over 40 and 70 GW if lettuce cultivation alone is converted to agrivoltaic systems in the U.S. It is clear, further work is warranted in this area and that the outputs for different crops and geographic areas should be explored to ascertain the potential of agrivoltaic farming throughout the globe.",,,Канзас Сити,,"1,65","1,65",Открытый грунт,,,Салат-латук,,,TSM300P14A,0,25,,1,6,0%,"1559,5",,"1713,6","1782,8",42,,22829,,0%,0%,,,,,,crop_farming,https://docs.google.com/spreadsheets/d/e/2PACX-1vSrhKbZjKkGqSytiGNDciKhx5LYm9bubt-WFqbuASR48nvkC8yEg16fZKnbRgXeMdNPSAVJbZlnw-Sc/pub?output=csv,8,,,,,,,,,,,,,,,,,,,,,,,,,,,,,,,,,,,,,,,,,,,,,,,,,,,,,,,,
10.1016/j.rser.2015.10.024,The Potential of Agrivoltaic Systems,"In order to meet global energy demands with clean renewable energy such as with solar photovoltaic (PV) systems, large surface areas are needed because of the relatively diffuse nature of solar energy. Much of this demand can be matched with aggressive building integrated PV and rooftop PV, but the remainder can be met with land-based PV farms. Using large tracts of land for solar farms will increase competition for land resources as food production demand and energy demand are both growing and vie for the limited land resources. This land competition is exacerbated by the increasing population. These coupled land challenges can be ameliorated using the concept of agrivoltaics or co-developing the same area of land for both solar PV power as well as for conventional agriculture. In this paper, the agrivoltaic experiments to date are reviewed and summarized. A coupled simulation model is developed for both PV production (PVSyst) and agricultural production (Simulateur mulTIdisciplinaire les Cultures Standard (STICS) crop model), to gauge the technical potential of scaling agrivoltaic systems. The results showed that the value of solar generated electricity coupled to shade-tolerant crop production created an over 30% increase in economic value from farms deploying agrivoltaic systems instead of conventional agriculture. Utilizing shade tolerant crops enables crop yield losses to be minimized and thus maintain crop price stability. In addition, this dual use of agricultural land can have a significant effect on national PV production. The results showed an increase in PV power between over 40 and 70 GW if lettuce cultivation alone is converted to agrivoltaic systems in the U.S. It is clear, further work is warranted in this area and that the outputs for different crops and geographic areas should be explored to ascertain the potential of agrivoltaic farming throughout the globe.",,,Канзас Сити,,"1,65","1,65",Открытый грунт,,,Салат-латук,,,TSM300P14A,0,25,,4,"3,2",,"1559,5",,"1707,9","1782,8",72,,22756,,58%,58%,,,,,,crop_farming,https://docs.google.com/spreadsheets/d/e/2PACX-1vSrhKbZjKkGqSytiGNDciKhx5LYm9bubt-WFqbuASR48nvkC8yEg16fZKnbRgXeMdNPSAVJbZlnw-Sc/pub?output=csv,9,,,,,,,,,,,,,,,,,,,,,,,,,,,,,,,,,,,,,,,,,,,,,,,,,,,,,,,,
10.1016/j.rser.2015.10.024,The Potential of Agrivoltaic Systems,"In order to meet global energy demands with clean renewable energy such as with solar photovoltaic (PV) systems, large surface areas are needed because of the relatively diffuse nature of solar energy. Much of this demand can be matched with aggressive building integrated PV and rooftop PV, but the remainder can be met with land-based PV farms. Using large tracts of land for solar farms will increase competition for land resources as food production demand and energy demand are both growing and vie for the limited land resources. This land competition is exacerbated by the increasing population. These coupled land challenges can be ameliorated using the concept of agrivoltaics or co-developing the same area of land for both solar PV power as well as for conventional agriculture. In this paper, the agrivoltaic experiments to date are reviewed and summarized. A coupled simulation model is developed for both PV production (PVSyst) and agricultural production (Simulateur mulTIdisciplinaire les Cultures Standard (STICS) crop model), to gauge the technical potential of scaling agrivoltaic systems. The results showed that the value of solar generated electricity coupled to shade-tolerant crop production created an over 30% increase in economic value from farms deploying agrivoltaic systems instead of conventional agriculture. Utilizing shade tolerant crops enables crop yield losses to be minimized and thus maintain crop price stability. In addition, this dual use of agricultural land can have a significant effect on national PV production. The results showed an increase in PV power between over 40 and 70 GW if lettuce cultivation alone is converted to agrivoltaic systems in the U.S. It is clear, further work is warranted in this area and that the outputs for different crops and geographic areas should be explored to ascertain the potential of agrivoltaic farming throughout the globe.",,,Канзас Сити,,"1,65","1,65",Открытый грунт,,,Салат-латук,,,TSM300P14A,0,25,,4,"6,4",,"1559,5",,"1718,7","1782,8",39,,13477,,81%,81%,,,,,,crop_farming,https://docs.google.com/spreadsheets/d/e/2PACX-1vSrhKbZjKkGqSytiGNDciKhx5LYm9bubt-WFqbuASR48nvkC8yEg16fZKnbRgXeMdNPSAVJbZlnw-Sc/pub?output=csv,10,,,,,,,,,,,,,,,,,,,,,,,,,,,,,,,,,,,,,,,,,,,,,,,,,,,,,,,,
10.1016/j.rser.2015.10.024,The Potential of Agrivoltaic Systems,"In order to meet global energy demands with clean renewable energy such as with solar photovoltaic (PV) systems, large surface areas are needed because of the relatively diffuse nature of solar energy. Much of this demand can be matched with aggressive building integrated PV and rooftop PV, but the remainder can be met with land-based PV farms. Using large tracts of land for solar farms will increase competition for land resources as food production demand and energy demand are both growing and vie for the limited land resources. This land competition is exacerbated by the increasing population. These coupled land challenges can be ameliorated using the concept of agrivoltaics or co-developing the same area of land for both solar PV power as well as for conventional agriculture. In this paper, the agrivoltaic experiments to date are reviewed and summarized. A coupled simulation model is developed for both PV production (PVSyst) and agricultural production (Simulateur mulTIdisciplinaire les Cultures Standard (STICS) crop model), to gauge the technical potential of scaling agrivoltaic systems. The results showed that the value of solar generated electricity coupled to shade-tolerant crop production created an over 30% increase in economic value from farms deploying agrivoltaic systems instead of conventional agriculture. Utilizing shade tolerant crops enables crop yield losses to be minimized and thus maintain crop price stability. In addition, this dual use of agricultural land can have a significant effect on national PV production. The results showed an increase in PV power between over 40 and 70 GW if lettuce cultivation alone is converted to agrivoltaic systems in the U.S. It is clear, further work is warranted in this area and that the outputs for different crops and geographic areas should be explored to ascertain the potential of agrivoltaic farming throughout the globe.",,,Канзас Сити,,"1,65","1,65",Открытый грунт,,,Салат-латук,,,TSM300P14A,0,25,,4,"3,2",,"1559,5",,"1707,9","1782,8",72,,22756,,79%,79%,,,,,,crop_farming,https://docs.google.com/spreadsheets/d/e/2PACX-1vSrhKbZjKkGqSytiGNDciKhx5LYm9bubt-WFqbuASR48nvkC8yEg16fZKnbRgXeMdNPSAVJbZlnw-Sc/pub?output=csv,11,,,,,,,,,,,,,,,,,,,,,,,,,,,,,,,,,,,,,,,,,,,,,,,,,,,,,,,,
10.1016/j.rser.2015.10.024,The Potential of Agrivoltaic Systems,"In order to meet global energy demands with clean renewable energy such as with solar photovoltaic (PV) systems, large surface areas are needed because of the relatively diffuse nature of solar energy. Much of this demand can be matched with aggressive building integrated PV and rooftop PV, but the remainder can be met with land-based PV farms. Using large tracts of land for solar farms will increase competition for land resources as food production demand and energy demand are both growing and vie for the limited land resources. This land competition is exacerbated by the increasing population. These coupled land challenges can be ameliorated using the concept of agrivoltaics or co-developing the same area of land for both solar PV power as well as for conventional agriculture. In this paper, the agrivoltaic experiments to date are reviewed and summarized. A coupled simulation model is developed for both PV production (PVSyst) and agricultural production (Simulateur mulTIdisciplinaire les Cultures Standard (STICS) crop model), to gauge the technical potential of scaling agrivoltaic systems. The results showed that the value of solar generated electricity coupled to shade-tolerant crop production created an over 30% increase in economic value from farms deploying agrivoltaic systems instead of conventional agriculture. Utilizing shade tolerant crops enables crop yield losses to be minimized and thus maintain crop price stability. In addition, this dual use of agricultural land can have a significant effect on national PV production. The results showed an increase in PV power between over 40 and 70 GW if lettuce cultivation alone is converted to agrivoltaic systems in the U.S. It is clear, further work is warranted in this area and that the outputs for different crops and geographic areas should be explored to ascertain the potential of agrivoltaic farming throughout the globe.",,,Канзас Сити,,"1,65","1,65",Открытый грунт,,,Салат-латук,,,TSM300P14A,0,25,,4,"6,4",,"1559,5",,"1718,7","1782,8",39,,13477,,99%,99%,,,,,,crop_farming,https://docs.google.com/spreadsheets/d/e/2PACX-1vSrhKbZjKkGqSytiGNDciKhx5LYm9bubt-WFqbuASR48nvkC8yEg16fZKnbRgXeMdNPSAVJbZlnw-Sc/pub?output=csv,12,,,,,,,,,,,,,,,,,,,,,,,,,,,,,,,,,,,,,,,,,,,,,,,,,,,,,,,,
10.3390/su13052850,A Case Study of Tomato (Solanum lycopersicon var. Legend) Production and Water Productivity in Agrivoltaic Systems,"The challenge of meeting growing food and energy demand while also mitigating climate change drives the development and adoption of renewable technologies ad approaches. Agrivoltaic systems are an approach that allows for both agricultural and electrical production on the same land area. These systems have the potential to reduced water demand and increase the overall water productivity of certain crops. We observed the microclimate and growth characteristics of Tomato plants (Solanum lycopersicon var. Legend) grown within three locations on an Agrivoltaic field (control, interrow, and below panels) and with two different irrigation treatments (full and deficit). Total crop yield was highest in the control fully irrigated areas a, b (88.42 kg/row, 68.13 kg/row), and decreased as shading increased, row full irrigated areas a, b had 53.59 kg/row, 32.76 kg/row, panel full irrigated areas a, b had (33.61 kg/row, 21.64 kg/row). Water productivity in the interrow deficit treatments was 53.98 kg/m3 greater than the control deficit, and 24.21 kg/m3 greater than the panel deficit, respectively. These results indicate the potential of Agrivoltaic systems to improve water productivity even for crops that are traditionally considered shade-intolerant.
",01.07.2019,10.10.2019,Орегонский университет,8000,"1,65","1,65",Открытый грунт,Неравномерное орошение,Низкая,Томат Solanum lycopersicon,"1,5",,,0,18,0,"0,8",3,,,,,,"60,25",482,,,38%,38%,,,,,,crop_farming,https://docs.google.com/spreadsheets/d/e/2PACX-1vSrhKbZjKkGqSytiGNDciKhx5LYm9bubt-WFqbuASR48nvkC8yEg16fZKnbRgXeMdNPSAVJbZlnw-Sc/pub?output=csv,13,,,,,,,,,,,,,,,,,,,,,,,,,,,,,,,,,,,,,,,,,,,,,,,,,,,,,,,,
10.52825/agripv.v2i.1003,"3D View Factor Power Output Modelling of Bifacial Fixed, Single, and Dual-Axis Agrivoltaic Systems","This study investigates the performance of agrivoltaic systems employing bifacial photovoltaic modules. A comparison between yield in Sweden and Italy was carried out. Three agrivoltaic system designs were evaluated: vertical fixed, single-axis tracker, and dual-axis tracker. The results showed that the specific production varied between 1090 to 1440 kWh/kWp/yr in Sweden and 1584 to 2112 kWh/kWp/yr in Italy, where the lowest production was obtained with the vertical fixed agrivoltaic system while the highest production was obtained with the dual-axis tracking agrivoltaic system. The vertical fixed design had a higher electricity production during low solar elevation angles, while the single-axis and dual-axis tracking designs had significantly higher power production during mid-day. The electricity production gain using a dual-axis tracker design was mostly during mid-day, but the increase compared to the single-axis tracker was only 1-2%. The study concludes that low-height, fixed agrivoltaic systems without tracking are well-suited for high-latitude countries like Sweden, while elevated systems with tracker solutions are more suitable for locations like Italy. The findings suggest that the performance of agrivoltaic systems with bifacial photovoltaic modules is highly dependent on geographical location and the specific characteristics of the crops grown beneath them.",07.07.2022,27.08.2022,Вестерос,,,,Открытый грунт,,,,10,,JW-D72N-380,90,90,,1,10,,,,,,,"22,8",25000,1090,,,,,,,"В статье рассматриваются три типа систем: VF (вертикальная фиксированная), 1T (одноосный трекер), 2T (двухосный трекер). ",crop_farming,https://docs.google.com/spreadsheets/d/e/2PACX-1vSrhKbZjKkGqSytiGNDciKhx5LYm9bubt-WFqbuASR48nvkC8yEg16fZKnbRgXeMdNPSAVJbZlnw-Sc/pub?output=csv,14,,,,,,,,,,,,,,,,,,,,,,,,,,,,,,,,,,,,,,,,,,,,,,,,,,,,,,,,
10.52825/agripv.v2i.1003,"3D View Factor Power Output Modelling of Bifacial Fixed, Single, and Dual-Axis Agrivoltaic Systems","This study investigates the performance of agrivoltaic systems employing bifacial photovoltaic modules. A comparison between yield in Sweden and Italy was carried out. Three agrivoltaic system designs were evaluated: vertical fixed, single-axis tracker, and dual-axis tracker. The results showed that the specific production varied between 1090 to 1440 kWh/kWp/yr in Sweden and 1584 to 2112 kWh/kWp/yr in Italy, where the lowest production was obtained with the vertical fixed agrivoltaic system while the highest production was obtained with the dual-axis tracking agrivoltaic system. The vertical fixed design had a higher electricity production during low solar elevation angles, while the single-axis and dual-axis tracking designs had significantly higher power production during mid-day. The electricity production gain using a dual-axis tracker design was mostly during mid-day, but the increase compared to the single-axis tracker was only 1-2%. The study concludes that low-height, fixed agrivoltaic systems without tracking are well-suited for high-latitude countries like Sweden, while elevated systems with tracker solutions are more suitable for locations like Italy. The findings suggest that the performance of agrivoltaic systems with bifacial photovoltaic modules is highly dependent on geographical location and the specific characteristics of the crops grown beneath them.",07.07.2022,27.08.2022,Пьяченца,,,,Открытый грунт,,,,10,,JW-D72N-380,90,90,,1,10,,,,,,,"22,8",36000,1584,,,,,,,"В статье рассматриваются три типа систем: VF (вертикальная фиксированная), 1T (одноосный трекер), 2T (двухосный трекер). ",crop_farming,https://docs.google.com/spreadsheets/d/e/2PACX-1vSrhKbZjKkGqSytiGNDciKhx5LYm9bubt-WFqbuASR48nvkC8yEg16fZKnbRgXeMdNPSAVJbZlnw-Sc/pub?output=csv,15,,,,,,,,,,,,,,,,,,,,,,,,,,,,,,,,,,,,,,,,,,,,,,,,,,,,,,,,
10.52825/agripv.v2i.1003,"3D View Factor Power Output Modelling of Bifacial Fixed, Single, and Dual-Axis Agrivoltaic Systems","This study investigates the performance of agrivoltaic systems employing bifacial photovoltaic modules. A comparison between yield in Sweden and Italy was carried out. Three agrivoltaic system designs were evaluated: vertical fixed, single-axis tracker, and dual-axis tracker. The results showed that the specific production varied between 1090 to 1440 kWh/kWp/yr in Sweden and 1584 to 2112 kWh/kWp/yr in Italy, where the lowest production was obtained with the vertical fixed agrivoltaic system while the highest production was obtained with the dual-axis tracking agrivoltaic system. The vertical fixed design had a higher electricity production during low solar elevation angles, while the single-axis and dual-axis tracking designs had significantly higher power production during mid-day. The electricity production gain using a dual-axis tracker design was mostly during mid-day, but the increase compared to the single-axis tracker was only 1-2%. The study concludes that low-height, fixed agrivoltaic systems without tracking are well-suited for high-latitude countries like Sweden, while elevated systems with tracker solutions are more suitable for locations like Italy. The findings suggest that the performance of agrivoltaic systems with bifacial photovoltaic modules is highly dependent on geographical location and the specific characteristics of the crops grown beneath them.",07.07.2022,27.08.2022,Вестерос,,,,Открытый грунт,,,,10,,JW-D72N-380,0,55,,3,10,,,,,,,"22,8",30000,1320,,,,,,,"В статье рассматриваются три типа систем: VF (вертикальная фиксированная), 1T (одноосный трекер), 2T (двухосный трекер). ",crop_farming,https://docs.google.com/spreadsheets/d/e/2PACX-1vSrhKbZjKkGqSytiGNDciKhx5LYm9bubt-WFqbuASR48nvkC8yEg16fZKnbRgXeMdNPSAVJbZlnw-Sc/pub?output=csv,16,,,,,,,,,,,,,,,,,,,,,,,,,,,,,,,,,,,,,,,,,,,,,,,,,,,,,,,,
10.52825/agripv.v2i.1003,"3D View Factor Power Output Modelling of Bifacial Fixed, Single, and Dual-Axis Agrivoltaic Systems","This study investigates the performance of agrivoltaic systems employing bifacial photovoltaic modules. A comparison between yield in Sweden and Italy was carried out. Three agrivoltaic system designs were evaluated: vertical fixed, single-axis tracker, and dual-axis tracker. The results showed that the specific production varied between 1090 to 1440 kWh/kWp/yr in Sweden and 1584 to 2112 kWh/kWp/yr in Italy, where the lowest production was obtained with the vertical fixed agrivoltaic system while the highest production was obtained with the dual-axis tracking agrivoltaic system. The vertical fixed design had a higher electricity production during low solar elevation angles, while the single-axis and dual-axis tracking designs had significantly higher power production during mid-day. The electricity production gain using a dual-axis tracker design was mostly during mid-day, but the increase compared to the single-axis tracker was only 1-2%. The study concludes that low-height, fixed agrivoltaic systems without tracking are well-suited for high-latitude countries like Sweden, while elevated systems with tracker solutions are more suitable for locations like Italy. The findings suggest that the performance of agrivoltaic systems with bifacial photovoltaic modules is highly dependent on geographical location and the specific characteristics of the crops grown beneath them.",07.07.2022,27.08.2022,Пьяченца,,,,Открытый грунт,,,,10,,JW-D72N-380,0,55,,3,10,,,,,,,"22,8",45000,1961,,,,,,,"В статье рассматриваются три типа систем: VF (вертикальная фиксированная), 1T (одноосный трекер), 2T (двухосный трекер). ",crop_farming,https://docs.google.com/spreadsheets/d/e/2PACX-1vSrhKbZjKkGqSytiGNDciKhx5LYm9bubt-WFqbuASR48nvkC8yEg16fZKnbRgXeMdNPSAVJbZlnw-Sc/pub?output=csv,17,,,,,,,,,,,,,,,,,,,,,,,,,,,,,,,,,,,,,,,,,,,,,,,,,,,,,,,,
10.52825/agripv.v2i.1003,"3D View Factor Power Output Modelling of Bifacial Fixed, Single, and Dual-Axis Agrivoltaic Systems","This study investigates the performance of agrivoltaic systems employing bifacial photovoltaic modules. A comparison between yield in Sweden and Italy was carried out. Three agrivoltaic system designs were evaluated: vertical fixed, single-axis tracker, and dual-axis tracker. The results showed that the specific production varied between 1090 to 1440 kWh/kWp/yr in Sweden and 1584 to 2112 kWh/kWp/yr in Italy, where the lowest production was obtained with the vertical fixed agrivoltaic system while the highest production was obtained with the dual-axis tracking agrivoltaic system. The vertical fixed design had a higher electricity production during low solar elevation angles, while the single-axis and dual-axis tracking designs had significantly higher power production during mid-day. The electricity production gain using a dual-axis tracker design was mostly during mid-day, but the increase compared to the single-axis tracker was only 1-2%. The study concludes that low-height, fixed agrivoltaic systems without tracking are well-suited for high-latitude countries like Sweden, while elevated systems with tracker solutions are more suitable for locations like Italy. The findings suggest that the performance of agrivoltaic systems with bifacial photovoltaic modules is highly dependent on geographical location and the specific characteristics of the crops grown beneath them.",07.07.2022,27.08.2022,Вестерос,,,,Открытый грунт,,,,10,,JW-D72N-380,0,55,,"4,5",10,,,,,,,"22,8",33000,1440,,,,,,,"В статье рассматриваются три типа систем: VF (вертикальная фиксированная), 1T (одноосный трекер), 2T (двухосный трекер). ",crop_farming,https://docs.google.com/spreadsheets/d/e/2PACX-1vSrhKbZjKkGqSytiGNDciKhx5LYm9bubt-WFqbuASR48nvkC8yEg16fZKnbRgXeMdNPSAVJbZlnw-Sc/pub?output=csv,18,,,,,,,,,,,,,,,,,,,,,,,,,,,,,,,,,,,,,,,,,,,,,,,,,,,,,,,,
10.52825/agripv.v2i.1003,"3D View Factor Power Output Modelling of Bifacial Fixed, Single, and Dual-Axis Agrivoltaic Systems","This study investigates the performance of agrivoltaic systems employing bifacial photovoltaic modules. A comparison between yield in Sweden and Italy was carried out. Three agrivoltaic system designs were evaluated: vertical fixed, single-axis tracker, and dual-axis tracker. The results showed that the specific production varied between 1090 to 1440 kWh/kWp/yr in Sweden and 1584 to 2112 kWh/kWp/yr in Italy, where the lowest production was obtained with the vertical fixed agrivoltaic system while the highest production was obtained with the dual-axis tracking agrivoltaic system. The vertical fixed design had a higher electricity production during low solar elevation angles, while the single-axis and dual-axis tracking designs had significantly higher power production during mid-day. The electricity production gain using a dual-axis tracker design was mostly during mid-day, but the increase compared to the single-axis tracker was only 1-2%. The study concludes that low-height, fixed agrivoltaic systems without tracking are well-suited for high-latitude countries like Sweden, while elevated systems with tracker solutions are more suitable for locations like Italy. The findings suggest that the performance of agrivoltaic systems with bifacial photovoltaic modules is highly dependent on geographical location and the specific characteristics of the crops grown beneath them.",07.07.2022,27.08.2022,Пьяченца,,,,Открытый грунт,,,,10,,JW-D72N-380,0,55,,"4,5",10,,,,,,,"22,8",36000,2112,,,,,,,"В статье рассматриваются три типа систем: VF (вертикальная фиксированная), 1T (одноосный трекер), 2T (двухосный трекер). ",crop_farming,https://docs.google.com/spreadsheets/d/e/2PACX-1vSrhKbZjKkGqSytiGNDciKhx5LYm9bubt-WFqbuASR48nvkC8yEg16fZKnbRgXeMdNPSAVJbZlnw-Sc/pub?output=csv,19,,,,,,,,,,,,,,,,,,,,,,,,,,,,,,,,,,,,,,,,,,,,,,,,,,,,,,,,
10.52825/agripv.v3i.1396,A Comprehensive Life Cycle Assessment Framework for Agrivoltaic Systems,"This paper suggests a comprehensive life cycle assessment (LCA) framework for agrivoltaic systems - systems that integrate photovoltaic energy and agricultural production. Agrivoltaics proposes a solution that provides additional land for meeting renewable energy goals while supporting agricultural production and water and land use efficiency. This study contributes to the assessment of the dynamic life cycle improvements associated with agrivoltaics installations through applying the framework to a case study at Jack's Solar Garden in Boulder, Colorado. We utilize the ReCIPe midpoint hierarchist method and leverage data from existing OpenLCA databases to evaluate the environmental and economic impacts of co-located crop production and solar energy generation. The results highlight the potential for reduced land and water use, underscoring agrivoltaics' role in managing land conflicts and water scarce environments. However, challenges such as increased material demands, limited open-source data, and the need for tailored configurations remain. Our framework aims to guide researchers, producers, and policymakers in making informed decisions on the adoption of agrivoltaics.",,,Боулдер,16600,,,Открытый грунт,,,Картофель,"5,2",,,0,,,"2,1","5,2",,,,,,"57,8313253",960,2150000,"2239,583333",90%,90%,,,,,,crop_farming,https://docs.google.com/spreadsheets/d/e/2PACX-1vSrhKbZjKkGqSytiGNDciKhx5LYm9bubt-WFqbuASR48nvkC8yEg16fZKnbRgXeMdNPSAVJbZlnw-Sc/pub?output=csv,20,,,,,,,,,,,,,,,,,,,,,,,,,,,,,,,,,,,,,,,,,,,,,,,,,,,,,,,,
10.1016/j.rser.2024.114515,A multidisciplinary view on agrivoltaics: Future of energy and agriculture,"The increasing global population amplifies the demand for food and energy. Meeting these demands should be a priority and aligned with the Sustainable Development Goals (SDGs). Photovoltaic (PV) systems are one of the key technologies for a sustainable energy transition. However, PV farms are space-intensive, conflicting with other land-uses such as agriculture. Agrivoltaics (AV) offers a dual-land-use solution by combining solar energy and crop cultivation. Some pioneering AV production systems have been implemented in practice. However, optimizing the PV technology and -array design as well as understanding the impact of PV panels on crop selection and performance remains challenging. Determining the best PV technology and minimizing shading's negative effects on crops can make or break an AV system. This multidisciplinary review combines the latest findings in AV research, PV array designs and module technologies. This review also compares the agronomic potential of various crops for AV and presents a meta-analysis of crop performance under varying shading conditions. Findings from this review indicate that (1) AV systems mainly rely on crystalline silicon (c-Si) cell technology, however, wavelength selective, or spectral shifting PV technologies and diffusion coatings or H2 panels provide future opportunities. (2) AV systems can boost land use efficiency. (3) Shading of crops in AV systems can lead to crop losses but can also provide shelter and enhance crop yield or quality in select climates. (4) Site-specific AV system design is essential to guarantee profitable operation.",,,Бийрбек,,"1,64","1,64",Открытый грунт,,,Груша,,,,90,,,"4,6",,,,,,,,"13,3",,,"83,4%","83,4%",,,,,,crop_farming,https://docs.google.com/spreadsheets/d/e/2PACX-1vSrhKbZjKkGqSytiGNDciKhx5LYm9bubt-WFqbuASR48nvkC8yEg16fZKnbRgXeMdNPSAVJbZlnw-Sc/pub?output=csv,21,,,,,,,,,,,,,,,,,,,,,,,,,,,,,,,,,,,,,,,,,,,,,,,,,,,,,,,,
10.1016/j.rser.2024.114515,A multidisciplinary view on agrivoltaics: Future of energy and agriculture,"The increasing global population amplifies the demand for food and energy. Meeting these demands should be a priority and aligned with the Sustainable Development Goals (SDGs). Photovoltaic (PV) systems are one of the key technologies for a sustainable energy transition. However, PV farms are space-intensive, conflicting with other land-uses such as agriculture. Agrivoltaics (AV) offers a dual-land-use solution by combining solar energy and crop cultivation. Some pioneering AV production systems have been implemented in practice. However, optimizing the PV technology and -array design as well as understanding the impact of PV panels on crop selection and performance remains challenging. Determining the best PV technology and minimizing shading's negative effects on crops can make or break an AV system. This multidisciplinary review combines the latest findings in AV research, PV array designs and module technologies. This review also compares the agronomic potential of various crops for AV and presents a meta-analysis of crop performance under varying shading conditions. Findings from this review indicate that (1) AV systems mainly rely on crystalline silicon (c-Si) cell technology, however, wavelength selective, or spectral shifting PV technologies and diffusion coatings or H2 panels provide future opportunities. (2) AV systems can boost land use efficiency. (3) Shading of crops in AV systems can lead to crop losses but can also provide shelter and enhance crop yield or quality in select climates. (4) Site-specific AV system design is essential to guarantee profitable operation.",,,Герардсберген,,"1,64","1,64",Открытый грунт,,,Свекла,,,,0,90,,"0,6",,,,,,,45,,,,100%,100%,,,,,,crop_farming,https://docs.google.com/spreadsheets/d/e/2PACX-1vSrhKbZjKkGqSytiGNDciKhx5LYm9bubt-WFqbuASR48nvkC8yEg16fZKnbRgXeMdNPSAVJbZlnw-Sc/pub?output=csv,22,,,,,,,,,,,,,,,,,,,,,,,,,,,,,,,,,,,,,,,,,,,,,,,,,,,,,,,,
10.1016/j.rser.2024.114515,A multidisciplinary view on agrivoltaics: Future of energy and agriculture,"The increasing global population amplifies the demand for food and energy. Meeting these demands should be a priority and aligned with the Sustainable Development Goals (SDGs). Photovoltaic (PV) systems are one of the key technologies for a sustainable energy transition. However, PV farms are space-intensive, conflicting with other land-uses such as agriculture. Agrivoltaics (AV) offers a dual-land-use solution by combining solar energy and crop cultivation. Some pioneering AV production systems have been implemented in practice. However, optimizing the PV technology and -array design as well as understanding the impact of PV panels on crop selection and performance remains challenging. Determining the best PV technology and minimizing shading's negative effects on crops can make or break an AV system. This multidisciplinary review combines the latest findings in AV research, PV array designs and module technologies. This review also compares the agronomic potential of various crops for AV and presents a meta-analysis of crop performance under varying shading conditions. Findings from this review indicate that (1) AV systems mainly rely on crystalline silicon (c-Si) cell technology, however, wavelength selective, or spectral shifting PV technologies and diffusion coatings or H2 panels provide future opportunities. (2) AV systems can boost land use efficiency. (3) Shading of crops in AV systems can lead to crop losses but can also provide shelter and enhance crop yield or quality in select climates. (4) Site-specific AV system design is essential to guarantee profitable operation.",,,Герардсберген,,"1,64","1,64",Открытый грунт,,,Свекла,,,,0,,,"2,3",,,,,,,45,,,,90%,90%,,,,,,crop_farming,https://docs.google.com/spreadsheets/d/e/2PACX-1vSrhKbZjKkGqSytiGNDciKhx5LYm9bubt-WFqbuASR48nvkC8yEg16fZKnbRgXeMdNPSAVJbZlnw-Sc/pub?output=csv,23,,,,,,,,,,,,,,,,,,,,,,,,,,,,,,,,,,,,,,,,,,,,,,,,,,,,,,,,
10.1016/j.rser.2024.114515,A multidisciplinary view on agrivoltaics: Future of energy and agriculture,"The increasing global population amplifies the demand for food and energy. Meeting these demands should be a priority and aligned with the Sustainable Development Goals (SDGs). Photovoltaic (PV) systems are one of the key technologies for a sustainable energy transition. However, PV farms are space-intensive, conflicting with other land-uses such as agriculture. Agrivoltaics (AV) offers a dual-land-use solution by combining solar energy and crop cultivation. Some pioneering AV production systems have been implemented in practice. However, optimizing the PV technology and -array design as well as understanding the impact of PV panels on crop selection and performance remains challenging. Determining the best PV technology and minimizing shading's negative effects on crops can make or break an AV system. This multidisciplinary review combines the latest findings in AV research, PV array designs and module technologies. This review also compares the agronomic potential of various crops for AV and presents a meta-analysis of crop performance under varying shading conditions. Findings from this review indicate that (1) AV systems mainly rely on crystalline silicon (c-Si) cell technology, however, wavelength selective, or spectral shifting PV technologies and diffusion coatings or H2 panels provide future opportunities. (2) AV systems can boost land use efficiency. (3) Shading of crops in AV systems can lead to crop losses but can also provide shelter and enhance crop yield or quality in select climates. (4) Site-specific AV system design is essential to guarantee profitable operation.",,,Левен,,"1,64","1,64",Открытый грунт,,,Пшеница,,30%,,0,12,,5,,,,,,,,"81,6",,,66%,66%,,,,,,crop_farming,https://docs.google.com/spreadsheets/d/e/2PACX-1vSrhKbZjKkGqSytiGNDciKhx5LYm9bubt-WFqbuASR48nvkC8yEg16fZKnbRgXeMdNPSAVJbZlnw-Sc/pub?output=csv,24,,,,,,,,,,,,,,,,,,,,,,,,,,,,,,,,,,,,,,,,,,,,,,,,,,,,,,,,
10.1016/j.rser.2024.114515,A multidisciplinary view on agrivoltaics: Future of energy and agriculture,"The increasing global population amplifies the demand for food and energy. Meeting these demands should be a priority and aligned with the Sustainable Development Goals (SDGs). Photovoltaic (PV) systems are one of the key technologies for a sustainable energy transition. However, PV farms are space-intensive, conflicting with other land-uses such as agriculture. Agrivoltaics (AV) offers a dual-land-use solution by combining solar energy and crop cultivation. Some pioneering AV production systems have been implemented in practice. However, optimizing the PV technology and -array design as well as understanding the impact of PV panels on crop selection and performance remains challenging. Determining the best PV technology and minimizing shading's negative effects on crops can make or break an AV system. This multidisciplinary review combines the latest findings in AV research, PV array designs and module technologies. This review also compares the agronomic potential of various crops for AV and presents a meta-analysis of crop performance under varying shading conditions. Findings from this review indicate that (1) AV systems mainly rely on crystalline silicon (c-Si) cell technology, however, wavelength selective, or spectral shifting PV technologies and diffusion coatings or H2 panels provide future opportunities. (2) AV systems can boost land use efficiency. (3) Shading of crops in AV systems can lead to crop losses but can also provide shelter and enhance crop yield or quality in select climates. (4) Site-specific AV system design is essential to guarantee profitable operation.",,,Монпелье,,"1,25","1,25",Открытый грунт,,,Салат-латук,,,,0,,,4,,,,,,,,,,,80%,80%,,,,,,crop_farming,https://docs.google.com/spreadsheets/d/e/2PACX-1vSrhKbZjKkGqSytiGNDciKhx5LYm9bubt-WFqbuASR48nvkC8yEg16fZKnbRgXeMdNPSAVJbZlnw-Sc/pub?output=csv,25,,,,,,,,,,,,,,,,,,,,,,,,,,,,,,,,,,,,,,,,,,,,,,,,,,,,,,,,
10.1016/j.rser.2024.114515,A multidisciplinary view on agrivoltaics: Future of energy and agriculture,"The increasing global population amplifies the demand for food and energy. Meeting these demands should be a priority and aligned with the Sustainable Development Goals (SDGs). Photovoltaic (PV) systems are one of the key technologies for a sustainable energy transition. However, PV farms are space-intensive, conflicting with other land-uses such as agriculture. Agrivoltaics (AV) offers a dual-land-use solution by combining solar energy and crop cultivation. Some pioneering AV production systems have been implemented in practice. However, optimizing the PV technology and -array design as well as understanding the impact of PV panels on crop selection and performance remains challenging. Determining the best PV technology and minimizing shading's negative effects on crops can make or break an AV system. This multidisciplinary review combines the latest findings in AV research, PV array designs and module technologies. This review also compares the agronomic potential of various crops for AV and presents a meta-analysis of crop performance under varying shading conditions. Findings from this review indicate that (1) AV systems mainly rely on crystalline silicon (c-Si) cell technology, however, wavelength selective, or spectral shifting PV technologies and diffusion coatings or H2 panels provide future opportunities. (2) AV systems can boost land use efficiency. (3) Shading of crops in AV systems can lead to crop losses but can also provide shelter and enhance crop yield or quality in select climates. (4) Site-specific AV system design is essential to guarantee profitable operation.",,,Аризона,,"1,64","1,64",Открытый грунт,,,Перец Чильтепин,1,,,0,32,,"3,3",,,,,,,,,,,200%,200%,,,,,,crop_farming,https://docs.google.com/spreadsheets/d/e/2PACX-1vSrhKbZjKkGqSytiGNDciKhx5LYm9bubt-WFqbuASR48nvkC8yEg16fZKnbRgXeMdNPSAVJbZlnw-Sc/pub?output=csv,26,,,,,,,,,,,,,,,,,,,,,,,,,,,,,,,,,,,,,,,,,,,,,,,,,,,,,,,,
10.1016/j.rser.2024.114515,A multidisciplinary view on agrivoltaics: Future of energy and agriculture,"The increasing global population amplifies the demand for food and energy. Meeting these demands should be a priority and aligned with the Sustainable Development Goals (SDGs). Photovoltaic (PV) systems are one of the key technologies for a sustainable energy transition. However, PV farms are space-intensive, conflicting with other land-uses such as agriculture. Agrivoltaics (AV) offers a dual-land-use solution by combining solar energy and crop cultivation. Some pioneering AV production systems have been implemented in practice. However, optimizing the PV technology and -array design as well as understanding the impact of PV panels on crop selection and performance remains challenging. Determining the best PV technology and minimizing shading's negative effects on crops can make or break an AV system. This multidisciplinary review combines the latest findings in AV research, PV array designs and module technologies. This review also compares the agronomic potential of various crops for AV and presents a meta-analysis of crop performance under varying shading conditions. Findings from this review indicate that (1) AV systems mainly rely on crystalline silicon (c-Si) cell technology, however, wavelength selective, or spectral shifting PV technologies and diffusion coatings or H2 panels provide future opportunities. (2) AV systems can boost land use efficiency. (3) Shading of crops in AV systems can lead to crop losses but can also provide shelter and enhance crop yield or quality in select climates. (4) Site-specific AV system design is essential to guarantee profitable operation.",,,Аризона,,"1,64","1,64",Открытый грунт,,,Халапеньо,1,,,0,32,,"3,3",,,,,,,,,,,100%,100%,,,,,,crop_farming,https://docs.google.com/spreadsheets/d/e/2PACX-1vSrhKbZjKkGqSytiGNDciKhx5LYm9bubt-WFqbuASR48nvkC8yEg16fZKnbRgXeMdNPSAVJbZlnw-Sc/pub?output=csv,27,,,,,,,,,,,,,,,,,,,,,,,,,,,,,,,,,,,,,,,,,,,,,,,,,,,,,,,,
10.1016/j.rser.2024.114515,A multidisciplinary view on agrivoltaics: Future of energy and agriculture,"The increasing global population amplifies the demand for food and energy. Meeting these demands should be a priority and aligned with the Sustainable Development Goals (SDGs). Photovoltaic (PV) systems are one of the key technologies for a sustainable energy transition. However, PV farms are space-intensive, conflicting with other land-uses such as agriculture. Agrivoltaics (AV) offers a dual-land-use solution by combining solar energy and crop cultivation. Some pioneering AV production systems have been implemented in practice. However, optimizing the PV technology and -array design as well as understanding the impact of PV panels on crop selection and performance remains challenging. Determining the best PV technology and minimizing shading's negative effects on crops can make or break an AV system. This multidisciplinary review combines the latest findings in AV research, PV array designs and module technologies. This review also compares the agronomic potential of various crops for AV and presents a meta-analysis of crop performance under varying shading conditions. Findings from this review indicate that (1) AV systems mainly rely on crystalline silicon (c-Si) cell technology, however, wavelength selective, or spectral shifting PV technologies and diffusion coatings or H2 panels provide future opportunities. (2) AV systems can boost land use efficiency. (3) Shading of crops in AV systems can lead to crop losses but can also provide shelter and enhance crop yield or quality in select climates. (4) Site-specific AV system design is essential to guarantee profitable operation.",,,Аризона,,"1,64","1,64",Открытый грунт,,,Томат,1,,,0,32,,"3,3",,,,,,,,,,,100%,100%,,,,,,crop_farming,https://docs.google.com/spreadsheets/d/e/2PACX-1vSrhKbZjKkGqSytiGNDciKhx5LYm9bubt-WFqbuASR48nvkC8yEg16fZKnbRgXeMdNPSAVJbZlnw-Sc/pub?output=csv,28,,,,,,,,,,,,,,,,,,,,,,,,,,,,,,,,,,,,,,,,,,,,,,,,,,,,,,,,
10.1016/j.rser.2024.114515,A multidisciplinary view on agrivoltaics: Future of energy and agriculture,"The increasing global population amplifies the demand for food and energy. Meeting these demands should be a priority and aligned with the Sustainable Development Goals (SDGs). Photovoltaic (PV) systems are one of the key technologies for a sustainable energy transition. However, PV farms are space-intensive, conflicting with other land-uses such as agriculture. Agrivoltaics (AV) offers a dual-land-use solution by combining solar energy and crop cultivation. Some pioneering AV production systems have been implemented in practice. However, optimizing the PV technology and -array design as well as understanding the impact of PV panels on crop selection and performance remains challenging. Determining the best PV technology and minimizing shading's negative effects on crops can make or break an AV system. This multidisciplinary review combines the latest findings in AV research, PV array designs and module technologies. This review also compares the agronomic potential of various crops for AV and presents a meta-analysis of crop performance under varying shading conditions. Findings from this review indicate that (1) AV systems mainly rely on crystalline silicon (c-Si) cell technology, however, wavelength selective, or spectral shifting PV technologies and diffusion coatings or H2 panels provide future opportunities. (2) AV systems can boost land use efficiency. (3) Shading of crops in AV systems can lead to crop losses but can also provide shelter and enhance crop yield or quality in select climates. (4) Site-specific AV system design is essential to guarantee profitable operation.",,,Кафр-Кара,,"1,64","1,64",Теплица,,,Томат,,37%,,0,,,,,,,,,,,2670,,,109%,136%,,,,,,crop_farming,https://docs.google.com/spreadsheets/d/e/2PACX-1vSrhKbZjKkGqSytiGNDciKhx5LYm9bubt-WFqbuASR48nvkC8yEg16fZKnbRgXeMdNPSAVJbZlnw-Sc/pub?output=csv,29,,,,,,,,,,,,,,,,,,,,,,,,,,,,,,,,,,,,,,,,,,,,,,,,,,,,,,,,
10.1016/j.rser.2024.114515,A multidisciplinary view on agrivoltaics: Future of energy and agriculture,"The increasing global population amplifies the demand for food and energy. Meeting these demands should be a priority and aligned with the Sustainable Development Goals (SDGs). Photovoltaic (PV) systems are one of the key technologies for a sustainable energy transition. However, PV farms are space-intensive, conflicting with other land-uses such as agriculture. Agrivoltaics (AV) offers a dual-land-use solution by combining solar energy and crop cultivation. Some pioneering AV production systems have been implemented in practice. However, optimizing the PV technology and -array design as well as understanding the impact of PV panels on crop selection and performance remains challenging. Determining the best PV technology and minimizing shading's negative effects on crops can make or break an AV system. This multidisciplinary review combines the latest findings in AV research, PV array designs and module technologies. This review also compares the agronomic potential of various crops for AV and presents a meta-analysis of crop performance under varying shading conditions. Findings from this review indicate that (1) AV systems mainly rely on crystalline silicon (c-Si) cell technology, however, wavelength selective, or spectral shifting PV technologies and diffusion coatings or H2 panels provide future opportunities. (2) AV systems can boost land use efficiency. (3) Shading of crops in AV systems can lead to crop losses but can also provide shelter and enhance crop yield or quality in select climates. (4) Site-specific AV system design is essential to guarantee profitable operation.",,,Хильхенбах,,"1,73","1,73",Открытый грунт,,,Пшеница,,,,-45,,,5,"9,5",,,,,,,"194,4",,,80%,80%,,,,,,crop_farming,https://docs.google.com/spreadsheets/d/e/2PACX-1vSrhKbZjKkGqSytiGNDciKhx5LYm9bubt-WFqbuASR48nvkC8yEg16fZKnbRgXeMdNPSAVJbZlnw-Sc/pub?output=csv,30,,,,,,,,,,,,,,,,,,,,,,,,,,,,,,,,,,,,,,,,,,,,,,,,,,,,,,,,
10.1016/j.rser.2024.114515,A multidisciplinary view on agrivoltaics: Future of energy and agriculture,"The increasing global population amplifies the demand for food and energy. Meeting these demands should be a priority and aligned with the Sustainable Development Goals (SDGs). Photovoltaic (PV) systems are one of the key technologies for a sustainable energy transition. However, PV farms are space-intensive, conflicting with other land-uses such as agriculture. Agrivoltaics (AV) offers a dual-land-use solution by combining solar energy and crop cultivation. Some pioneering AV production systems have been implemented in practice. However, optimizing the PV technology and -array design as well as understanding the impact of PV panels on crop selection and performance remains challenging. Determining the best PV technology and minimizing shading's negative effects on crops can make or break an AV system. This multidisciplinary review combines the latest findings in AV research, PV array designs and module technologies. This review also compares the agronomic potential of various crops for AV and presents a meta-analysis of crop performance under varying shading conditions. Findings from this review indicate that (1) AV systems mainly rely on crystalline silicon (c-Si) cell technology, however, wavelength selective, or spectral shifting PV technologies and diffusion coatings or H2 panels provide future opportunities. (2) AV systems can boost land use efficiency. (3) Shading of crops in AV systems can lead to crop losses but can also provide shelter and enhance crop yield or quality in select climates. (4) Site-specific AV system design is essential to guarantee profitable operation.",,,Хильхенбах,,"1,73","1,73",Открытый грунт,,,Картофель,,,,-45,,,5,"9,5",,,,,,,"194,4",,,80%,80%,,,,,,crop_farming,https://docs.google.com/spreadsheets/d/e/2PACX-1vSrhKbZjKkGqSytiGNDciKhx5LYm9bubt-WFqbuASR48nvkC8yEg16fZKnbRgXeMdNPSAVJbZlnw-Sc/pub?output=csv,31,,,,,,,,,,,,,,,,,,,,,,,,,,,,,,,,,,,,,,,,,,,,,,,,,,,,,,,,
10.1016/j.rser.2024.114515,A multidisciplinary view on agrivoltaics: Future of energy and agriculture,"The increasing global population amplifies the demand for food and energy. Meeting these demands should be a priority and aligned with the Sustainable Development Goals (SDGs). Photovoltaic (PV) systems are one of the key technologies for a sustainable energy transition. However, PV farms are space-intensive, conflicting with other land-uses such as agriculture. Agrivoltaics (AV) offers a dual-land-use solution by combining solar energy and crop cultivation. Some pioneering AV production systems have been implemented in practice. However, optimizing the PV technology and -array design as well as understanding the impact of PV panels on crop selection and performance remains challenging. Determining the best PV technology and minimizing shading's negative effects on crops can make or break an AV system. This multidisciplinary review combines the latest findings in AV research, PV array designs and module technologies. This review also compares the agronomic potential of various crops for AV and presents a meta-analysis of crop performance under varying shading conditions. Findings from this review indicate that (1) AV systems mainly rely on crystalline silicon (c-Si) cell technology, however, wavelength selective, or spectral shifting PV technologies and diffusion coatings or H2 panels provide future opportunities. (2) AV systems can boost land use efficiency. (3) Shading of crops in AV systems can lead to crop losses but can also provide shelter and enhance crop yield or quality in select climates. (4) Site-specific AV system design is essential to guarantee profitable operation.",,,Хильхенбах,,"1,73","1,73",Открытый грунт,,,Сельдерей,,,,-45,,,5,"9,5",,,,,,,"194,4",,,80%,80%,,,,,,crop_farming,https://docs.google.com/spreadsheets/d/e/2PACX-1vSrhKbZjKkGqSytiGNDciKhx5LYm9bubt-WFqbuASR48nvkC8yEg16fZKnbRgXeMdNPSAVJbZlnw-Sc/pub?output=csv,32,,,,,,,,,,,,,,,,,,,,,,,,,,,,,,,,,,,,,,,,,,,,,,,,,,,,,,,,
10.1016/j.rser.2024.114515,A multidisciplinary view on agrivoltaics: Future of energy and agriculture,"The increasing global population amplifies the demand for food and energy. Meeting these demands should be a priority and aligned with the Sustainable Development Goals (SDGs). Photovoltaic (PV) systems are one of the key technologies for a sustainable energy transition. However, PV farms are space-intensive, conflicting with other land-uses such as agriculture. Agrivoltaics (AV) offers a dual-land-use solution by combining solar energy and crop cultivation. Some pioneering AV production systems have been implemented in practice. However, optimizing the PV technology and -array design as well as understanding the impact of PV panels on crop selection and performance remains challenging. Determining the best PV technology and minimizing shading's negative effects on crops can make or break an AV system. This multidisciplinary review combines the latest findings in AV research, PV array designs and module technologies. This review also compares the agronomic potential of various crops for AV and presents a meta-analysis of crop performance under varying shading conditions. Findings from this review indicate that (1) AV systems mainly rely on crystalline silicon (c-Si) cell technology, however, wavelength selective, or spectral shifting PV technologies and diffusion coatings or H2 panels provide future opportunities. (2) AV systems can boost land use efficiency. (3) Shading of crops in AV systems can lead to crop losses but can also provide shelter and enhance crop yield or quality in select climates. (4) Site-specific AV system design is essential to guarantee profitable operation.",,,Хильхенбах,,"1,73","1,73",Открытый грунт,,,Клевер,,,,-45,,,5,"9,5",,,,,,,"194,4",,,80%,80%,,,,,,crop_farming,https://docs.google.com/spreadsheets/d/e/2PACX-1vSrhKbZjKkGqSytiGNDciKhx5LYm9bubt-WFqbuASR48nvkC8yEg16fZKnbRgXeMdNPSAVJbZlnw-Sc/pub?output=csv,33,,,,,,,,,,,,,,,,,,,,,,,,,,,,,,,,,,,,,,,,,,,,,,,,,,,,,,,,
10.1016/j.rser.2024.114515,A multidisciplinary view on agrivoltaics: Future of energy and agriculture,"The increasing global population amplifies the demand for food and energy. Meeting these demands should be a priority and aligned with the Sustainable Development Goals (SDGs). Photovoltaic (PV) systems are one of the key technologies for a sustainable energy transition. However, PV farms are space-intensive, conflicting with other land-uses such as agriculture. Agrivoltaics (AV) offers a dual-land-use solution by combining solar energy and crop cultivation. Some pioneering AV production systems have been implemented in practice. However, optimizing the PV technology and -array design as well as understanding the impact of PV panels on crop selection and performance remains challenging. Determining the best PV technology and minimizing shading's negative effects on crops can make or break an AV system. This multidisciplinary review combines the latest findings in AV research, PV array designs and module technologies. This review also compares the agronomic potential of various crops for AV and presents a meta-analysis of crop performance under varying shading conditions. Findings from this review indicate that (1) AV systems mainly rely on crystalline silicon (c-Si) cell technology, however, wavelength selective, or spectral shifting PV technologies and diffusion coatings or H2 panels provide future opportunities. (2) AV systems can boost land use efficiency. (3) Shading of crops in AV systems can lead to crop losses but can also provide shelter and enhance crop yield or quality in select climates. (4) Site-specific AV system design is essential to guarantee profitable operation.",,,Нидерланды,,"1,64","1,64",Открытый грунт,,,Малина,,,,0,,,,,,,,,,,,,,95%,95%,,,,,,crop_farming,https://docs.google.com/spreadsheets/d/e/2PACX-1vSrhKbZjKkGqSytiGNDciKhx5LYm9bubt-WFqbuASR48nvkC8yEg16fZKnbRgXeMdNPSAVJbZlnw-Sc/pub?output=csv,34,,,,,,,,,,,,,,,,,,,,,,,,,,,,,,,,,,,,,,,,,,,,,,,,,,,,,,,,
10.1016/j.heliyon.2023.e17824,A non-traditional Agrophotovoltaic installation and its impact on cereal crops: A case of the BRRI-33 rice variety in Bangladesh,"Traditional Agrophotovoltaic (APV) installation (i.e., basic row layout with minimum or no usage of the space underneath the solar PV panels) is responsible for a vast amount of agricultural land waste as no regular crops are grown under the shade of APV. Bangladesh is no exception to this trend. A primary in-person survey of about 50 solar irrigation pumps (SIPs), i.e., APVs, in Bangladesh, shows that on average, 13.77 decimal or 7,200 sq.ft. of land is used for each APV system installation. If 10,000 SIPs are installed by 2027 in Bangladesh, as targeted by the government through Infrastructure Development Company Limited (IDCOL) by employing the same procedure, the land wastage would be 1,652 acres. Notably, this is a critical issue for a country like Bangladesh with a scarcity of agricultural lands. According to World Bank data, agricultural land in Bangladesh was about 80% in 1989 and reduced to 76% in 2020 due to population growth and urbanization. Therefore, to reduce agricultural land waste a non-traditional APV installation procedure, along with its shading impact on the BRRI-33 rice variety (a major crop in Bangladesh), has been investigated in this study. The results show that discontinuous sunlight has an insignificant impact on BRRI-33 rice production, and APV might be installed in the cultivating area for irrigation purposes. This non-traditional APV installation has a statistically insignificant impact on rice yield. For instance, the 100 grains’ yield variation was between 1.45 and 4.82%, which is insignificant. Additionally, the APV shade does not negatively impact soil pH level, and shadow helps keep the soil temperature low and ensures less irrigation. Hence, the proposed non-traditional APV installation could achieve sustainable agriculture and energy development through efficient land use at least in the case of the BRRI-33 rice variety.",25.08.2022,16.02.2022,Магура,,,,Открытый грунт,Равномерное орошение,,Рис BRRI-33,,,,0,23,,4,,,,,,,,,,,102%,102%,,,,,Вместо реальных панелей использовался макет из бамбука и полиэтелена.,crop_farming,https://docs.google.com/spreadsheets/d/e/2PACX-1vSrhKbZjKkGqSytiGNDciKhx5LYm9bubt-WFqbuASR48nvkC8yEg16fZKnbRgXeMdNPSAVJbZlnw-Sc/pub?output=csv,35,,,,,,,,,,,,,,,,,,,,,,,,,,,,,,,,,,,,,,,,,,,,,,,,,,,,,,,,
10.3390/en12132589,A Photovoltaic Greenhouse with Variable Shading for the Optimization of Agricultural and Energy Production,"The cultivation of plants in greenhouses currently plays a role of primary importance in modern agriculture, both for the value obtained with the products made and because it favors the development of highly innovative technologies and production techniques. An intense research effort in the field of energy production from renewable sources has increasingly led to the development of greenhouses which are partially covered by photovoltaic elements. The purpose of this study is to present the potentiality of an innovative prototype photovoltaic greenhouse with variable shading to optimize energy production by photovoltaic panels and agricultural production. With this prototype, it is possible to vary the shading inside the greenhouse by panel rotation, in relation to the climatic conditions external to the greenhouse. An analysis was made for the solar radiation available during the year, for cases of completely clear sky and partial cloud, by considering the 15th day of each month. In this paper, the results show how the shading variation enabled regulation of the internal radiation, choosing the minimum value of necessary radiation, because the internal microclimatic parameters must be compatible with the needs of the plant species grown in the greenhouses.",,,Витербо,"9,13",,,Теплица,,,Томат,,,,0,78,,,,,,,700,1225,400,,,,,,,,,,,crop_farming,https://docs.google.com/spreadsheets/d/e/2PACX-1vSrhKbZjKkGqSytiGNDciKhx5LYm9bubt-WFqbuASR48nvkC8yEg16fZKnbRgXeMdNPSAVJbZlnw-Sc/pub?output=csv,36,,,,,,,,,,,,,,,,,,,,,,,,,,,,,,,,,,,,,,,,,,,,,,,,,,,,,,,,
10.3390/en12132589,A Photovoltaic Greenhouse with Variable Shading for the Optimization of Agricultural and Energy Production,"The cultivation of plants in greenhouses currently plays a role of primary importance in modern agriculture, both for the value obtained with the products made and because it favors the development of highly innovative technologies and production techniques. An intense research effort in the field of energy production from renewable sources has increasingly led to the development of greenhouses which are partially covered by photovoltaic elements. The purpose of this study is to present the potentiality of an innovative prototype photovoltaic greenhouse with variable shading to optimize energy production by photovoltaic panels and agricultural production. With this prototype, it is possible to vary the shading inside the greenhouse by panel rotation, in relation to the climatic conditions external to the greenhouse. An analysis was made for the solar radiation available during the year, for cases of completely clear sky and partial cloud, by considering the 15th day of each month. In this paper, the results show how the shading variation enabled regulation of the internal radiation, choosing the minimum value of necessary radiation, because the internal microclimatic parameters must be compatible with the needs of the plant species grown in the greenhouses.",,,Витербо,"9,13",,,Теплица,,,Салат-латук,,,,0,78,,,,,,,700,1225,400,,,,,,,,,,,crop_farming,https://docs.google.com/spreadsheets/d/e/2PACX-1vSrhKbZjKkGqSytiGNDciKhx5LYm9bubt-WFqbuASR48nvkC8yEg16fZKnbRgXeMdNPSAVJbZlnw-Sc/pub?output=csv,37,,,,,,,,,,,,,,,,,,,,,,,,,,,,,,,,,,,,,,,,,,,,,,,,,,,,,,,,
10.3390/en12132589,A Photovoltaic Greenhouse with Variable Shading for the Optimization of Agricultural and Energy Production,"The cultivation of plants in greenhouses currently plays a role of primary importance in modern agriculture, both for the value obtained with the products made and because it favors the development of highly innovative technologies and production techniques. An intense research effort in the field of energy production from renewable sources has increasingly led to the development of greenhouses which are partially covered by photovoltaic elements. The purpose of this study is to present the potentiality of an innovative prototype photovoltaic greenhouse with variable shading to optimize energy production by photovoltaic panels and agricultural production. With this prototype, it is possible to vary the shading inside the greenhouse by panel rotation, in relation to the climatic conditions external to the greenhouse. An analysis was made for the solar radiation available during the year, for cases of completely clear sky and partial cloud, by considering the 15th day of each month. In this paper, the results show how the shading variation enabled regulation of the internal radiation, choosing the minimum value of necessary radiation, because the internal microclimatic parameters must be compatible with the needs of the plant species grown in the greenhouses.",,,Витербо,"9,13",,,Теплица,,,Руккола,,,,0,78,,,,,,,700,1225,400,,,,,,,,,,,crop_farming,https://docs.google.com/spreadsheets/d/e/2PACX-1vSrhKbZjKkGqSytiGNDciKhx5LYm9bubt-WFqbuASR48nvkC8yEg16fZKnbRgXeMdNPSAVJbZlnw-Sc/pub?output=csv,38,,,,,,,,,,,,,,,,,,,,,,,,,,,,,,,,,,,,,,,,,,,,,,,,,,,,,,,,
10.3390/en12132589,A Photovoltaic Greenhouse with Variable Shading for the Optimization of Agricultural and Energy Production,"The cultivation of plants in greenhouses currently plays a role of primary importance in modern agriculture, both for the value obtained with the products made and because it favors the development of highly innovative technologies and production techniques. An intense research effort in the field of energy production from renewable sources has increasingly led to the development of greenhouses which are partially covered by photovoltaic elements. The purpose of this study is to present the potentiality of an innovative prototype photovoltaic greenhouse with variable shading to optimize energy production by photovoltaic panels and agricultural production. With this prototype, it is possible to vary the shading inside the greenhouse by panel rotation, in relation to the climatic conditions external to the greenhouse. An analysis was made for the solar radiation available during the year, for cases of completely clear sky and partial cloud, by considering the 15th day of each month. In this paper, the results show how the shading variation enabled regulation of the internal radiation, choosing the minimum value of necessary radiation, because the internal microclimatic parameters must be compatible with the needs of the plant species grown in the greenhouses.",,,Витербо,"9,13",,,Теплица,,,Лук-батун,,,,0,78,,,,,,,700,1225,400,,,,,,,,,,,crop_farming,https://docs.google.com/spreadsheets/d/e/2PACX-1vSrhKbZjKkGqSytiGNDciKhx5LYm9bubt-WFqbuASR48nvkC8yEg16fZKnbRgXeMdNPSAVJbZlnw-Sc/pub?output=csv,39,,,,,,,,,,,,,,,,,,,,,,,,,,,,,,,,,,,,,,,,,,,,,,,,,,,,,,,,
10.52825/agripv.v3i.1403,A Public-Private Partnership to Develop Agrivoltaics in the US Midwest,"The expansion of solar energy at a utility scale in the Midwest of the USA will include land currently being used for farming.  This development does not have to remove this land from agricultural use, if agrivoltaic practices are considered.  However, there is a lack of data and recommendations for how solar facilities can be used for agricultural purposes. To address this gap, Iowa State University (ISU) and Alliant Energy have entered into a public-private partnership to explore the agronomic, economic and social aspects of agrivoltaic practices. This partnership models future interactions between landowner and utility companies interested in siting solar farms on land currently used for agricultural purposes. In this presentation, we describe how this partnership was developed and led to the construction of a solar farm that can measure both the value of crop production and the impact of understory vegetation on energy production. Through a series of meetings with Alliant Energy representatives and faculty at ISU, a site design was implemented, officially titled the Alliant Energy Solar Farm at Iowa State University. We summarize preliminary results from our initial field season, noting how a common vegetable crop, summer squash, was produced and responded to the conditions at this solar farm.",01.09.2023,,Айова,40400,,,Открытый грунт,Равномерное орошение,Средняя,Кабачок,"0,61",,,,,,"1,52",,,,,,,,,,,,128%,,,,,"Документ является описанием начального этапа многолетнего исследовательского проекта, поэтому многие технические и итоговые данные (такие как выработка энергии, LER, PAR) еще не представлены или находятся в процессе сбора. Для получения некоторых отсутствующих данных (например, угла наклона фиксированных панелей, шага между панелями) может потребоваться обращение к авторам или дополнительным техническим отчетам.",crop_farming,https://docs.google.com/spreadsheets/d/e/2PACX-1vSrhKbZjKkGqSytiGNDciKhx5LYm9bubt-WFqbuASR48nvkC8yEg16fZKnbRgXeMdNPSAVJbZlnw-Sc/pub?output=csv,40,,,,,,,,,,,,,,,,,,,,,,,,,,,,,,,,,,,,,,,,,,,,,,,,,,,,,,,,
10.52825/agripv.v3i.1403,A Public-Private Partnership to Develop Agrivoltaics in the US Midwest,"The expansion of solar energy at a utility scale in the Midwest of the USA will include land currently being used for farming.  This development does not have to remove this land from agricultural use, if agrivoltaic practices are considered.  However, there is a lack of data and recommendations for how solar facilities can be used for agricultural purposes. To address this gap, Iowa State University (ISU) and Alliant Energy have entered into a public-private partnership to explore the agronomic, economic and social aspects of agrivoltaic practices. This partnership models future interactions between landowner and utility companies interested in siting solar farms on land currently used for agricultural purposes. In this presentation, we describe how this partnership was developed and led to the construction of a solar farm that can measure both the value of crop production and the impact of understory vegetation on energy production. Through a series of meetings with Alliant Energy representatives and faculty at ISU, a site design was implemented, officially titled the Alliant Energy Solar Farm at Iowa State University. We summarize preliminary results from our initial field season, noting how a common vegetable crop, summer squash, was produced and responded to the conditions at this solar farm.",01.09.2023,,Айова,40400,,,Открытый грунт,Равномерное орошение,Средняя,Кабачок,"0,61",,,,,,"2,44",,,,,,,,,,,,128%,,,,,"Документ является описанием начального этапа многолетнего исследовательского проекта, поэтому многие технические и итоговые данные (такие как выработка энергии, LER, PAR) еще не представлены или находятся в процессе сбора. Для получения некоторых отсутствующих данных (например, угла наклона фиксированных панелей, шага между панелями) может потребоваться обращение к авторам или дополнительным техническим отчетам.",crop_farming,https://docs.google.com/spreadsheets/d/e/2PACX-1vSrhKbZjKkGqSytiGNDciKhx5LYm9bubt-WFqbuASR48nvkC8yEg16fZKnbRgXeMdNPSAVJbZlnw-Sc/pub?output=csv,41,,,,,,,,,,,,,,,,,,,,,,,,,,,,,,,,,,,,,,,,,,,,,,,,,,,,,,,,
10.52825/agripv.v3i.1403,A Public-Private Partnership to Develop Agrivoltaics in the US Midwest,"The expansion of solar energy at a utility scale in the Midwest of the USA will include land currently being used for farming.  This development does not have to remove this land from agricultural use, if agrivoltaic practices are considered.  However, there is a lack of data and recommendations for how solar facilities can be used for agricultural purposes. To address this gap, Iowa State University (ISU) and Alliant Energy have entered into a public-private partnership to explore the agronomic, economic and social aspects of agrivoltaic practices. This partnership models future interactions between landowner and utility companies interested in siting solar farms on land currently used for agricultural purposes. In this presentation, we describe how this partnership was developed and led to the construction of a solar farm that can measure both the value of crop production and the impact of understory vegetation on energy production. Through a series of meetings with Alliant Energy representatives and faculty at ISU, a site design was implemented, officially titled the Alliant Energy Solar Farm at Iowa State University. We summarize preliminary results from our initial field season, noting how a common vegetable crop, summer squash, was produced and responded to the conditions at this solar farm.",01.09.2023,,Айова,40400,,,Открытый грунт,Равномерное орошение,Средняя,Кабачок,"0,61",,,,,,"0,762",,,,,,,,,,,,128%,,,,,"Документ является описанием начального этапа многолетнего исследовательского проекта, поэтому многие технические и итоговые данные (такие как выработка энергии, LER, PAR) еще не представлены или находятся в процессе сбора. Для получения некоторых отсутствующих данных (например, угла наклона фиксированных панелей, шага между панелями) может потребоваться обращение к авторам или дополнительным техническим отчетам.",crop_farming,https://docs.google.com/spreadsheets/d/e/2PACX-1vSrhKbZjKkGqSytiGNDciKhx5LYm9bubt-WFqbuASR48nvkC8yEg16fZKnbRgXeMdNPSAVJbZlnw-Sc/pub?output=csv,42,,,,,,,,,,,,,,,,,,,,,,,,,,,,,,,,,,,,,,,,,,,,,,,,,,,,,,,,
10.52825/agripv.v3i.1403,A Public-Private Partnership to Develop Agrivoltaics in the US Midwest,"The expansion of solar energy at a utility scale in the Midwest of the USA will include land currently being used for farming.  This development does not have to remove this land from agricultural use, if agrivoltaic practices are considered.  However, there is a lack of data and recommendations for how solar facilities can be used for agricultural purposes. To address this gap, Iowa State University (ISU) and Alliant Energy have entered into a public-private partnership to explore the agronomic, economic and social aspects of agrivoltaic practices. This partnership models future interactions between landowner and utility companies interested in siting solar farms on land currently used for agricultural purposes. In this presentation, we describe how this partnership was developed and led to the construction of a solar farm that can measure both the value of crop production and the impact of understory vegetation on energy production. Through a series of meetings with Alliant Energy representatives and faculty at ISU, a site design was implemented, officially titled the Alliant Energy Solar Farm at Iowa State University. We summarize preliminary results from our initial field season, noting how a common vegetable crop, summer squash, was produced and responded to the conditions at this solar farm.",01.09.2023,,Айова,40400,,,Открытый грунт,Равномерное орошение,Средняя,Кабачок,"0,61",,,,,,"1,68",,,,,,,,,,,,128%,,,,,"Документ является описанием начального этапа многолетнего исследовательского проекта, поэтому многие технические и итоговые данные (такие как выработка энергии, LER, PAR) еще не представлены или находятся в процессе сбора. Для получения некоторых отсутствующих данных (например, угла наклона фиксированных панелей, шага между панелями) может потребоваться обращение к авторам или дополнительным техническим отчетам.",crop_farming,https://docs.google.com/spreadsheets/d/e/2PACX-1vSrhKbZjKkGqSytiGNDciKhx5LYm9bubt-WFqbuASR48nvkC8yEg16fZKnbRgXeMdNPSAVJbZlnw-Sc/pub?output=csv,43,,,,,,,,,,,,,,,,,,,,,,,,,,,,,,,,,,,,,,,,,,,,,,,,,,,,,,,,
10.52825/agripv.v3i.1403,A Public-Private Partnership to Develop Agrivoltaics in the US Midwest,"The expansion of solar energy at a utility scale in the Midwest of the USA will include land currently being used for farming.  This development does not have to remove this land from agricultural use, if agrivoltaic practices are considered.  However, there is a lack of data and recommendations for how solar facilities can be used for agricultural purposes. To address this gap, Iowa State University (ISU) and Alliant Energy have entered into a public-private partnership to explore the agronomic, economic and social aspects of agrivoltaic practices. This partnership models future interactions between landowner and utility companies interested in siting solar farms on land currently used for agricultural purposes. In this presentation, we describe how this partnership was developed and led to the construction of a solar farm that can measure both the value of crop production and the impact of understory vegetation on energy production. Through a series of meetings with Alliant Energy representatives and faculty at ISU, a site design was implemented, officially titled the Alliant Energy Solar Farm at Iowa State University. We summarize preliminary results from our initial field season, noting how a common vegetable crop, summer squash, was produced and responded to the conditions at this solar farm.",01.09.2023,,Айова,40400,,,Открытый грунт,Равномерное орошение,Средняя,Брокколи,,,,,,,,,,,,,,,,,,,,,,,,"Документ является описанием начального этапа многолетнего исследовательского проекта, поэтому многие технические и итоговые данные (такие как выработка энергии, LER, PAR) еще не представлены или находятся в процессе сбора. Для получения некоторых отсутствующих данных (например, угла наклона фиксированных панелей, шага между панелями) может потребоваться обращение к авторам или дополнительным техническим отчетам.",crop_farming,https://docs.google.com/spreadsheets/d/e/2PACX-1vSrhKbZjKkGqSytiGNDciKhx5LYm9bubt-WFqbuASR48nvkC8yEg16fZKnbRgXeMdNPSAVJbZlnw-Sc/pub?output=csv,44,,,,,,,,,,,,,,,,,,,,,,,,,,,,,,,,,,,,,,,,,,,,,,,,,,,,,,,,
10.52825/agripv.v3i.1403,A Public-Private Partnership to Develop Agrivoltaics in the US Midwest,"The expansion of solar energy at a utility scale in the Midwest of the USA will include land currently being used for farming.  This development does not have to remove this land from agricultural use, if agrivoltaic practices are considered.  However, there is a lack of data and recommendations for how solar facilities can be used for agricultural purposes. To address this gap, Iowa State University (ISU) and Alliant Energy have entered into a public-private partnership to explore the agronomic, economic and social aspects of agrivoltaic practices. This partnership models future interactions between landowner and utility companies interested in siting solar farms on land currently used for agricultural purposes. In this presentation, we describe how this partnership was developed and led to the construction of a solar farm that can measure both the value of crop production and the impact of understory vegetation on energy production. Through a series of meetings with Alliant Energy representatives and faculty at ISU, a site design was implemented, officially titled the Alliant Energy Solar Farm at Iowa State University. We summarize preliminary results from our initial field season, noting how a common vegetable crop, summer squash, was produced and responded to the conditions at this solar farm.",01.09.2023,,Айова,40400,,,Открытый грунт,Равномерное орошение,Средняя,Сладкий перец,,,,,,,,,,,,,,,,,,,,,,,,"Документ является описанием начального этапа многолетнего исследовательского проекта, поэтому многие технические и итоговые данные (такие как выработка энергии, LER, PAR) еще не представлены или находятся в процессе сбора. Для получения некоторых отсутствующих данных (например, угла наклона фиксированных панелей, шага между панелями) может потребоваться обращение к авторам или дополнительным техническим отчетам.",crop_farming,https://docs.google.com/spreadsheets/d/e/2PACX-1vSrhKbZjKkGqSytiGNDciKhx5LYm9bubt-WFqbuASR48nvkC8yEg16fZKnbRgXeMdNPSAVJbZlnw-Sc/pub?output=csv,45,,,,,,,,,,,,,,,,,,,,,,,,,,,,,,,,,,,,,,,,,,,,,,,,,,,,,,,,
10.52825/agripv.v3i.1403,A Public-Private Partnership to Develop Agrivoltaics in the US Midwest,"The expansion of solar energy at a utility scale in the Midwest of the USA will include land currently being used for farming.  This development does not have to remove this land from agricultural use, if agrivoltaic practices are considered.  However, there is a lack of data and recommendations for how solar facilities can be used for agricultural purposes. To address this gap, Iowa State University (ISU) and Alliant Energy have entered into a public-private partnership to explore the agronomic, economic and social aspects of agrivoltaic practices. This partnership models future interactions between landowner and utility companies interested in siting solar farms on land currently used for agricultural purposes. In this presentation, we describe how this partnership was developed and led to the construction of a solar farm that can measure both the value of crop production and the impact of understory vegetation on energy production. Through a series of meetings with Alliant Energy representatives and faculty at ISU, a site design was implemented, officially titled the Alliant Energy Solar Farm at Iowa State University. We summarize preliminary results from our initial field season, noting how a common vegetable crop, summer squash, was produced and responded to the conditions at this solar farm.",01.09.2023,,Айова,40400,,,Открытый грунт,Равномерное орошение,Средняя,Малина без шипов,,,,,,,,,,,,,,,,,,,,,,,,"Документ является описанием начального этапа многолетнего исследовательского проекта, поэтому многие технические и итоговые данные (такие как выработка энергии, LER, PAR) еще не представлены или находятся в процессе сбора. Для получения некоторых отсутствующих данных (например, угла наклона фиксированных панелей, шага между панелями) может потребоваться обращение к авторам или дополнительным техническим отчетам.",crop_farming,https://docs.google.com/spreadsheets/d/e/2PACX-1vSrhKbZjKkGqSytiGNDciKhx5LYm9bubt-WFqbuASR48nvkC8yEg16fZKnbRgXeMdNPSAVJbZlnw-Sc/pub?output=csv,46,,,,,,,,,,,,,,,,,,,,,,,,,,,,,,,,,,,,,,,,,,,,,,,,,,,,,,,,
10.52825/agripv.v3i.1403,A Public-Private Partnership to Develop Agrivoltaics in the US Midwest,"The expansion of solar energy at a utility scale in the Midwest of the USA will include land currently being used for farming.  This development does not have to remove this land from agricultural use, if agrivoltaic practices are considered.  However, there is a lack of data and recommendations for how solar facilities can be used for agricultural purposes. To address this gap, Iowa State University (ISU) and Alliant Energy have entered into a public-private partnership to explore the agronomic, economic and social aspects of agrivoltaic practices. This partnership models future interactions between landowner and utility companies interested in siting solar farms on land currently used for agricultural purposes. In this presentation, we describe how this partnership was developed and led to the construction of a solar farm that can measure both the value of crop production and the impact of understory vegetation on energy production. Through a series of meetings with Alliant Energy representatives and faculty at ISU, a site design was implemented, officially titled the Alliant Energy Solar Farm at Iowa State University. We summarize preliminary results from our initial field season, noting how a common vegetable crop, summer squash, was produced and responded to the conditions at this solar farm.",01.09.2023,,Айова,40400,,,Открытый грунт,Равномерное орошение,Средняя,Нейтрально-дневная клубника,,,,,,,,,,,,,,,,,,,,,,,,"Документ является описанием начального этапа многолетнего исследовательского проекта, поэтому многие технические и итоговые данные (такие как выработка энергии, LER, PAR) еще не представлены или находятся в процессе сбора. Для получения некоторых отсутствующих данных (например, угла наклона фиксированных панелей, шага между панелями) может потребоваться обращение к авторам или дополнительным техническим отчетам.",crop_farming,https://docs.google.com/spreadsheets/d/e/2PACX-1vSrhKbZjKkGqSytiGNDciKhx5LYm9bubt-WFqbuASR48nvkC8yEg16fZKnbRgXeMdNPSAVJbZlnw-Sc/pub?output=csv,47,,,,,,,,,,,,,,,,,,,,,,,,,,,,,,,,,,,,,,,,,,,,,,,,,,,,,,,,
10.52825/agripv.v3i.1403,A Public-Private Partnership to Develop Agrivoltaics in the US Midwest,"The expansion of solar energy at a utility scale in the Midwest of the USA will include land currently being used for farming.  This development does not have to remove this land from agricultural use, if agrivoltaic practices are considered.  However, there is a lack of data and recommendations for how solar facilities can be used for agricultural purposes. To address this gap, Iowa State University (ISU) and Alliant Energy have entered into a public-private partnership to explore the agronomic, economic and social aspects of agrivoltaic practices. This partnership models future interactions between landowner and utility companies interested in siting solar farms on land currently used for agricultural purposes. In this presentation, we describe how this partnership was developed and led to the construction of a solar farm that can measure both the value of crop production and the impact of understory vegetation on energy production. Through a series of meetings with Alliant Energy representatives and faculty at ISU, a site design was implemented, officially titled the Alliant Energy Solar Farm at Iowa State University. We summarize preliminary results from our initial field season, noting how a common vegetable crop, summer squash, was produced and responded to the conditions at this solar farm.",01.09.2023,,Айова,40400,,,Открытый грунт,Равномерное орошение,Средняя,Смеси трав и медоносных растений,,,,,,,,,,,,,,,,,,,,,,,,"Документ является описанием начального этапа многолетнего исследовательского проекта, поэтому многие технические и итоговые данные (такие как выработка энергии, LER, PAR) еще не представлены или находятся в процессе сбора. Для получения некоторых отсутствующих данных (например, угла наклона фиксированных панелей, шага между панелями) может потребоваться обращение к авторам или дополнительным техническим отчетам.",crop_farming,https://docs.google.com/spreadsheets/d/e/2PACX-1vSrhKbZjKkGqSytiGNDciKhx5LYm9bubt-WFqbuASR48nvkC8yEg16fZKnbRgXeMdNPSAVJbZlnw-Sc/pub?output=csv,48,,,,,,,,,,,,,,,,,,,,,,,,,,,,,,,,,,,,,,,,,,,,,,,,,,,,,,,,
10.52825/agripv.v3i.1356,A Study of Agrivoltaics Peanut Production With Single-Axis Tracking Systems,"This study investigates the application of single-axis solar tracking systems in peanut production, a crucial crop for global food security and economic sustainability. The experiment was conducted at the FIT Solar Laboratory in Sorocaba, Brazil, from May to September 2023. Peanut plants were cultivated under two conditions: an Agrivoltaic system with bifacial solar modules with a single axis tracking system, and in a conventional agricultural setup. Key findings indicate that peanut biomass yield under Agrivoltaic systems was 17.02% lower than in traditional agricultural systems, primarily due to shading effects inherent to the dual-use configuration. Despite this reduction, the morpho-physiological parameters of peanut plants, including plant height (31.2 ± 1.5 cm), stem diameter (5.3 ± 0.3 mm), stomatal conductivity (0.24 ± 0.02 mol/m²·s), and chlorophyll index (34.6 ± 2.1 SPAD units), remained stable under the Agrivoltaic system, demonstrating the adaptability of peanut plants to lower light conditions. Photosynthetically active radiation (PAR) measurements varied significantly depending on the position under the trackers, with values ranging from 150 to 1,200 µmol/m²·s, reflecting the heterogeneity of light distribution. The Agrivoltaic system achieved an energy production of 2,354.82 kWh/kWp, reflecting a minimal deviation of 4.36% compared to the PV-only control system, which recorded 2,462.26 kWh/kWp. The Energy Performance Index (EPI) for the Agrivoltaic system was calculated at 0.96, demonstrating its efficiency in converting available solar energy under real-world conditions. This performance aligns with industry standards, underscoring the efficiency of single axis tracking systems in balancing agricultural and energy outputs.",22.05.2023,15.09.2023,Сорокаба,500,"0,3147","0,3147",Открытый грунт,Равномерное орошение,,Арахис IAC-385,,,CS3W-385PB-AG,0,,,"1,5","6,1",,,,,,,,,"2354,82","76,45%","76,45%",,,,,,crop_farming,https://docs.google.com/spreadsheets/d/e/2PACX-1vSrhKbZjKkGqSytiGNDciKhx5LYm9bubt-WFqbuASR48nvkC8yEg16fZKnbRgXeMdNPSAVJbZlnw-Sc/pub?output=csv,49,,,,,,,,,,,,,,,,,,,,,,,,,,,,,,,,,,,,,,,,,,,,,,,,,,,,,,,,
10.52825/agripv.v1i.632,Agri-Horti-PV Research System in North Rhine-Westphalia Including PV Trackers and Integrated Rainwater Harvesting,"We present a new Agri-Horti-PV system installed at the end of 2021 in the brown coal area of North Rhine-Westphalia near Jülich, Germany. The system contains different PV installations: Standard south oriented PV modules with a rainwater harvesting set up and east-west tracker modules, of which one is equipped with a rainwater harvesting setup. For the investigation of plant growth under the PV panels and on the reference areas without PV installations a novel rail system allowing for automatic camera movement is integrated in the Agri-Horti-PV park. Using the camera setup plant growth measurements with high spatio-temporal resolution will be possible. The scientific investigations of crop growth and the influence of variable shading conditions controlled by the tracking system started in the growth season of 2022. Here we present the technical details of the system as well as first results of an experiment carried out with faba beans, assessing impact of the Horti-PV system on growth dynamics and leaf morphology.",,,Юлих,1000,,,Открытый грунт,Неравномерное орошение,,Конские бобы Tiffany,,,,0,20,,"4,3",4,,,,,,,295,,,,,,,,,"Включает участки с различными покрытиями между панелями (противоградовая сетка, стеклянная крыша) для изучения управления водными ресурсами. Один участок полностью открыт для дождя. Сбор дождевой воды: интегрированная система для сбора и использования дождевой воды. Алгоритмы слежения с двойной целью: разрабатываются специальные алгоритмы для управления трекерами, которые балансируют между максимизацией производства электроэнергии и оптимизацией условий для роста сельскохозяйственных культур. Автоматизированная система фенотипирования: уникальная рельсовая система с камерами и датчиками для автоматического высокочастотного мониторинга роста растений с высоким пространственным разрешением. Комбинация агро- и хорти-ФЭП: платформа позволяет изучать как низкие (овощные), так и высокие (полевые) культуры на одной площадке. Скорость ежедневного роста растений в системе была ниже, чем на контрольном участке. Рост в зоне ""APV-closed"" (под панелями) значительно замедлился после 49 дней после посева, предположительно из-за нехватки воды и света. Морфология листьев (Specific Leaf Area - SLA): У растений под ФЭП (""APV-open"" и ""APV-closed"") удельная площадь листа (SLA) была выше, чем у контрольных растений. Более высокий SLA обычно указывает на адаптацию к условиям затенения.",crop_farming,https://docs.google.com/spreadsheets/d/e/2PACX-1vSrhKbZjKkGqSytiGNDciKhx5LYm9bubt-WFqbuASR48nvkC8yEg16fZKnbRgXeMdNPSAVJbZlnw-Sc/pub?output=csv,50,,,,,,,,,,,,,,,,,,,,,,,,,,,,,,,,,,,,,,,,,,,,,,,,,,,,,,,,
10.52825/agripv.v1i.632,Agri-Horti-PV Research System in North Rhine-Westphalia Including PV Trackers and Integrated Rainwater Harvesting,"We present a new Agri-Horti-PV system installed at the end of 2021 in the brown coal area of North Rhine-Westphalia near Jülich, Germany. The system contains different PV installations: Standard south oriented PV modules with a rainwater harvesting set up and east-west tracker modules, of which one is equipped with a rainwater harvesting setup. For the investigation of plant growth under the PV panels and on the reference areas without PV installations a novel rail system allowing for automatic camera movement is integrated in the Agri-Horti-PV park. Using the camera setup plant growth measurements with high spatio-temporal resolution will be possible. The scientific investigations of crop growth and the influence of variable shading conditions controlled by the tracking system started in the growth season of 2022. Here we present the technical details of the system as well as first results of an experiment carried out with faba beans, assessing impact of the Horti-PV system on growth dynamics and leaf morphology.",,,Юлих,1000,"0,33","0,33",Открытый грунт,Неравномерное орошение,,Конские бобы Tiffany,,,,,,,"5,75",11,,,,,,,295,,,,,,,,,"Трекер A (с сбором дождевой воды): модули установлены под углом друг к другу, образуя V-образную форму для сбора воды в желоб. Трекер B (традиционный): модули установлены плоско. Сбор дождевой воды: интегрированная система для сбора и использования дождевой воды. Алгоритмы слежения с двойной целью: разрабатываются специальные алгоритмы для управления трекерами, которые балансируют между максимизацией производства электроэнергии и оптимизацией условий для роста сельскохозяйственных культур. Автоматизированная система фенотипирования: уникальная рельсовая система с камерами и датчиками для автоматического высокочастотного мониторинга роста растений с высоким пространственным разрешением. Комбинация агро- и хорти-ФЭП: платформа позволяет изучать как низкие (овощные), так и высокие (полевые) культуры на одной площадке. Скорость ежедневного роста растений в системе была ниже, чем на контрольном участке. Рост в зоне ""APV-closed"" (под панелями) значительно замедлился после 49 дней после посева, предположительно из-за нехватки воды и света. Морфология листьев (Specific Leaf Area - SLA): У растений под ФЭП (""APV-open"" и ""APV-closed"") удельная площадь листа (SLA) была выше, чем у контрольных растений. Более высокий SLA обычно указывает на адаптацию к условиям затенения.",crop_farming,https://docs.google.com/spreadsheets/d/e/2PACX-1vSrhKbZjKkGqSytiGNDciKhx5LYm9bubt-WFqbuASR48nvkC8yEg16fZKnbRgXeMdNPSAVJbZlnw-Sc/pub?output=csv,51,,,,,,,,,,,,,,,,,,,,,,,,,,,,,,,,,,,,,,,,,,,,,,,,,,,,,,,,
10.52825/agripv.v1i.607,"Agrivoltaic in a Semi-Aride Climate: Co-Existence of Agricultural Activities in Utility-Scale Plants of EGP for Multiple and Sustainable Land Use: A Case Study of Pepper, Aloe Vera and Thyme","The benefits deriving from the coexistence of energy production from a photovoltaic plant and crops growth on the same land have been investigated in Enel Green Power photovoltaic plant of Totana, in the semi-arid region of Murcia, in Spain. In this area, scarcity of water resources and high temperatures can have a major impact on production and agrivoltaic can be relevant for the potential benefits of shading on crops. Pepper “Bola”, aloe vera and thyme have been selected for their economic importance and adaptation to the conditions of the area. The results reported are related to the testing areas in the corridors between two modules rows and to the control area. For pepper, an increase of more than 60% in the agricultural yield and in fresh mean weight and of more than 30% for the fruits number have been observed in the corridors, with respect to the control area. For aloe and thyme in the corridor zone a higher plant biomass (more than 30% and 20%, respectively) has been recorded, compared to the control area. An increase of 11% in weight of the fresh biomass has also been detected for thyme in the corridor after about one year from the implementation. The results obtained in the first year have shown that the intermittent shade and microclimate generated by the photovoltaic panels in the corridor area could benefit pepper, aloe vera and thyme cultivation. These trials will continue in next crop cycles, to confirm the preliminary results.",31.03.2021,31.05.2022,Totana,45000,,,Открытый грунт,Равномерное орошение,Средняя,Перец Bola,,,,,,,,"5,5",,,"5,7",,,,,,,160%,160%,,,,,,crop_farming,https://docs.google.com/spreadsheets/d/e/2PACX-1vSrhKbZjKkGqSytiGNDciKhx5LYm9bubt-WFqbuASR48nvkC8yEg16fZKnbRgXeMdNPSAVJbZlnw-Sc/pub?output=csv,52,,,,,,,,,,,,,,,,,,,,,,,,,,,,,,,,,,,,,,,,,,,,,,,,,,,,,,,,
10.52825/agripv.v1i.607,"Agrivoltaic in a Semi-Aride Climate: Co-Existence of Agricultural Activities in Utility-Scale Plants of EGP for Multiple and Sustainable Land Use: A Case Study of Pepper, Aloe Vera and Thyme","The benefits deriving from the coexistence of energy production from a photovoltaic plant and crops growth on the same land have been investigated in Enel Green Power photovoltaic plant of Totana, in the semi-arid region of Murcia, in Spain. In this area, scarcity of water resources and high temperatures can have a major impact on production and agrivoltaic can be relevant for the potential benefits of shading on crops. Pepper “Bola”, aloe vera and thyme have been selected for their economic importance and adaptation to the conditions of the area. The results reported are related to the testing areas in the corridors between two modules rows and to the control area. For pepper, an increase of more than 60% in the agricultural yield and in fresh mean weight and of more than 30% for the fruits number have been observed in the corridors, with respect to the control area. For aloe and thyme in the corridor zone a higher plant biomass (more than 30% and 20%, respectively) has been recorded, compared to the control area. An increase of 11% in weight of the fresh biomass has also been detected for thyme in the corridor after about one year from the implementation. The results obtained in the first year have shown that the intermittent shade and microclimate generated by the photovoltaic panels in the corridor area could benefit pepper, aloe vera and thyme cultivation. These trials will continue in next crop cycles, to confirm the preliminary results.",31.03.2021,31.05.2022,Totana,45000,,,Открытый грунт,Равномерное орошение,Средняя,Алоэ вера,,,,,,,,"5,5",,,"5,7",,,,,,,130%,130%,,,,,,crop_farming,https://docs.google.com/spreadsheets/d/e/2PACX-1vSrhKbZjKkGqSytiGNDciKhx5LYm9bubt-WFqbuASR48nvkC8yEg16fZKnbRgXeMdNPSAVJbZlnw-Sc/pub?output=csv,53,,,,,,,,,,,,,,,,,,,,,,,,,,,,,,,,,,,,,,,,,,,,,,,,,,,,,,,,
10.52825/agripv.v1i.607,"Agrivoltaic in a Semi-Aride Climate: Co-Existence of Agricultural Activities in Utility-Scale Plants of EGP for Multiple and Sustainable Land Use: A Case Study of Pepper, Aloe Vera and Thyme","The benefits deriving from the coexistence of energy production from a photovoltaic plant and crops growth on the same land have been investigated in Enel Green Power photovoltaic plant of Totana, in the semi-arid region of Murcia, in Spain. In this area, scarcity of water resources and high temperatures can have a major impact on production and agrivoltaic can be relevant for the potential benefits of shading on crops. Pepper “Bola”, aloe vera and thyme have been selected for their economic importance and adaptation to the conditions of the area. The results reported are related to the testing areas in the corridors between two modules rows and to the control area. For pepper, an increase of more than 60% in the agricultural yield and in fresh mean weight and of more than 30% for the fruits number have been observed in the corridors, with respect to the control area. For aloe and thyme in the corridor zone a higher plant biomass (more than 30% and 20%, respectively) has been recorded, compared to the control area. An increase of 11% in weight of the fresh biomass has also been detected for thyme in the corridor after about one year from the implementation. The results obtained in the first year have shown that the intermittent shade and microclimate generated by the photovoltaic panels in the corridor area could benefit pepper, aloe vera and thyme cultivation. These trials will continue in next crop cycles, to confirm the preliminary results.",31.03.2021,31.05.2022,Totana,45000,,,Открытый грунт,Равномерное орошение,Средняя,Тимьян,,,,,,,,"5,5",,,"5,7",,,,,,,111%,120%,,,,,,crop_farming,https://docs.google.com/spreadsheets/d/e/2PACX-1vSrhKbZjKkGqSytiGNDciKhx5LYm9bubt-WFqbuASR48nvkC8yEg16fZKnbRgXeMdNPSAVJbZlnw-Sc/pub?output=csv,54,,,,,,,,,,,,,,,,,,,,,,,,,,,,,,,,,,,,,,,,,,,,,,,,,,,,,,,,
10.1016/j.seta.2017.08.004,Agrivoltaic potential on grape farms in India,"Aggressive growth of land-based solar photovoltaic (PV) farms can create a land use conflict with agricultural production. Fortunately, this issue can be resolved using the concept of agrivoltaics, which is co-development of land area for both solar PV and agriculture. To investigate and quantify PV generation potential, without significantly harming agriculture output, this study explores the viability of agrivoltaic farms deployment on existing grape farms in India. Considering the shade tolerance of grapes, an techno-economicanalysis is run for the installation of PV systems in the area available between the trellises on a grape farm. The electrical energy generation potential is determined per unit area and economic benefits for the cultivators is quantified over a number of design options. The results show the economic value of the grape farms deploying the proposed agrivoltaic systems may increase more than 15 times as compared to conventional farming, while maintaining approximately the same grape production. If this dual use of land is implemented nationwide, it can make a significant impact by generating over 16,000 GWh electricity, which has the potential of meeting the energy demands of more than 15 million people. In addition, grape-based agrivoltaics can be implemented in rural areas to enable village electrification.",,,Насик,4046,"0,26","0,26",Открытый грунт,Равномерное орошение,,Виноград,"1,8",,TSM-310-PD14,0,21,,,"1,8",,,"5,5",,,"41,68067227","168,64",259826,"1540,713947",100%,100%,,,,,,crop_farming,https://docs.google.com/spreadsheets/d/e/2PACX-1vSrhKbZjKkGqSytiGNDciKhx5LYm9bubt-WFqbuASR48nvkC8yEg16fZKnbRgXeMdNPSAVJbZlnw-Sc/pub?output=csv,55,,,,,,,,,,,,,,,,,,,,,,,,,,,,,,,,,,,,,,,,,,,,,,,,,,,,,,,,
10.1016/j.apenergy.2023.121130,Agrivoltaic system designing for sustainability and smart farming: Agronomic aspects and design criteria with safety assessment,"An agrivoltaic system (AVS) offers a potential strategy for meeting global demands for renewable energy and sustainability by integrating photovoltaics and agriculture. Many empirical studies have installed facilities and cultivated actual crops, revealing that AVSs improve land use efficiency. However, it is rare for actual end-users and farmsteads to adopt AVSs owing to a lack of standardised models and design criteria. In this study, we conducted a comprehensive AVS design considering agronomic aspects and structural safety along with an analysis of design criteria to promote the dissemination of AVSs. Based on the photovoltaic module arrangement and adjusting installation conditions, various design types were considered to reflect on-site conditions and user preferences. In addition, safety standards for disaster resistance and trade-offs among shading ratio, power generation capacity, and quantity of structural members were analysed. The safety assessment results demonstrated that the column of the AVS structure was vulnerable to wind loads, and the safety standards varied according to the adjusted column spacing. The narrower the column design, the more advantageous the safety and power generation and the more disadvantageous the crop cultivation environment and installation cost. The sequentially mounted type allowed relatively less solar radiation to reach the crop and generated more solar energy. When the modules were mounted at a distance, the structural safety was slightly reduced; however, more solar radiation and economic feasibility were secured. These results will support decision-making regarding AVS designs, help in identifying the sensitivity of crops to shading, and be utilised for the establishment of a standardised AVS model to promote dissemination.",,,Южная Корея,10000,"1,35","1,35",Открытый грунт,,,Салат-латук,"1,05",,,0,30,0,"3,8",4,"49,4%",,,,,"100,98","1009,8",,,80%,80%,,,,,,crop_farming,https://docs.google.com/spreadsheets/d/e/2PACX-1vSrhKbZjKkGqSytiGNDciKhx5LYm9bubt-WFqbuASR48nvkC8yEg16fZKnbRgXeMdNPSAVJbZlnw-Sc/pub?output=csv,56,,,,,,,,,,,,,,,,,,,,,,,,,,,,,,,,,,,,,,,,,,,,,,,,,,,,,,,,
10.1016/j.apenergy.2023.121130,Agrivoltaic system designing for sustainability and smart farming: Agronomic aspects and design criteria with safety assessment,"An agrivoltaic system (AVS) offers a potential strategy for meeting global demands for renewable energy and sustainability by integrating photovoltaics and agriculture. Many empirical studies have installed facilities and cultivated actual crops, revealing that AVSs improve land use efficiency. However, it is rare for actual end-users and farmsteads to adopt AVSs owing to a lack of standardised models and design criteria. In this study, we conducted a comprehensive AVS design considering agronomic aspects and structural safety along with an analysis of design criteria to promote the dissemination of AVSs. Based on the photovoltaic module arrangement and adjusting installation conditions, various design types were considered to reflect on-site conditions and user preferences. In addition, safety standards for disaster resistance and trade-offs among shading ratio, power generation capacity, and quantity of structural members were analysed. The safety assessment results demonstrated that the column of the AVS structure was vulnerable to wind loads, and the safety standards varied according to the adjusted column spacing. The narrower the column design, the more advantageous the safety and power generation and the more disadvantageous the crop cultivation environment and installation cost. The sequentially mounted type allowed relatively less solar radiation to reach the crop and generated more solar energy. When the modules were mounted at a distance, the structural safety was slightly reduced; however, more solar radiation and economic feasibility were secured. These results will support decision-making regarding AVS designs, help in identifying the sensitivity of crops to shading, and be utilised for the establishment of a standardised AVS model to promote dissemination.",,,Южная Корея,10000,"1,35","1,35",Открытый грунт,,,Салат-латук,"2,75",,,0,30,"0,09","3,8",4,"61,9%",,,,,"84,04","840,4",,,80%,80%,,,,,,crop_farming,https://docs.google.com/spreadsheets/d/e/2PACX-1vSrhKbZjKkGqSytiGNDciKhx5LYm9bubt-WFqbuASR48nvkC8yEg16fZKnbRgXeMdNPSAVJbZlnw-Sc/pub?output=csv,57,,,,,,,,,,,,,,,,,,,,,,,,,,,,,,,,,,,,,,,,,,,,,,,,,,,,,,,,
10.1016/j.apenergy.2023.121130,Agrivoltaic system designing for sustainability and smart farming: Agronomic aspects and design criteria with safety assessment,"An agrivoltaic system (AVS) offers a potential strategy for meeting global demands for renewable energy and sustainability by integrating photovoltaics and agriculture. Many empirical studies have installed facilities and cultivated actual crops, revealing that AVSs improve land use efficiency. However, it is rare for actual end-users and farmsteads to adopt AVSs owing to a lack of standardised models and design criteria. In this study, we conducted a comprehensive AVS design considering agronomic aspects and structural safety along with an analysis of design criteria to promote the dissemination of AVSs. Based on the photovoltaic module arrangement and adjusting installation conditions, various design types were considered to reflect on-site conditions and user preferences. In addition, safety standards for disaster resistance and trade-offs among shading ratio, power generation capacity, and quantity of structural members were analysed. The safety assessment results demonstrated that the column of the AVS structure was vulnerable to wind loads, and the safety standards varied according to the adjusted column spacing. The narrower the column design, the more advantageous the safety and power generation and the more disadvantageous the crop cultivation environment and installation cost. The sequentially mounted type allowed relatively less solar radiation to reach the crop and generated more solar energy. When the modules were mounted at a distance, the structural safety was slightly reduced; however, more solar radiation and economic feasibility were secured. These results will support decision-making regarding AVS designs, help in identifying the sensitivity of crops to shading, and be utilised for the establishment of a standardised AVS model to promote dissemination.",,,Южная Корея,10000,"1,35","1,35",Открытый грунт,,,Виноград,"1,05",,,0,30,0,"3,8",4,"49,4%",,,,,"100,98","1009,8",,,80%,80%,,,,,,crop_farming,https://docs.google.com/spreadsheets/d/e/2PACX-1vSrhKbZjKkGqSytiGNDciKhx5LYm9bubt-WFqbuASR48nvkC8yEg16fZKnbRgXeMdNPSAVJbZlnw-Sc/pub?output=csv,58,,,,,,,,,,,,,,,,,,,,,,,,,,,,,,,,,,,,,,,,,,,,,,,,,,,,,,,,
10.1016/j.apenergy.2023.121130,Agrivoltaic system designing for sustainability and smart farming: Agronomic aspects and design criteria with safety assessment,"An agrivoltaic system (AVS) offers a potential strategy for meeting global demands for renewable energy and sustainability by integrating photovoltaics and agriculture. Many empirical studies have installed facilities and cultivated actual crops, revealing that AVSs improve land use efficiency. However, it is rare for actual end-users and farmsteads to adopt AVSs owing to a lack of standardised models and design criteria. In this study, we conducted a comprehensive AVS design considering agronomic aspects and structural safety along with an analysis of design criteria to promote the dissemination of AVSs. Based on the photovoltaic module arrangement and adjusting installation conditions, various design types were considered to reflect on-site conditions and user preferences. In addition, safety standards for disaster resistance and trade-offs among shading ratio, power generation capacity, and quantity of structural members were analysed. The safety assessment results demonstrated that the column of the AVS structure was vulnerable to wind loads, and the safety standards varied according to the adjusted column spacing. The narrower the column design, the more advantageous the safety and power generation and the more disadvantageous the crop cultivation environment and installation cost. The sequentially mounted type allowed relatively less solar radiation to reach the crop and generated more solar energy. When the modules were mounted at a distance, the structural safety was slightly reduced; however, more solar radiation and economic feasibility were secured. These results will support decision-making regarding AVS designs, help in identifying the sensitivity of crops to shading, and be utilised for the establishment of a standardised AVS model to promote dissemination.",,,Южная Корея,10000,"1,35","1,35",Открытый грунт,,,Виноград,"2,75",,,0,30,"0,09","3,8",4,"61,9%",,,,,"84,04","840,4",,,80%,80%,,,,,,crop_farming,https://docs.google.com/spreadsheets/d/e/2PACX-1vSrhKbZjKkGqSytiGNDciKhx5LYm9bubt-WFqbuASR48nvkC8yEg16fZKnbRgXeMdNPSAVJbZlnw-Sc/pub?output=csv,59,,,,,,,,,,,,,,,,,,,,,,,,,,,,,,,,,,,,,,,,,,,,,,,,,,,,,,,,
10.1016/j.apenergy.2023.121130,Agrivoltaic system designing for sustainability and smart farming: Agronomic aspects and design criteria with safety assessment,"An agrivoltaic system (AVS) offers a potential strategy for meeting global demands for renewable energy and sustainability by integrating photovoltaics and agriculture. Many empirical studies have installed facilities and cultivated actual crops, revealing that AVSs improve land use efficiency. However, it is rare for actual end-users and farmsteads to adopt AVSs owing to a lack of standardised models and design criteria. In this study, we conducted a comprehensive AVS design considering agronomic aspects and structural safety along with an analysis of design criteria to promote the dissemination of AVSs. Based on the photovoltaic module arrangement and adjusting installation conditions, various design types were considered to reflect on-site conditions and user preferences. In addition, safety standards for disaster resistance and trade-offs among shading ratio, power generation capacity, and quantity of structural members were analysed. The safety assessment results demonstrated that the column of the AVS structure was vulnerable to wind loads, and the safety standards varied according to the adjusted column spacing. The narrower the column design, the more advantageous the safety and power generation and the more disadvantageous the crop cultivation environment and installation cost. The sequentially mounted type allowed relatively less solar radiation to reach the crop and generated more solar energy. When the modules were mounted at a distance, the structural safety was slightly reduced; however, more solar radiation and economic feasibility were secured. These results will support decision-making regarding AVS designs, help in identifying the sensitivity of crops to shading, and be utilised for the establishment of a standardised AVS model to promote dissemination.",,,Южная Корея,10000,"1,35","1,35",Открытый грунт,,,Салат-латук,"1,05",,,0,30,0,"3,8","4,5","54,725%",,,,,"92,565","925,65",,,80%,80%,,,,,,crop_farming,https://docs.google.com/spreadsheets/d/e/2PACX-1vSrhKbZjKkGqSytiGNDciKhx5LYm9bubt-WFqbuASR48nvkC8yEg16fZKnbRgXeMdNPSAVJbZlnw-Sc/pub?output=csv,60,,,,,,,,,,,,,,,,,,,,,,,,,,,,,,,,,,,,,,,,,,,,,,,,,,,,,,,,
10.1016/j.apenergy.2023.121130,Agrivoltaic system designing for sustainability and smart farming: Agronomic aspects and design criteria with safety assessment,"An agrivoltaic system (AVS) offers a potential strategy for meeting global demands for renewable energy and sustainability by integrating photovoltaics and agriculture. Many empirical studies have installed facilities and cultivated actual crops, revealing that AVSs improve land use efficiency. However, it is rare for actual end-users and farmsteads to adopt AVSs owing to a lack of standardised models and design criteria. In this study, we conducted a comprehensive AVS design considering agronomic aspects and structural safety along with an analysis of design criteria to promote the dissemination of AVSs. Based on the photovoltaic module arrangement and adjusting installation conditions, various design types were considered to reflect on-site conditions and user preferences. In addition, safety standards for disaster resistance and trade-offs among shading ratio, power generation capacity, and quantity of structural members were analysed. The safety assessment results demonstrated that the column of the AVS structure was vulnerable to wind loads, and the safety standards varied according to the adjusted column spacing. The narrower the column design, the more advantageous the safety and power generation and the more disadvantageous the crop cultivation environment and installation cost. The sequentially mounted type allowed relatively less solar radiation to reach the crop and generated more solar energy. When the modules were mounted at a distance, the structural safety was slightly reduced; however, more solar radiation and economic feasibility were secured. These results will support decision-making regarding AVS designs, help in identifying the sensitivity of crops to shading, and be utilised for the establishment of a standardised AVS model to promote dissemination.",,,Южная Корея,10000,"1,35","1,35",Открытый грунт,,,Салат-латук,"2,75",,,0,30,"0,09","3,8","4,5","65,075%",,,,,"77,0375","770,375",,,80%,80%,,,,,,crop_farming,https://docs.google.com/spreadsheets/d/e/2PACX-1vSrhKbZjKkGqSytiGNDciKhx5LYm9bubt-WFqbuASR48nvkC8yEg16fZKnbRgXeMdNPSAVJbZlnw-Sc/pub?output=csv,61,,,,,,,,,,,,,,,,,,,,,,,,,,,,,,,,,,,,,,,,,,,,,,,,,,,,,,,,
10.1016/j.apenergy.2023.121130,Agrivoltaic system designing for sustainability and smart farming: Agronomic aspects and design criteria with safety assessment,"An agrivoltaic system (AVS) offers a potential strategy for meeting global demands for renewable energy and sustainability by integrating photovoltaics and agriculture. Many empirical studies have installed facilities and cultivated actual crops, revealing that AVSs improve land use efficiency. However, it is rare for actual end-users and farmsteads to adopt AVSs owing to a lack of standardised models and design criteria. In this study, we conducted a comprehensive AVS design considering agronomic aspects and structural safety along with an analysis of design criteria to promote the dissemination of AVSs. Based on the photovoltaic module arrangement and adjusting installation conditions, various design types were considered to reflect on-site conditions and user preferences. In addition, safety standards for disaster resistance and trade-offs among shading ratio, power generation capacity, and quantity of structural members were analysed. The safety assessment results demonstrated that the column of the AVS structure was vulnerable to wind loads, and the safety standards varied according to the adjusted column spacing. The narrower the column design, the more advantageous the safety and power generation and the more disadvantageous the crop cultivation environment and installation cost. The sequentially mounted type allowed relatively less solar radiation to reach the crop and generated more solar energy. When the modules were mounted at a distance, the structural safety was slightly reduced; however, more solar radiation and economic feasibility were secured. These results will support decision-making regarding AVS designs, help in identifying the sensitivity of crops to shading, and be utilised for the establishment of a standardised AVS model to promote dissemination.",,,Южная Корея,10000,"1,35","1,35",Открытый грунт,,,Виноград,"1,05",,,0,30,0,"3,8","4,5","54,725%",,,,,"92,565","925,65",,,80%,80%,,,,,,crop_farming,https://docs.google.com/spreadsheets/d/e/2PACX-1vSrhKbZjKkGqSytiGNDciKhx5LYm9bubt-WFqbuASR48nvkC8yEg16fZKnbRgXeMdNPSAVJbZlnw-Sc/pub?output=csv,62,,,,,,,,,,,,,,,,,,,,,,,,,,,,,,,,,,,,,,,,,,,,,,,,,,,,,,,,
10.1016/j.apenergy.2023.121130,Agrivoltaic system designing for sustainability and smart farming: Agronomic aspects and design criteria with safety assessment,"An agrivoltaic system (AVS) offers a potential strategy for meeting global demands for renewable energy and sustainability by integrating photovoltaics and agriculture. Many empirical studies have installed facilities and cultivated actual crops, revealing that AVSs improve land use efficiency. However, it is rare for actual end-users and farmsteads to adopt AVSs owing to a lack of standardised models and design criteria. In this study, we conducted a comprehensive AVS design considering agronomic aspects and structural safety along with an analysis of design criteria to promote the dissemination of AVSs. Based on the photovoltaic module arrangement and adjusting installation conditions, various design types were considered to reflect on-site conditions and user preferences. In addition, safety standards for disaster resistance and trade-offs among shading ratio, power generation capacity, and quantity of structural members were analysed. The safety assessment results demonstrated that the column of the AVS structure was vulnerable to wind loads, and the safety standards varied according to the adjusted column spacing. The narrower the column design, the more advantageous the safety and power generation and the more disadvantageous the crop cultivation environment and installation cost. The sequentially mounted type allowed relatively less solar radiation to reach the crop and generated more solar energy. When the modules were mounted at a distance, the structural safety was slightly reduced; however, more solar radiation and economic feasibility were secured. These results will support decision-making regarding AVS designs, help in identifying the sensitivity of crops to shading, and be utilised for the establishment of a standardised AVS model to promote dissemination.",,,Южная Корея,10000,"1,35","1,35",Открытый грунт,,,Виноград,"2,75",,,0,30,"0,09","3,8","4,5","65,075%",,,,,"77,0375","770,375",,,80%,80%,,,,,,crop_farming,https://docs.google.com/spreadsheets/d/e/2PACX-1vSrhKbZjKkGqSytiGNDciKhx5LYm9bubt-WFqbuASR48nvkC8yEg16fZKnbRgXeMdNPSAVJbZlnw-Sc/pub?output=csv,63,,,,,,,,,,,,,,,,,,,,,,,,,,,,,,,,,,,,,,,,,,,,,,,,,,,,,,,,
10.1016/j.apenergy.2023.121130,Agrivoltaic system designing for sustainability and smart farming: Agronomic aspects and design criteria with safety assessment,"An agrivoltaic system (AVS) offers a potential strategy for meeting global demands for renewable energy and sustainability by integrating photovoltaics and agriculture. Many empirical studies have installed facilities and cultivated actual crops, revealing that AVSs improve land use efficiency. However, it is rare for actual end-users and farmsteads to adopt AVSs owing to a lack of standardised models and design criteria. In this study, we conducted a comprehensive AVS design considering agronomic aspects and structural safety along with an analysis of design criteria to promote the dissemination of AVSs. Based on the photovoltaic module arrangement and adjusting installation conditions, various design types were considered to reflect on-site conditions and user preferences. In addition, safety standards for disaster resistance and trade-offs among shading ratio, power generation capacity, and quantity of structural members were analysed. The safety assessment results demonstrated that the column of the AVS structure was vulnerable to wind loads, and the safety standards varied according to the adjusted column spacing. The narrower the column design, the more advantageous the safety and power generation and the more disadvantageous the crop cultivation environment and installation cost. The sequentially mounted type allowed relatively less solar radiation to reach the crop and generated more solar energy. When the modules were mounted at a distance, the structural safety was slightly reduced; however, more solar radiation and economic feasibility were secured. These results will support decision-making regarding AVS designs, help in identifying the sensitivity of crops to shading, and be utilised for the establishment of a standardised AVS model to promote dissemination.",,,Южная Корея,10000,"1,35","1,35",Открытый грунт,,,Салат-латук,"1,05",,,0,30,0,"3,8",5,"58,85%",,,,,"84,15","841,5",,,80%,80%,,,,,,crop_farming,https://docs.google.com/spreadsheets/d/e/2PACX-1vSrhKbZjKkGqSytiGNDciKhx5LYm9bubt-WFqbuASR48nvkC8yEg16fZKnbRgXeMdNPSAVJbZlnw-Sc/pub?output=csv,64,,,,,,,,,,,,,,,,,,,,,,,,,,,,,,,,,,,,,,,,,,,,,,,,,,,,,,,,
10.1016/j.apenergy.2023.121130,Agrivoltaic system designing for sustainability and smart farming: Agronomic aspects and design criteria with safety assessment,"An agrivoltaic system (AVS) offers a potential strategy for meeting global demands for renewable energy and sustainability by integrating photovoltaics and agriculture. Many empirical studies have installed facilities and cultivated actual crops, revealing that AVSs improve land use efficiency. However, it is rare for actual end-users and farmsteads to adopt AVSs owing to a lack of standardised models and design criteria. In this study, we conducted a comprehensive AVS design considering agronomic aspects and structural safety along with an analysis of design criteria to promote the dissemination of AVSs. Based on the photovoltaic module arrangement and adjusting installation conditions, various design types were considered to reflect on-site conditions and user preferences. In addition, safety standards for disaster resistance and trade-offs among shading ratio, power generation capacity, and quantity of structural members were analysed. The safety assessment results demonstrated that the column of the AVS structure was vulnerable to wind loads, and the safety standards varied according to the adjusted column spacing. The narrower the column design, the more advantageous the safety and power generation and the more disadvantageous the crop cultivation environment and installation cost. The sequentially mounted type allowed relatively less solar radiation to reach the crop and generated more solar energy. When the modules were mounted at a distance, the structural safety was slightly reduced; however, more solar radiation and economic feasibility were secured. These results will support decision-making regarding AVS designs, help in identifying the sensitivity of crops to shading, and be utilised for the establishment of a standardised AVS model to promote dissemination.",,,Южная Корея,10000,"1,35","1,35",Открытый грунт,,,Салат-латук,"2,75",,,0,30,"0,09","3,8",5,"68,25%",,,,,"70,035","700,35",,,80%,80%,,,,,,crop_farming,https://docs.google.com/spreadsheets/d/e/2PACX-1vSrhKbZjKkGqSytiGNDciKhx5LYm9bubt-WFqbuASR48nvkC8yEg16fZKnbRgXeMdNPSAVJbZlnw-Sc/pub?output=csv,65,,,,,,,,,,,,,,,,,,,,,,,,,,,,,,,,,,,,,,,,,,,,,,,,,,,,,,,,
10.1016/j.apenergy.2023.121130,Agrivoltaic system designing for sustainability and smart farming: Agronomic aspects and design criteria with safety assessment,"An agrivoltaic system (AVS) offers a potential strategy for meeting global demands for renewable energy and sustainability by integrating photovoltaics and agriculture. Many empirical studies have installed facilities and cultivated actual crops, revealing that AVSs improve land use efficiency. However, it is rare for actual end-users and farmsteads to adopt AVSs owing to a lack of standardised models and design criteria. In this study, we conducted a comprehensive AVS design considering agronomic aspects and structural safety along with an analysis of design criteria to promote the dissemination of AVSs. Based on the photovoltaic module arrangement and adjusting installation conditions, various design types were considered to reflect on-site conditions and user preferences. In addition, safety standards for disaster resistance and trade-offs among shading ratio, power generation capacity, and quantity of structural members were analysed. The safety assessment results demonstrated that the column of the AVS structure was vulnerable to wind loads, and the safety standards varied according to the adjusted column spacing. The narrower the column design, the more advantageous the safety and power generation and the more disadvantageous the crop cultivation environment and installation cost. The sequentially mounted type allowed relatively less solar radiation to reach the crop and generated more solar energy. When the modules were mounted at a distance, the structural safety was slightly reduced; however, more solar radiation and economic feasibility were secured. These results will support decision-making regarding AVS designs, help in identifying the sensitivity of crops to shading, and be utilised for the establishment of a standardised AVS model to promote dissemination.",,,Южная Корея,10000,"1,35","1,35",Открытый грунт,,,Виноград,"1,05",,,0,30,0,"3,8",5,"58,85%",,,,,"84,15","841,5",,,80%,80%,,,,,,crop_farming,https://docs.google.com/spreadsheets/d/e/2PACX-1vSrhKbZjKkGqSytiGNDciKhx5LYm9bubt-WFqbuASR48nvkC8yEg16fZKnbRgXeMdNPSAVJbZlnw-Sc/pub?output=csv,66,,,,,,,,,,,,,,,,,,,,,,,,,,,,,,,,,,,,,,,,,,,,,,,,,,,,,,,,
10.1016/j.apenergy.2023.121130,Agrivoltaic system designing for sustainability and smart farming: Agronomic aspects and design criteria with safety assessment,"An agrivoltaic system (AVS) offers a potential strategy for meeting global demands for renewable energy and sustainability by integrating photovoltaics and agriculture. Many empirical studies have installed facilities and cultivated actual crops, revealing that AVSs improve land use efficiency. However, it is rare for actual end-users and farmsteads to adopt AVSs owing to a lack of standardised models and design criteria. In this study, we conducted a comprehensive AVS design considering agronomic aspects and structural safety along with an analysis of design criteria to promote the dissemination of AVSs. Based on the photovoltaic module arrangement and adjusting installation conditions, various design types were considered to reflect on-site conditions and user preferences. In addition, safety standards for disaster resistance and trade-offs among shading ratio, power generation capacity, and quantity of structural members were analysed. The safety assessment results demonstrated that the column of the AVS structure was vulnerable to wind loads, and the safety standards varied according to the adjusted column spacing. The narrower the column design, the more advantageous the safety and power generation and the more disadvantageous the crop cultivation environment and installation cost. The sequentially mounted type allowed relatively less solar radiation to reach the crop and generated more solar energy. When the modules were mounted at a distance, the structural safety was slightly reduced; however, more solar radiation and economic feasibility were secured. These results will support decision-making regarding AVS designs, help in identifying the sensitivity of crops to shading, and be utilised for the establishment of a standardised AVS model to promote dissemination.",,,Южная Корея,10000,"1,35","1,35",Открытый грунт,,,Виноград,"2,75",,,0,30,"0,09","3,8",5,"68,25%",,,,,"70,035","700,35",,,80%,80%,,,,,,crop_farming,https://docs.google.com/spreadsheets/d/e/2PACX-1vSrhKbZjKkGqSytiGNDciKhx5LYm9bubt-WFqbuASR48nvkC8yEg16fZKnbRgXeMdNPSAVJbZlnw-Sc/pub?output=csv,67,,,,,,,,,,,,,,,,,,,,,,,,,,,,,,,,,,,,,,,,,,,,,,,,,,,,,,,,
10.1016/j.apenergy.2023.121130,Agrivoltaic system designing for sustainability and smart farming: Agronomic aspects and design criteria with safety assessment,"An agrivoltaic system (AVS) offers a potential strategy for meeting global demands for renewable energy and sustainability by integrating photovoltaics and agriculture. Many empirical studies have installed facilities and cultivated actual crops, revealing that AVSs improve land use efficiency. However, it is rare for actual end-users and farmsteads to adopt AVSs owing to a lack of standardised models and design criteria. In this study, we conducted a comprehensive AVS design considering agronomic aspects and structural safety along with an analysis of design criteria to promote the dissemination of AVSs. Based on the photovoltaic module arrangement and adjusting installation conditions, various design types were considered to reflect on-site conditions and user preferences. In addition, safety standards for disaster resistance and trade-offs among shading ratio, power generation capacity, and quantity of structural members were analysed. The safety assessment results demonstrated that the column of the AVS structure was vulnerable to wind loads, and the safety standards varied according to the adjusted column spacing. The narrower the column design, the more advantageous the safety and power generation and the more disadvantageous the crop cultivation environment and installation cost. The sequentially mounted type allowed relatively less solar radiation to reach the crop and generated more solar energy. When the modules were mounted at a distance, the structural safety was slightly reduced; however, more solar radiation and economic feasibility were secured. These results will support decision-making regarding AVS designs, help in identifying the sensitivity of crops to shading, and be utilised for the establishment of a standardised AVS model to promote dissemination.",,,Южная Корея,10000,"1,35","1,35",Открытый грунт,,,Салат-латук,"1,05",,,0,30,0,"3,8","5,5","62,975%",,,,,"75,735","757,35",,,80%,80%,,,,,,crop_farming,https://docs.google.com/spreadsheets/d/e/2PACX-1vSrhKbZjKkGqSytiGNDciKhx5LYm9bubt-WFqbuASR48nvkC8yEg16fZKnbRgXeMdNPSAVJbZlnw-Sc/pub?output=csv,68,,,,,,,,,,,,,,,,,,,,,,,,,,,,,,,,,,,,,,,,,,,,,,,,,,,,,,,,
10.1016/j.apenergy.2023.121130,Agrivoltaic system designing for sustainability and smart farming: Agronomic aspects and design criteria with safety assessment,"An agrivoltaic system (AVS) offers a potential strategy for meeting global demands for renewable energy and sustainability by integrating photovoltaics and agriculture. Many empirical studies have installed facilities and cultivated actual crops, revealing that AVSs improve land use efficiency. However, it is rare for actual end-users and farmsteads to adopt AVSs owing to a lack of standardised models and design criteria. In this study, we conducted a comprehensive AVS design considering agronomic aspects and structural safety along with an analysis of design criteria to promote the dissemination of AVSs. Based on the photovoltaic module arrangement and adjusting installation conditions, various design types were considered to reflect on-site conditions and user preferences. In addition, safety standards for disaster resistance and trade-offs among shading ratio, power generation capacity, and quantity of structural members were analysed. The safety assessment results demonstrated that the column of the AVS structure was vulnerable to wind loads, and the safety standards varied according to the adjusted column spacing. The narrower the column design, the more advantageous the safety and power generation and the more disadvantageous the crop cultivation environment and installation cost. The sequentially mounted type allowed relatively less solar radiation to reach the crop and generated more solar energy. When the modules were mounted at a distance, the structural safety was slightly reduced; however, more solar radiation and economic feasibility were secured. These results will support decision-making regarding AVS designs, help in identifying the sensitivity of crops to shading, and be utilised for the establishment of a standardised AVS model to promote dissemination.",,,Южная Корея,10000,"1,35","1,35",Открытый грунт,,,Салат-латук,"2,75",,,0,30,"0,09","3,8","5,5","71,425%",,,,,"63,0325","630,325",,,80%,80%,,,,,,crop_farming,https://docs.google.com/spreadsheets/d/e/2PACX-1vSrhKbZjKkGqSytiGNDciKhx5LYm9bubt-WFqbuASR48nvkC8yEg16fZKnbRgXeMdNPSAVJbZlnw-Sc/pub?output=csv,69,,,,,,,,,,,,,,,,,,,,,,,,,,,,,,,,,,,,,,,,,,,,,,,,,,,,,,,,
10.1016/j.apenergy.2023.121130,Agrivoltaic system designing for sustainability and smart farming: Agronomic aspects and design criteria with safety assessment,"An agrivoltaic system (AVS) offers a potential strategy for meeting global demands for renewable energy and sustainability by integrating photovoltaics and agriculture. Many empirical studies have installed facilities and cultivated actual crops, revealing that AVSs improve land use efficiency. However, it is rare for actual end-users and farmsteads to adopt AVSs owing to a lack of standardised models and design criteria. In this study, we conducted a comprehensive AVS design considering agronomic aspects and structural safety along with an analysis of design criteria to promote the dissemination of AVSs. Based on the photovoltaic module arrangement and adjusting installation conditions, various design types were considered to reflect on-site conditions and user preferences. In addition, safety standards for disaster resistance and trade-offs among shading ratio, power generation capacity, and quantity of structural members were analysed. The safety assessment results demonstrated that the column of the AVS structure was vulnerable to wind loads, and the safety standards varied according to the adjusted column spacing. The narrower the column design, the more advantageous the safety and power generation and the more disadvantageous the crop cultivation environment and installation cost. The sequentially mounted type allowed relatively less solar radiation to reach the crop and generated more solar energy. When the modules were mounted at a distance, the structural safety was slightly reduced; however, more solar radiation and economic feasibility were secured. These results will support decision-making regarding AVS designs, help in identifying the sensitivity of crops to shading, and be utilised for the establishment of a standardised AVS model to promote dissemination.",,,Южная Корея,10000,"1,35","1,35",Открытый грунт,,,Виноград,"1,05",,,0,30,0,"3,8","5,5","62,975%",,,,,"75,735","757,35",,,80%,80%,,,,,,crop_farming,https://docs.google.com/spreadsheets/d/e/2PACX-1vSrhKbZjKkGqSytiGNDciKhx5LYm9bubt-WFqbuASR48nvkC8yEg16fZKnbRgXeMdNPSAVJbZlnw-Sc/pub?output=csv,70,,,,,,,,,,,,,,,,,,,,,,,,,,,,,,,,,,,,,,,,,,,,,,,,,,,,,,,,
10.1016/j.apenergy.2023.121130,Agrivoltaic system designing for sustainability and smart farming: Agronomic aspects and design criteria with safety assessment,"An agrivoltaic system (AVS) offers a potential strategy for meeting global demands for renewable energy and sustainability by integrating photovoltaics and agriculture. Many empirical studies have installed facilities and cultivated actual crops, revealing that AVSs improve land use efficiency. However, it is rare for actual end-users and farmsteads to adopt AVSs owing to a lack of standardised models and design criteria. In this study, we conducted a comprehensive AVS design considering agronomic aspects and structural safety along with an analysis of design criteria to promote the dissemination of AVSs. Based on the photovoltaic module arrangement and adjusting installation conditions, various design types were considered to reflect on-site conditions and user preferences. In addition, safety standards for disaster resistance and trade-offs among shading ratio, power generation capacity, and quantity of structural members were analysed. The safety assessment results demonstrated that the column of the AVS structure was vulnerable to wind loads, and the safety standards varied according to the adjusted column spacing. The narrower the column design, the more advantageous the safety and power generation and the more disadvantageous the crop cultivation environment and installation cost. The sequentially mounted type allowed relatively less solar radiation to reach the crop and generated more solar energy. When the modules were mounted at a distance, the structural safety was slightly reduced; however, more solar radiation and economic feasibility were secured. These results will support decision-making regarding AVS designs, help in identifying the sensitivity of crops to shading, and be utilised for the establishment of a standardised AVS model to promote dissemination.",,,Южная Корея,10000,"1,35","1,35",Открытый грунт,,,Виноград,"2,75",,,0,30,"0,09","3,8","5,5","71,425%",,,,,"63,0325","630,325",,,80%,80%,,,,,,crop_farming,https://docs.google.com/spreadsheets/d/e/2PACX-1vSrhKbZjKkGqSytiGNDciKhx5LYm9bubt-WFqbuASR48nvkC8yEg16fZKnbRgXeMdNPSAVJbZlnw-Sc/pub?output=csv,71,,,,,,,,,,,,,,,,,,,,,,,,,,,,,,,,,,,,,,,,,,,,,,,,,,,,,,,,
10.1016/j.apenergy.2023.121130,Agrivoltaic system designing for sustainability and smart farming: Agronomic aspects and design criteria with safety assessment,"An agrivoltaic system (AVS) offers a potential strategy for meeting global demands for renewable energy and sustainability by integrating photovoltaics and agriculture. Many empirical studies have installed facilities and cultivated actual crops, revealing that AVSs improve land use efficiency. However, it is rare for actual end-users and farmsteads to adopt AVSs owing to a lack of standardised models and design criteria. In this study, we conducted a comprehensive AVS design considering agronomic aspects and structural safety along with an analysis of design criteria to promote the dissemination of AVSs. Based on the photovoltaic module arrangement and adjusting installation conditions, various design types were considered to reflect on-site conditions and user preferences. In addition, safety standards for disaster resistance and trade-offs among shading ratio, power generation capacity, and quantity of structural members were analysed. The safety assessment results demonstrated that the column of the AVS structure was vulnerable to wind loads, and the safety standards varied according to the adjusted column spacing. The narrower the column design, the more advantageous the safety and power generation and the more disadvantageous the crop cultivation environment and installation cost. The sequentially mounted type allowed relatively less solar radiation to reach the crop and generated more solar energy. When the modules were mounted at a distance, the structural safety was slightly reduced; however, more solar radiation and economic feasibility were secured. These results will support decision-making regarding AVS designs, help in identifying the sensitivity of crops to shading, and be utilised for the establishment of a standardised AVS model to promote dissemination.",,,Южная Корея,10000,"1,35","1,35",Открытый грунт,,,Салат-латук,"1,05",,,0,30,0,"3,8",6,"67,1%",,,,,"67,32","673,2",,,80%,80%,,,,,,crop_farming,https://docs.google.com/spreadsheets/d/e/2PACX-1vSrhKbZjKkGqSytiGNDciKhx5LYm9bubt-WFqbuASR48nvkC8yEg16fZKnbRgXeMdNPSAVJbZlnw-Sc/pub?output=csv,72,,,,,,,,,,,,,,,,,,,,,,,,,,,,,,,,,,,,,,,,,,,,,,,,,,,,,,,,
10.1016/j.apenergy.2023.121130,Agrivoltaic system designing for sustainability and smart farming: Agronomic aspects and design criteria with safety assessment,"An agrivoltaic system (AVS) offers a potential strategy for meeting global demands for renewable energy and sustainability by integrating photovoltaics and agriculture. Many empirical studies have installed facilities and cultivated actual crops, revealing that AVSs improve land use efficiency. However, it is rare for actual end-users and farmsteads to adopt AVSs owing to a lack of standardised models and design criteria. In this study, we conducted a comprehensive AVS design considering agronomic aspects and structural safety along with an analysis of design criteria to promote the dissemination of AVSs. Based on the photovoltaic module arrangement and adjusting installation conditions, various design types were considered to reflect on-site conditions and user preferences. In addition, safety standards for disaster resistance and trade-offs among shading ratio, power generation capacity, and quantity of structural members were analysed. The safety assessment results demonstrated that the column of the AVS structure was vulnerable to wind loads, and the safety standards varied according to the adjusted column spacing. The narrower the column design, the more advantageous the safety and power generation and the more disadvantageous the crop cultivation environment and installation cost. The sequentially mounted type allowed relatively less solar radiation to reach the crop and generated more solar energy. When the modules were mounted at a distance, the structural safety was slightly reduced; however, more solar radiation and economic feasibility were secured. These results will support decision-making regarding AVS designs, help in identifying the sensitivity of crops to shading, and be utilised for the establishment of a standardised AVS model to promote dissemination.",,,Южная Корея,10000,"1,35","1,35",Открытый грунт,,,Салат-латук,"2,75",,,0,30,"0,09","3,8",6,"74,6%",,,,,"56,03","560,3",,,80%,80%,,,,,,crop_farming,https://docs.google.com/spreadsheets/d/e/2PACX-1vSrhKbZjKkGqSytiGNDciKhx5LYm9bubt-WFqbuASR48nvkC8yEg16fZKnbRgXeMdNPSAVJbZlnw-Sc/pub?output=csv,73,,,,,,,,,,,,,,,,,,,,,,,,,,,,,,,,,,,,,,,,,,,,,,,,,,,,,,,,
10.1016/j.apenergy.2023.121130,Agrivoltaic system designing for sustainability and smart farming: Agronomic aspects and design criteria with safety assessment,"An agrivoltaic system (AVS) offers a potential strategy for meeting global demands for renewable energy and sustainability by integrating photovoltaics and agriculture. Many empirical studies have installed facilities and cultivated actual crops, revealing that AVSs improve land use efficiency. However, it is rare for actual end-users and farmsteads to adopt AVSs owing to a lack of standardised models and design criteria. In this study, we conducted a comprehensive AVS design considering agronomic aspects and structural safety along with an analysis of design criteria to promote the dissemination of AVSs. Based on the photovoltaic module arrangement and adjusting installation conditions, various design types were considered to reflect on-site conditions and user preferences. In addition, safety standards for disaster resistance and trade-offs among shading ratio, power generation capacity, and quantity of structural members were analysed. The safety assessment results demonstrated that the column of the AVS structure was vulnerable to wind loads, and the safety standards varied according to the adjusted column spacing. The narrower the column design, the more advantageous the safety and power generation and the more disadvantageous the crop cultivation environment and installation cost. The sequentially mounted type allowed relatively less solar radiation to reach the crop and generated more solar energy. When the modules were mounted at a distance, the structural safety was slightly reduced; however, more solar radiation and economic feasibility were secured. These results will support decision-making regarding AVS designs, help in identifying the sensitivity of crops to shading, and be utilised for the establishment of a standardised AVS model to promote dissemination.",,,Южная Корея,10000,"1,35","1,35",Открытый грунт,,,Виноград,"1,05",,,0,30,0,"3,8",6,"67,1%",,,,,"67,32","673,2",,,80%,80%,,,,,,crop_farming,https://docs.google.com/spreadsheets/d/e/2PACX-1vSrhKbZjKkGqSytiGNDciKhx5LYm9bubt-WFqbuASR48nvkC8yEg16fZKnbRgXeMdNPSAVJbZlnw-Sc/pub?output=csv,74,,,,,,,,,,,,,,,,,,,,,,,,,,,,,,,,,,,,,,,,,,,,,,,,,,,,,,,,
10.1016/j.apenergy.2023.121130,Agrivoltaic system designing for sustainability and smart farming: Agronomic aspects and design criteria with safety assessment,"An agrivoltaic system (AVS) offers a potential strategy for meeting global demands for renewable energy and sustainability by integrating photovoltaics and agriculture. Many empirical studies have installed facilities and cultivated actual crops, revealing that AVSs improve land use efficiency. However, it is rare for actual end-users and farmsteads to adopt AVSs owing to a lack of standardised models and design criteria. In this study, we conducted a comprehensive AVS design considering agronomic aspects and structural safety along with an analysis of design criteria to promote the dissemination of AVSs. Based on the photovoltaic module arrangement and adjusting installation conditions, various design types were considered to reflect on-site conditions and user preferences. In addition, safety standards for disaster resistance and trade-offs among shading ratio, power generation capacity, and quantity of structural members were analysed. The safety assessment results demonstrated that the column of the AVS structure was vulnerable to wind loads, and the safety standards varied according to the adjusted column spacing. The narrower the column design, the more advantageous the safety and power generation and the more disadvantageous the crop cultivation environment and installation cost. The sequentially mounted type allowed relatively less solar radiation to reach the crop and generated more solar energy. When the modules were mounted at a distance, the structural safety was slightly reduced; however, more solar radiation and economic feasibility were secured. These results will support decision-making regarding AVS designs, help in identifying the sensitivity of crops to shading, and be utilised for the establishment of a standardised AVS model to promote dissemination.",,,Южная Корея,10000,"1,35","1,35",Открытый грунт,,,Виноград,"2,75",,,0,30,"0,09","3,8",6,"74,6%",,,,,"56,03","560,3",,,80%,80%,,,,,,crop_farming,https://docs.google.com/spreadsheets/d/e/2PACX-1vSrhKbZjKkGqSytiGNDciKhx5LYm9bubt-WFqbuASR48nvkC8yEg16fZKnbRgXeMdNPSAVJbZlnw-Sc/pub?output=csv,75,,,,,,,,,,,,,,,,,,,,,,,,,,,,,,,,,,,,,,,,,,,,,,,,,,,,,,,,
10.1007/s13593-021-00714-y,Agrivoltaic system impacts on microclimate and yield of different crops within an organic crop rotation in a temperate climate,"Agrivoltaic (AV) systems integrate the production of agricultural crops and electric power on the same land area through the installation of solar panels several meters above the soil surface. It has been demonstrated that AV can increase land productivity and contribute to the expansion of renewable energy production. Its utilization is expected to affect crop production by altering microclimatic conditions but has so far hardly been investigated. The present study aimed to determine for the first time how changes in microclimatic conditions through AV affect selected agricultural crops within an organic crop rotation. For this purpose, an AV research plant was installed near Lake Constance in south-west Germany in 2016. A field experiment was established with four crops (celeriac, winter wheat, potato and grass-clover) cultivated both underneath the AV system and on an adjacent reference site without solar panels. Microclimatic parameters, crop development and harvestable yields were monitored in 2017 and 2018. Overall, an alteration in microclimatic conditions and crop production under AV was confirmed. Photosynthetic active radiation was on average reduced by about 30% under AV. During summertime, soil temperature was decreased under AV in both years. Furthermore, reduced soil moisture and air temperatures as well as an altered rain distribution have been found under AV. In both years, plant height of all crops was increased under AV. In 2017 and 2018, yield ranges of the crops cultivated under AV compared to the reference site were −19 to +3% for winter wheat, −20 to +11% for potato and −8 to −5% for grass-clover. In the hot, dry summer 2018, crop yields of winter wheat and potato were increased by AV by 2.7% and 11%, respectively. These findings show that yield reductions under AV are likely, but under hot and dry weather conditions, growing conditions can become favorable.",01.12.2016,01.10.2018,Хердванген-Шёнах,3000,,,Открытый грунт,Неравномерное орошение,Низкая,Озимая пшеница,,,,-45,20,,5,"6,3",70%,1180,,,,"64,66666667",194,,,97%,"81,3%",,,,,Смягчение стресса от засухи и жары,crop_farming,https://docs.google.com/spreadsheets/d/e/2PACX-1vSrhKbZjKkGqSytiGNDciKhx5LYm9bubt-WFqbuASR48nvkC8yEg16fZKnbRgXeMdNPSAVJbZlnw-Sc/pub?output=csv,76,,,,,,,,,,,,,,,,,,,,,,,,,,,,,,,,,,,,,,,,,,,,,,,,,,,,,,,,
10.1007/s13593-021-00714-y,Agrivoltaic system impacts on microclimate and yield of different crops within an organic crop rotation in a temperate climate,"Agrivoltaic (AV) systems integrate the production of agricultural crops and electric power on the same land area through the installation of solar panels several meters above the soil surface. It has been demonstrated that AV can increase land productivity and contribute to the expansion of renewable energy production. Its utilization is expected to affect crop production by altering microclimatic conditions but has so far hardly been investigated. The present study aimed to determine for the first time how changes in microclimatic conditions through AV affect selected agricultural crops within an organic crop rotation. For this purpose, an AV research plant was installed near Lake Constance in south-west Germany in 2016. A field experiment was established with four crops (celeriac, winter wheat, potato and grass-clover) cultivated both underneath the AV system and on an adjacent reference site without solar panels. Microclimatic parameters, crop development and harvestable yields were monitored in 2017 and 2018. Overall, an alteration in microclimatic conditions and crop production under AV was confirmed. Photosynthetic active radiation was on average reduced by about 30% under AV. During summertime, soil temperature was decreased under AV in both years. Furthermore, reduced soil moisture and air temperatures as well as an altered rain distribution have been found under AV. In both years, plant height of all crops was increased under AV. In 2017 and 2018, yield ranges of the crops cultivated under AV compared to the reference site were −19 to +3% for winter wheat, −20 to +11% for potato and −8 to −5% for grass-clover. In the hot, dry summer 2018, crop yields of winter wheat and potato were increased by AV by 2.7% and 11%, respectively. These findings show that yield reductions under AV are likely, but under hot and dry weather conditions, growing conditions can become favorable.",01.12.2016,01.10.2018,Хердванген-Шёнах,3000,,,Открытый грунт,Неравномерное орошение,Низкая,Озимая пшеница,,,,-45,20,,5,"6,3",70%,1204,,,,"64,66666667",194,,,96%,"102,7%",,,,,Смягчение стресса от засухи и жары,crop_farming,https://docs.google.com/spreadsheets/d/e/2PACX-1vSrhKbZjKkGqSytiGNDciKhx5LYm9bubt-WFqbuASR48nvkC8yEg16fZKnbRgXeMdNPSAVJbZlnw-Sc/pub?output=csv,77,,,,,,,,,,,,,,,,,,,,,,,,,,,,,,,,,,,,,,,,,,,,,,,,,,,,,,,,
10.1007/s13593-021-00714-y,Agrivoltaic system impacts on microclimate and yield of different crops within an organic crop rotation in a temperate climate,"Agrivoltaic (AV) systems integrate the production of agricultural crops and electric power on the same land area through the installation of solar panels several meters above the soil surface. It has been demonstrated that AV can increase land productivity and contribute to the expansion of renewable energy production. Its utilization is expected to affect crop production by altering microclimatic conditions but has so far hardly been investigated. The present study aimed to determine for the first time how changes in microclimatic conditions through AV affect selected agricultural crops within an organic crop rotation. For this purpose, an AV research plant was installed near Lake Constance in south-west Germany in 2016. A field experiment was established with four crops (celeriac, winter wheat, potato and grass-clover) cultivated both underneath the AV system and on an adjacent reference site without solar panels. Microclimatic parameters, crop development and harvestable yields were monitored in 2017 and 2018. Overall, an alteration in microclimatic conditions and crop production under AV was confirmed. Photosynthetic active radiation was on average reduced by about 30% under AV. During summertime, soil temperature was decreased under AV in both years. Furthermore, reduced soil moisture and air temperatures as well as an altered rain distribution have been found under AV. In both years, plant height of all crops was increased under AV. In 2017 and 2018, yield ranges of the crops cultivated under AV compared to the reference site were −19 to +3% for winter wheat, −20 to +11% for potato and −8 to −5% for grass-clover. In the hot, dry summer 2018, crop yields of winter wheat and potato were increased by AV by 2.7% and 11%, respectively. These findings show that yield reductions under AV are likely, but under hot and dry weather conditions, growing conditions can become favorable.",01.12.2016,01.10.2018,Хердванген-Шёнах,3000,,,Открытый грунт,Неравномерное орошение,Низкая,Картофель,,,,-45,20,,5,"6,3",70%,1180,,,,"64,66666667",194,,,97%,"81,8%",,,,,Смягчение стресса от засухи и жары,crop_farming,https://docs.google.com/spreadsheets/d/e/2PACX-1vSrhKbZjKkGqSytiGNDciKhx5LYm9bubt-WFqbuASR48nvkC8yEg16fZKnbRgXeMdNPSAVJbZlnw-Sc/pub?output=csv,78,,,,,,,,,,,,,,,,,,,,,,,,,,,,,,,,,,,,,,,,,,,,,,,,,,,,,,,,
10.1007/s13593-021-00714-y,Agrivoltaic system impacts on microclimate and yield of different crops within an organic crop rotation in a temperate climate,"Agrivoltaic (AV) systems integrate the production of agricultural crops and electric power on the same land area through the installation of solar panels several meters above the soil surface. It has been demonstrated that AV can increase land productivity and contribute to the expansion of renewable energy production. Its utilization is expected to affect crop production by altering microclimatic conditions but has so far hardly been investigated. The present study aimed to determine for the first time how changes in microclimatic conditions through AV affect selected agricultural crops within an organic crop rotation. For this purpose, an AV research plant was installed near Lake Constance in south-west Germany in 2016. A field experiment was established with four crops (celeriac, winter wheat, potato and grass-clover) cultivated both underneath the AV system and on an adjacent reference site without solar panels. Microclimatic parameters, crop development and harvestable yields were monitored in 2017 and 2018. Overall, an alteration in microclimatic conditions and crop production under AV was confirmed. Photosynthetic active radiation was on average reduced by about 30% under AV. During summertime, soil temperature was decreased under AV in both years. Furthermore, reduced soil moisture and air temperatures as well as an altered rain distribution have been found under AV. In both years, plant height of all crops was increased under AV. In 2017 and 2018, yield ranges of the crops cultivated under AV compared to the reference site were −19 to +3% for winter wheat, −20 to +11% for potato and −8 to −5% for grass-clover. In the hot, dry summer 2018, crop yields of winter wheat and potato were increased by AV by 2.7% and 11%, respectively. These findings show that yield reductions under AV are likely, but under hot and dry weather conditions, growing conditions can become favorable.",01.12.2016,01.10.2018,Хердванген-Шёнах,3000,,,Открытый грунт,Неравномерное орошение,Низкая,Картофель,,,,-45,20,,5,"6,3",70%,1204,,,,"64,66666667",194,,,96%,111%,,,,,Смягчение стресса от засухи и жары,crop_farming,https://docs.google.com/spreadsheets/d/e/2PACX-1vSrhKbZjKkGqSytiGNDciKhx5LYm9bubt-WFqbuASR48nvkC8yEg16fZKnbRgXeMdNPSAVJbZlnw-Sc/pub?output=csv,79,,,,,,,,,,,,,,,,,,,,,,,,,,,,,,,,,,,,,,,,,,,,,,,,,,,,,,,,
10.1007/s13593-021-00714-y,Agrivoltaic system impacts on microclimate and yield of different crops within an organic crop rotation in a temperate climate,"Agrivoltaic (AV) systems integrate the production of agricultural crops and electric power on the same land area through the installation of solar panels several meters above the soil surface. It has been demonstrated that AV can increase land productivity and contribute to the expansion of renewable energy production. Its utilization is expected to affect crop production by altering microclimatic conditions but has so far hardly been investigated. The present study aimed to determine for the first time how changes in microclimatic conditions through AV affect selected agricultural crops within an organic crop rotation. For this purpose, an AV research plant was installed near Lake Constance in south-west Germany in 2016. A field experiment was established with four crops (celeriac, winter wheat, potato and grass-clover) cultivated both underneath the AV system and on an adjacent reference site without solar panels. Microclimatic parameters, crop development and harvestable yields were monitored in 2017 and 2018. Overall, an alteration in microclimatic conditions and crop production under AV was confirmed. Photosynthetic active radiation was on average reduced by about 30% under AV. During summertime, soil temperature was decreased under AV in both years. Furthermore, reduced soil moisture and air temperatures as well as an altered rain distribution have been found under AV. In both years, plant height of all crops was increased under AV. In 2017 and 2018, yield ranges of the crops cultivated under AV compared to the reference site were −19 to +3% for winter wheat, −20 to +11% for potato and −8 to −5% for grass-clover. In the hot, dry summer 2018, crop yields of winter wheat and potato were increased by AV by 2.7% and 11%, respectively. These findings show that yield reductions under AV are likely, but under hot and dry weather conditions, growing conditions can become favorable.",01.12.2016,01.10.2018,Хердванген-Шёнах,3000,,,Открытый грунт,Неравномерное орошение,Низкая,Травяно-клеверная смесь,,,,-45,20,,5,"6,3",70%,1180,,,,"64,66666667",194,,,97%,"94,7%",,,,,Смягчение стресса от засухи и жары,crop_farming,https://docs.google.com/spreadsheets/d/e/2PACX-1vSrhKbZjKkGqSytiGNDciKhx5LYm9bubt-WFqbuASR48nvkC8yEg16fZKnbRgXeMdNPSAVJbZlnw-Sc/pub?output=csv,80,,,,,,,,,,,,,,,,,,,,,,,,,,,,,,,,,,,,,,,,,,,,,,,,,,,,,,,,
10.1007/s13593-021-00714-y,Agrivoltaic system impacts on microclimate and yield of different crops within an organic crop rotation in a temperate climate,"Agrivoltaic (AV) systems integrate the production of agricultural crops and electric power on the same land area through the installation of solar panels several meters above the soil surface. It has been demonstrated that AV can increase land productivity and contribute to the expansion of renewable energy production. Its utilization is expected to affect crop production by altering microclimatic conditions but has so far hardly been investigated. The present study aimed to determine for the first time how changes in microclimatic conditions through AV affect selected agricultural crops within an organic crop rotation. For this purpose, an AV research plant was installed near Lake Constance in south-west Germany in 2016. A field experiment was established with four crops (celeriac, winter wheat, potato and grass-clover) cultivated both underneath the AV system and on an adjacent reference site without solar panels. Microclimatic parameters, crop development and harvestable yields were monitored in 2017 and 2018. Overall, an alteration in microclimatic conditions and crop production under AV was confirmed. Photosynthetic active radiation was on average reduced by about 30% under AV. During summertime, soil temperature was decreased under AV in both years. Furthermore, reduced soil moisture and air temperatures as well as an altered rain distribution have been found under AV. In both years, plant height of all crops was increased under AV. In 2017 and 2018, yield ranges of the crops cultivated under AV compared to the reference site were −19 to +3% for winter wheat, −20 to +11% for potato and −8 to −5% for grass-clover. In the hot, dry summer 2018, crop yields of winter wheat and potato were increased by AV by 2.7% and 11%, respectively. These findings show that yield reductions under AV are likely, but under hot and dry weather conditions, growing conditions can become favorable.",01.12.2016,01.10.2018,Хердванген-Шёнах,3000,,,Открытый грунт,Неравномерное орошение,Низкая,Травяно-клеверная смесь,,,,-45,20,,5,"6,3",70%,1204,,,,"64,66666667",194,,,96%,"92,2%",,,,,Смягчение стресса от засухи и жары,crop_farming,https://docs.google.com/spreadsheets/d/e/2PACX-1vSrhKbZjKkGqSytiGNDciKhx5LYm9bubt-WFqbuASR48nvkC8yEg16fZKnbRgXeMdNPSAVJbZlnw-Sc/pub?output=csv,81,,,,,,,,,,,,,,,,,,,,,,,,,,,,,,,,,,,,,,,,,,,,,,,,,,,,,,,,
10.3390/agronomy12061415,"Agrivoltaic Systems Enhance Farmers’ Profits through Broccoli Visual Quality and Electricity Production without Dramatic Changes in Yield, Antioxidant Capacity, and Glucosinolates","The increase in world population by an average rate of 2% per year causes critical issues on energy and foods. By 2050, food demand will increase to 35~56% more than in 2010 due to the growing population. Agrivoltaic systems allow us to reach sustainable food and electricity-production goals with high land-use efficiency. In this study, the yield, antioxidant capacity, and secondary metabolite of broccoli and electricity production were analyzed under an agrivoltaic system over 3 cultivation periods. Based on energy production, an economic analysis of agrivoltaic was carried out. In addition, our study also reported that agrivoltaic with additional shading treatment produced greener broccoli with a higher level of consumer preference than open-field grown ones. The yield, antioxidant capacity, some glucosinolates and hydrolysis products of broccoli grown under an agrivoltaic system were not significantly different from those of broccoli grown in the open-field.",01.07.2019,01.11.2020,Наджу,,,,Открытый грунт,Равномерное орошение,Низкая,Брокколи,"0,45",,,0,30,,"3,5",,58%,,"4,476",,,,30,46355,"1545,166667",100%,91%,,,,,"Выгода от производства электроэнергии была в 10,4 раза выше, чем от производства брокколи.",crop_farming,https://docs.google.com/spreadsheets/d/e/2PACX-1vSrhKbZjKkGqSytiGNDciKhx5LYm9bubt-WFqbuASR48nvkC8yEg16fZKnbRgXeMdNPSAVJbZlnw-Sc/pub?output=csv,82,,,,,,,,,,,,,,,,,,,,,,,,,,,,,,,,,,,,,,,,,,,,,,,,,,,,,,,,
10.3390/agronomy12061415,"Agrivoltaic Systems Enhance Farmers’ Profits through Broccoli Visual Quality and Electricity Production without Dramatic Changes in Yield, Antioxidant Capacity, and Glucosinolates","The increase in world population by an average rate of 2% per year causes critical issues on energy and foods. By 2050, food demand will increase to 35~56% more than in 2010 due to the growing population. Agrivoltaic systems allow us to reach sustainable food and electricity-production goals with high land-use efficiency. In this study, the yield, antioxidant capacity, and secondary metabolite of broccoli and electricity production were analyzed under an agrivoltaic system over 3 cultivation periods. Based on energy production, an economic analysis of agrivoltaic was carried out. In addition, our study also reported that agrivoltaic with additional shading treatment produced greener broccoli with a higher level of consumer preference than open-field grown ones. The yield, antioxidant capacity, some glucosinolates and hydrolysis products of broccoli grown under an agrivoltaic system were not significantly different from those of broccoli grown in the open-field.",26.07.2021,23.11.2021,Наджу,,,,Открытый грунт,Равномерное орошение,Низкая,Брокколи,"0,45",,,0,30,,"3,5",,41%,,"4,476",,,,30,46355,"1545,166667",100%,84%,,,,,"Дополнительное затенение: брокколи была зеленее. Выгода от производства электроэнергии была в 10,4 раза выше, чем от производства брокколи.",crop_farming,https://docs.google.com/spreadsheets/d/e/2PACX-1vSrhKbZjKkGqSytiGNDciKhx5LYm9bubt-WFqbuASR48nvkC8yEg16fZKnbRgXeMdNPSAVJbZlnw-Sc/pub?output=csv,83,,,,,,,,,,,,,,,,,,,,,,,,,,,,,,,,,,,,,,,,,,,,,,,,,,,,,,,,
10.52825/agripv.v3i.1361,Agrivoltaics Crop Yield Modeling: Quantifying the Effects of Light Limitations on Crop Growth,"Agrivoltaics (APV) combine agriculture and photovoltaic (PV) energy production on the same land and have the potential to provide several synergies for both production systems. Moving towards large-scale commercial implementation, synergies and trade-offs need to be quantified. Various APV designs exist and have been studied in field experiments in the past. In addition to PV design choices, differences respecting the crops grown, the soil conditions and the climatic conditions are known to affect crop yields. However, it is unclear how planned APV sites with conditions that differ from the known research sites will perform. This poses challenges in terms of assessing the implications for both farmers and APV planners. Therefore, we developed a framework for simulating impacts of APV shading effects on crop yields. A new APV shading model is developed to specifically match the needs of the PROMET crop model, which is capable of worldwide simulations for a large range of crop types. When compared to results from the state-of-the art bifacial radiance raytracing model, similar trends and magnitudes in irradiance reductions have been observed. Agricultural yield prediction simulations for a planned BayWa r.e. APV project in France were used as a test case. The simulation results showed large differences between one-in-portrait and two-in-portrait trackers. The simulated crop yields for the site remain only within an acceptable range for winter wheat and rapeseed with 1P trackers. While the shading model and PROMET have already been tested individually, a more in-depth validation of the entire framework is planned for the near future, when data for planned systems becomes available. The addition of the APV shading model expands capabilities of the PROMET crop model towards APV simulation and allows for future development of advanced APV-related data products.",,,Париж,184000,,,Открытый грунт,,,Озимая пшеница,,,,,,,,"13,6",,,,,,,,,,94%,94%,,,,,"Одноосные трекеры. Один модуль, установленный вертикально",crop_farming,https://docs.google.com/spreadsheets/d/e/2PACX-1vSrhKbZjKkGqSytiGNDciKhx5LYm9bubt-WFqbuASR48nvkC8yEg16fZKnbRgXeMdNPSAVJbZlnw-Sc/pub?output=csv,84,,,,,,,,,,,,,,,,,,,,,,,,,,,,,,,,,,,,,,,,,,,,,,,,,,,,,,,,
10.52825/agripv.v3i.1361,Agrivoltaics Crop Yield Modeling: Quantifying the Effects of Light Limitations on Crop Growth,"Agrivoltaics (APV) combine agriculture and photovoltaic (PV) energy production on the same land and have the potential to provide several synergies for both production systems. Moving towards large-scale commercial implementation, synergies and trade-offs need to be quantified. Various APV designs exist and have been studied in field experiments in the past. In addition to PV design choices, differences respecting the crops grown, the soil conditions and the climatic conditions are known to affect crop yields. However, it is unclear how planned APV sites with conditions that differ from the known research sites will perform. This poses challenges in terms of assessing the implications for both farmers and APV planners. Therefore, we developed a framework for simulating impacts of APV shading effects on crop yields. A new APV shading model is developed to specifically match the needs of the PROMET crop model, which is capable of worldwide simulations for a large range of crop types. When compared to results from the state-of-the art bifacial radiance raytracing model, similar trends and magnitudes in irradiance reductions have been observed. Agricultural yield prediction simulations for a planned BayWa r.e. APV project in France were used as a test case. The simulation results showed large differences between one-in-portrait and two-in-portrait trackers. The simulated crop yields for the site remain only within an acceptable range for winter wheat and rapeseed with 1P trackers. While the shading model and PROMET have already been tested individually, a more in-depth validation of the entire framework is planned for the near future, when data for planned systems becomes available. The addition of the APV shading model expands capabilities of the PROMET crop model towards APV simulation and allows for future development of advanced APV-related data products.",,,Париж,184000,,,Открытый грунт,,,Яровой ячмень,,,,,,,,"13,6",,,,,,,,,,80%,80%,,,,,"Одноосные трекеры. Один модуль, установленный вертикально",crop_farming,https://docs.google.com/spreadsheets/d/e/2PACX-1vSrhKbZjKkGqSytiGNDciKhx5LYm9bubt-WFqbuASR48nvkC8yEg16fZKnbRgXeMdNPSAVJbZlnw-Sc/pub?output=csv,85,,,,,,,,,,,,,,,,,,,,,,,,,,,,,,,,,,,,,,,,,,,,,,,,,,,,,,,,
10.52825/agripv.v3i.1361,Agrivoltaics Crop Yield Modeling: Quantifying the Effects of Light Limitations on Crop Growth,"Agrivoltaics (APV) combine agriculture and photovoltaic (PV) energy production on the same land and have the potential to provide several synergies for both production systems. Moving towards large-scale commercial implementation, synergies and trade-offs need to be quantified. Various APV designs exist and have been studied in field experiments in the past. In addition to PV design choices, differences respecting the crops grown, the soil conditions and the climatic conditions are known to affect crop yields. However, it is unclear how planned APV sites with conditions that differ from the known research sites will perform. This poses challenges in terms of assessing the implications for both farmers and APV planners. Therefore, we developed a framework for simulating impacts of APV shading effects on crop yields. A new APV shading model is developed to specifically match the needs of the PROMET crop model, which is capable of worldwide simulations for a large range of crop types. When compared to results from the state-of-the art bifacial radiance raytracing model, similar trends and magnitudes in irradiance reductions have been observed. Agricultural yield prediction simulations for a planned BayWa r.e. APV project in France were used as a test case. The simulation results showed large differences between one-in-portrait and two-in-portrait trackers. The simulated crop yields for the site remain only within an acceptable range for winter wheat and rapeseed with 1P trackers. While the shading model and PROMET have already been tested individually, a more in-depth validation of the entire framework is planned for the near future, when data for planned systems becomes available. The addition of the APV shading model expands capabilities of the PROMET crop model towards APV simulation and allows for future development of advanced APV-related data products.",,,Париж,184000,,,Открытый грунт,,,Рапс,,,,,,,,"13,6",,,,,,,,,,90%,90%,,,,,"Одноосные трекеры. Один модуль, установленный вертикально",crop_farming,https://docs.google.com/spreadsheets/d/e/2PACX-1vSrhKbZjKkGqSytiGNDciKhx5LYm9bubt-WFqbuASR48nvkC8yEg16fZKnbRgXeMdNPSAVJbZlnw-Sc/pub?output=csv,86,,,,,,,,,,,,,,,,,,,,,,,,,,,,,,,,,,,,,,,,,,,,,,,,,,,,,,,,
10.52825/agripv.v3i.1361,Agrivoltaics Crop Yield Modeling: Quantifying the Effects of Light Limitations on Crop Growth,"Agrivoltaics (APV) combine agriculture and photovoltaic (PV) energy production on the same land and have the potential to provide several synergies for both production systems. Moving towards large-scale commercial implementation, synergies and trade-offs need to be quantified. Various APV designs exist and have been studied in field experiments in the past. In addition to PV design choices, differences respecting the crops grown, the soil conditions and the climatic conditions are known to affect crop yields. However, it is unclear how planned APV sites with conditions that differ from the known research sites will perform. This poses challenges in terms of assessing the implications for both farmers and APV planners. Therefore, we developed a framework for simulating impacts of APV shading effects on crop yields. A new APV shading model is developed to specifically match the needs of the PROMET crop model, which is capable of worldwide simulations for a large range of crop types. When compared to results from the state-of-the art bifacial radiance raytracing model, similar trends and magnitudes in irradiance reductions have been observed. Agricultural yield prediction simulations for a planned BayWa r.e. APV project in France were used as a test case. The simulation results showed large differences between one-in-portrait and two-in-portrait trackers. The simulated crop yields for the site remain only within an acceptable range for winter wheat and rapeseed with 1P trackers. While the shading model and PROMET have already been tested individually, a more in-depth validation of the entire framework is planned for the near future, when data for planned systems becomes available. The addition of the APV shading model expands capabilities of the PROMET crop model towards APV simulation and allows for future development of advanced APV-related data products.",,,Париж,184000,,,Открытый грунт,,,Озимая пшеница,,,,,,,,"13,6",,,,,,,,,,84%,84%,,,,,"Одноосные трекеры. Два модуля, установленных бок о бок в портретной ориентации",crop_farming,https://docs.google.com/spreadsheets/d/e/2PACX-1vSrhKbZjKkGqSytiGNDciKhx5LYm9bubt-WFqbuASR48nvkC8yEg16fZKnbRgXeMdNPSAVJbZlnw-Sc/pub?output=csv,87,,,,,,,,,,,,,,,,,,,,,,,,,,,,,,,,,,,,,,,,,,,,,,,,,,,,,,,,
10.52825/agripv.v3i.1361,Agrivoltaics Crop Yield Modeling: Quantifying the Effects of Light Limitations on Crop Growth,"Agrivoltaics (APV) combine agriculture and photovoltaic (PV) energy production on the same land and have the potential to provide several synergies for both production systems. Moving towards large-scale commercial implementation, synergies and trade-offs need to be quantified. Various APV designs exist and have been studied in field experiments in the past. In addition to PV design choices, differences respecting the crops grown, the soil conditions and the climatic conditions are known to affect crop yields. However, it is unclear how planned APV sites with conditions that differ from the known research sites will perform. This poses challenges in terms of assessing the implications for both farmers and APV planners. Therefore, we developed a framework for simulating impacts of APV shading effects on crop yields. A new APV shading model is developed to specifically match the needs of the PROMET crop model, which is capable of worldwide simulations for a large range of crop types. When compared to results from the state-of-the art bifacial radiance raytracing model, similar trends and magnitudes in irradiance reductions have been observed. Agricultural yield prediction simulations for a planned BayWa r.e. APV project in France were used as a test case. The simulation results showed large differences between one-in-portrait and two-in-portrait trackers. The simulated crop yields for the site remain only within an acceptable range for winter wheat and rapeseed with 1P trackers. While the shading model and PROMET have already been tested individually, a more in-depth validation of the entire framework is planned for the near future, when data for planned systems becomes available. The addition of the APV shading model expands capabilities of the PROMET crop model towards APV simulation and allows for future development of advanced APV-related data products.",,,Париж,184000,,,Открытый грунт,,,Яровой ячмень,,,,,,,,"13,6",,,,,,,,,,61%,61%,,,,,"Одноосные трекеры. Два модуля, установленных бок о бок в портретной ориентации",crop_farming,https://docs.google.com/spreadsheets/d/e/2PACX-1vSrhKbZjKkGqSytiGNDciKhx5LYm9bubt-WFqbuASR48nvkC8yEg16fZKnbRgXeMdNPSAVJbZlnw-Sc/pub?output=csv,88,,,,,,,,,,,,,,,,,,,,,,,,,,,,,,,,,,,,,,,,,,,,,,,,,,,,,,,,
10.52825/agripv.v3i.1361,Agrivoltaics Crop Yield Modeling: Quantifying the Effects of Light Limitations on Crop Growth,"Agrivoltaics (APV) combine agriculture and photovoltaic (PV) energy production on the same land and have the potential to provide several synergies for both production systems. Moving towards large-scale commercial implementation, synergies and trade-offs need to be quantified. Various APV designs exist and have been studied in field experiments in the past. In addition to PV design choices, differences respecting the crops grown, the soil conditions and the climatic conditions are known to affect crop yields. However, it is unclear how planned APV sites with conditions that differ from the known research sites will perform. This poses challenges in terms of assessing the implications for both farmers and APV planners. Therefore, we developed a framework for simulating impacts of APV shading effects on crop yields. A new APV shading model is developed to specifically match the needs of the PROMET crop model, which is capable of worldwide simulations for a large range of crop types. When compared to results from the state-of-the art bifacial radiance raytracing model, similar trends and magnitudes in irradiance reductions have been observed. Agricultural yield prediction simulations for a planned BayWa r.e. APV project in France were used as a test case. The simulation results showed large differences between one-in-portrait and two-in-portrait trackers. The simulated crop yields for the site remain only within an acceptable range for winter wheat and rapeseed with 1P trackers. While the shading model and PROMET have already been tested individually, a more in-depth validation of the entire framework is planned for the near future, when data for planned systems becomes available. The addition of the APV shading model expands capabilities of the PROMET crop model towards APV simulation and allows for future development of advanced APV-related data products.",,,Париж,184000,,,Открытый грунт,,,Рапс,,,,,,,,"13,6",,,,,,,,,,76%,76%,,,,,"Одноосные трекеры. Два модуля, установленных бок о бок в портретной ориентации",crop_farming,https://docs.google.com/spreadsheets/d/e/2PACX-1vSrhKbZjKkGqSytiGNDciKhx5LYm9bubt-WFqbuASR48nvkC8yEg16fZKnbRgXeMdNPSAVJbZlnw-Sc/pub?output=csv,89,,,,,,,,,,,,,,,,,,,,,,,,,,,,,,,,,,,,,,,,,,,,,,,,,,,,,,,,
10.52825/agripv.v3i.1406,Agrivoltaics in Norway: Microclimate Modelling and Grass Yields from the Highest Latitude Agrivoltaics System,"Agrivoltaics, also known as solar sharing or agri-PV, represents a pioneering con- cept that seeks to optimise land use by combining agriculture with photovoltaics on the same land area. While research and development on this topic have increased significantly, few studies address the issue in the Continental Subarctic Climate zone. In this paper, we report on the modelling and installation of a 48 kWp agrivoltaic system at the Skjetlein High School in Trondheim (Norway, lat. 63.34), which is currently the highest latitude system in the World, and we present the initial results of the impacts of the system on Timothy grass biomass. This work takes the first steps towards realising agrivoltaic opportunities for a broad area of Norwegian agriculture.",01.06.2023,,Тронхейм,,,,Открытый грунт,,,Тимофеевка луговая,,,,90,90,,"0,5",12,,,,,,,48,,,100%,100%,,,,,"В разделе моделирования (Рис. 3) для сравнения представлены и другие ориентации (Север-Юг, азимут 10°, азимут 20°), но они не были реализованы в данном эксперименте.",crop_farming,https://docs.google.com/spreadsheets/d/e/2PACX-1vSrhKbZjKkGqSytiGNDciKhx5LYm9bubt-WFqbuASR48nvkC8yEg16fZKnbRgXeMdNPSAVJbZlnw-Sc/pub?output=csv,90,,,,,,,,,,,,,,,,,,,,,,,,,,,,,,,,,,,,,,,,,,,,,,,,,,,,,,,,
10.1111/ppl.14081,Agrivoltaics mitigate drought effects in winter wheat,"Climate change is expected to decrease water availability in many agricultural production areas around the globe. At the same time renewable energy concepts such as agrivoltaics (AV) are necessary to manage the energy transition. Several studies showed that evapotranspiration can be reduced in AV systems, resulting in increased water availability for crops. However, effects on crop performance and productivity remain unclear to date. Carbon-13 isotopic composition (δ13 C and discrimination against carbon-13) can be used as a proxy for the effects of water availability on plant performance, integrating crop responses over the entire growing season. The aim of this study was to assess these effects via carbon isotopic composition in grains, as well as grain yield of winter wheat in an AV system in southwest Germany. Crops were cultivated over four seasons from 2016-2020 in the AV system and on an unshaded adjacent reference (REF) site. Across all seasons, average grain yield did not significantly differ between AV and REF (4.7 vs 5.2 t ha-1 ), with higher interannual yield stability in the AV system. However, δ13 C as well as carbon-13 isotope discrimination differed significantly across the seasons by 1‰ (AV: -29.0‰ vs REF: -28.0‰ and AV: 21.6‰ vs REF: 20.6‰) between the AV system and the REF site. These drought mitigation effects as indicated by the results of this study will become crucial for the resilience of agricultural production in the near future when drought events will become significantly more frequent and severe.",01.10.2016,31.07.2019,Хердванген-Шёнах,3000,,,Открытый грунт,Равномерное орошение,,Озимая пшеница,,,,,,,5,,,,,,,"64,66666667",194,,,90%,90%,,,,,"Смягчение засухи: система агровольтаики достоверно смягчала эффекты засухи, что подтверждается данными по изотопному составу углерода (δ¹³C и CID) в зерне пшеницы. Растения под панелями меньше испытывали водный стресс. Стабильность урожая: хотя средняя урожайность в системе AV была несколько ниже, чем на контрольном участке (REF), разница не была статистически значимой. При этом устойчивость урожая в системе AV была выше (коэффициент вариации 16% против 26% на REF), особенно в засушливые сезоны. Водопользование: более высокие значения CID в системе AV указывают на то, что растения могли держать устьица открытыми дольше, имели более высокую проводимость и, следовательно, потенциально более высокий потенциал ассимиляции углерода в условиях меньшего водного стресса.",crop_farming,https://docs.google.com/spreadsheets/d/e/2PACX-1vSrhKbZjKkGqSytiGNDciKhx5LYm9bubt-WFqbuASR48nvkC8yEg16fZKnbRgXeMdNPSAVJbZlnw-Sc/pub?output=csv,91,,,,,,,,,,,,,,,,,,,,,,,,,,,,,,,,,,,,,,,,,,,,,,,,,,,,,,,,
10.3390/en13184815,Application of Photovoltaic Systems for Agriculture: A Study on the Relationship between Power Generation and Farming for the Improvement of Photovoltaic Applications in Agriculture,"Agrivoltaic (agriculture–photovoltaic) or solar sharing has gained growing recognition as a promising means of integrating agriculture and solar-energy harvesting. Although this field offers great potential, data on the impact on crop growth and development are insufficient. As such, this study examines the impact of agriculture–photovoltaic farming on crops using energy information and communications technology (ICT). The researched crops were grapes, cultivated land was divided into six sections, photovoltaic panels were installed in three test areas, and not installed in the other three. A 1300 × 520 mm photovoltaic module was installed on a screen that was designed with a shading rate of 30%. In addition, to collect farming-cultivation-environment data and to analyze power generation, sensors for growing environments and wireless-communication devices were used. As a result, normal modules generated 25.2 MWh, bifacial modules generated 21.6 MWh, and transparent modules generated 25.7 MWh over a five-month period. We could not find a difference in grape growth according to the difference of each module. However, a slight slowing of grape growth was found in the experiment group compared to the control group. Nevertheless, the sugar content of the test area of the grape fruit in the harvest season was 17.6 Brix on average, and the sugar content of the control area was measured at 17.2 Brix. Grape sugar-content level was shown to be at almost the same level as that in the control group by delaying the harvest time by about 10 days. In conclusion, this study shows that it is possible to produce renewable energy without any meaningful negative impact on normal grape farming.",01.04.2019,01.12.2019,Инчхон,600,,,Открытый грунт,Равномерное орошение,,Виноград,,,,0,15,,2,,50%,,,,,55,33,60480,"1832,727273",100%,100%,,,,,Сбор урожая на 10 дней позже,crop_farming,https://docs.google.com/spreadsheets/d/e/2PACX-1vSrhKbZjKkGqSytiGNDciKhx5LYm9bubt-WFqbuASR48nvkC8yEg16fZKnbRgXeMdNPSAVJbZlnw-Sc/pub?output=csv,92,,,,,,,,,,,,,,,,,,,,,,,,,,,,,,,,,,,,,,,,,,,,,,,,,,,,,,,,
10.3390/en13184815,Application of Photovoltaic Systems for Agriculture: A Study on the Relationship between Power Generation and Farming for the Improvement of Photovoltaic Applications in Agriculture,"Agrivoltaic (agriculture–photovoltaic) or solar sharing has gained growing recognition as a promising means of integrating agriculture and solar-energy harvesting. Although this field offers great potential, data on the impact on crop growth and development are insufficient. As such, this study examines the impact of agriculture–photovoltaic farming on crops using energy information and communications technology (ICT). The researched crops were grapes, cultivated land was divided into six sections, photovoltaic panels were installed in three test areas, and not installed in the other three. A 1300 × 520 mm photovoltaic module was installed on a screen that was designed with a shading rate of 30%. In addition, to collect farming-cultivation-environment data and to analyze power generation, sensors for growing environments and wireless-communication devices were used. As a result, normal modules generated 25.2 MWh, bifacial modules generated 21.6 MWh, and transparent modules generated 25.7 MWh over a five-month period. We could not find a difference in grape growth according to the difference of each module. However, a slight slowing of grape growth was found in the experiment group compared to the control group. Nevertheless, the sugar content of the test area of the grape fruit in the harvest season was 17.6 Brix on average, and the sugar content of the control area was measured at 17.2 Brix. Grape sugar-content level was shown to be at almost the same level as that in the control group by delaying the harvest time by about 10 days. In conclusion, this study shows that it is possible to produce renewable energy without any meaningful negative impact on normal grape farming.",01.04.2019,01.12.2019,Инчхон,600,,,Открытый грунт,Равномерное орошение,,Виноград,,,,45,15,,2,,50%,,,,,55,33,51840,"1570,909091",100%,100%,,,,,Сбор урожая на 10 дней позже,crop_farming,https://docs.google.com/spreadsheets/d/e/2PACX-1vSrhKbZjKkGqSytiGNDciKhx5LYm9bubt-WFqbuASR48nvkC8yEg16fZKnbRgXeMdNPSAVJbZlnw-Sc/pub?output=csv,93,,,,,,,,,,,,,,,,,,,,,,,,,,,,,,,,,,,,,,,,,,,,,,,,,,,,,,,,
10.3390/en13184815,Application of Photovoltaic Systems for Agriculture: A Study on the Relationship between Power Generation and Farming for the Improvement of Photovoltaic Applications in Agriculture,"Agrivoltaic (agriculture–photovoltaic) or solar sharing has gained growing recognition as a promising means of integrating agriculture and solar-energy harvesting. Although this field offers great potential, data on the impact on crop growth and development are insufficient. As such, this study examines the impact of agriculture–photovoltaic farming on crops using energy information and communications technology (ICT). The researched crops were grapes, cultivated land was divided into six sections, photovoltaic panels were installed in three test areas, and not installed in the other three. A 1300 × 520 mm photovoltaic module was installed on a screen that was designed with a shading rate of 30%. In addition, to collect farming-cultivation-environment data and to analyze power generation, sensors for growing environments and wireless-communication devices were used. As a result, normal modules generated 25.2 MWh, bifacial modules generated 21.6 MWh, and transparent modules generated 25.7 MWh over a five-month period. We could not find a difference in grape growth according to the difference of each module. However, a slight slowing of grape growth was found in the experiment group compared to the control group. Nevertheless, the sugar content of the test area of the grape fruit in the harvest season was 17.6 Brix on average, and the sugar content of the control area was measured at 17.2 Brix. Grape sugar-content level was shown to be at almost the same level as that in the control group by delaying the harvest time by about 10 days. In conclusion, this study shows that it is possible to produce renewable energy without any meaningful negative impact on normal grape farming.",01.04.2019,01.12.2019,Инчхон,600,,,Открытый грунт,Равномерное орошение,,Виноград,,,,-45,15,,2,,50%,,,,,55,33,61680,"1869,090909",100%,100%,,,,,Сбор урожая на 10 дней позже,crop_farming,https://docs.google.com/spreadsheets/d/e/2PACX-1vSrhKbZjKkGqSytiGNDciKhx5LYm9bubt-WFqbuASR48nvkC8yEg16fZKnbRgXeMdNPSAVJbZlnw-Sc/pub?output=csv,94,,,,,,,,,,,,,,,,,,,,,,,,,,,,,,,,,,,,,,,,,,,,,,,,,,,,,,,,
10.1016/j.renene.2023.05.077,Complex methodology for optimizing local energy supply and overall resilience of rural areas: A case study of Agrovoltaic system with Miscanthus x giganteus plantation within the energy community in the Czech Republic,"The article presents a proposal for a comprehensive methodology designed to increase the energy self-sufficiency and overall resilience of rural areas. The methodology aims to maximize the synergy and economic benefit of the agrovoltaic system with the cultivation of the energy crop Miscanthus x giganteus and its use for energy production in CHP sources within the local energy community. Primary data from Miscanthus × giganteus cultivation from long-term field trials and commercial plantations and initial agrovoltaic experiments were used. The analysed data show the high resistance and adaptability of Miscanthus × giganteus to climate change and confirm its expected long-term high yields of around 15 t DM ha−1 y−1 with a Higher Heating Value of 17–19 GJ t−1. The application of the methodology to a case study in the Czech Republic shows a reduction in electricity consumption by more than 40% (2 GWh) and a reduction in thermal energy consumption by more than 15% (4 GWh). The technical-economic analysis shows the high potential, financial and non-financial benefits of local production of energy fuels from biomass as part of subsequent production and energy distribution in the agrovoltaic field.",,,Бржезнице,98000,,,Открытый грунт,,Средняя,Мискантус,,,,0,35,,,,,,,,,,1500,1560000,1040,90%,90%,,,,,"1) Энергетические показатели: снижение потребления электроэнергии: > 40% (2 ГВт*ч/год); Снижение потребления тепловой энергии: > 15% (4 ГВт*ч/год); Теплотворная способность биомассы: Высшая теплотворная способность (HHV) = 17–19 ГДж/т 2)Экономические показатели: Срок окупаемости: 8 лет (простой), 10.3 года (дисконтированный); Чистая приведенная стоимость (NPV): 1 881 000 евро; Годовой экономический эффект для сообщества: 207 000 евро/год 3) Конфигурация системы: Установленная мощность АГ-электростанции: 1.5 МВт (оптимальная по результатам анализа); Установленная тепловая мощность ТЭЦ (CHP): 1.6 МВт; Технология ТЭЦ: ORC (Organic Rankine Cycle); Потребление биомассы: 20.2 ТДж/год",crop_farming,https://docs.google.com/spreadsheets/d/e/2PACX-1vSrhKbZjKkGqSytiGNDciKhx5LYm9bubt-WFqbuASR48nvkC8yEg16fZKnbRgXeMdNPSAVJbZlnw-Sc/pub?output=csv,95,,,,,,,,,,,,,,,,,,,,,,,,,,,,,,,,,,,,,,,,,,,,,,,,,,,,,,,,
10.1016/j.dib.2024.110990,Data on the effects of a vertical agrivoltaic system on crop yield and nutrient content of barley (Hordeum vulgare L.) in Sweden,"Agrivoltaic systems emerge as a promising solution to the ongoing conflict between allocating agricultural land for food production and establishing solar parks. This field experiment, conducted during the spring and summer seasons of 2023, aims to showcase barley production in a vertical agrivoltaic system compared to open-field reference conditions at Kärrbo Prästgård, near Västerås, Sweden. The dataset presented in this article encompasses both barley kernel and straw yields, kernel crude protein levels, starch content in kernels and thousand kernel weight. All collected data underwent analysis of variance (ANOVA) with Tukey pairwise comparison when possible, using dedicated software RStudio 4.3.2. This dataset article illustrates the effects of the vertical agrivoltaic design system on barley productivity. Interested researchers can benefit from this data to better comprehend barley yield under this specific agrivoltaic design and conduct further analyses and comparisons with yields from different locations or design configurations. The experimental data holds the potential to foster collaborations and advance research in agrivoltaic systems, providing a valuable resource for anyone interested in the subject. It was observed that the mean barley yield in all the different areas of the vertical agrivoltaic system were higher than the one in the control area. Additionally, weather and solar irradiance data collected during the growing season are provided in the repository for further usage.",12.05.2023,07.09.2023,Вестерос,"0,25",,,Открытый грунт,Неравномерное орошение,,Ячмень Дракон,,,,0,90,,,,,,,,,,,,,131%,132%,,,,,"Баклажаны, салат латук и алоэ вера показали значительное преимущество по урожайности и общему коэффициенту LER в условиях агровольтаики. Томаты не показали разницы, а выращивание зеленого перца чили в такой системе признано нецелесообразным (LER < 1), несмотря на высокий прирост биомассы, из-за компромисса с выработкой энергии.",crop_farming,https://docs.google.com/spreadsheets/d/e/2PACX-1vSrhKbZjKkGqSytiGNDciKhx5LYm9bubt-WFqbuASR48nvkC8yEg16fZKnbRgXeMdNPSAVJbZlnw-Sc/pub?output=csv,96,,,,,,,,,,,,,,,,,,,,,,,,,,,,,,,,,,,,,,,,,,,,,,,,,,,,,,,,
10.1016/j.cles.2025.100174,Design of an Agro-photovoltaic system to find shade tolerant crops perspective to Bangladesh,"Agro-photovoltaic (APV) technology addresses the challenges of land-use competition by enabling simultaneous solar power generation and food production, thus mitigating potential economic, ecological, political, and social conflicts in Bangladesh's future energy landscape. This study investigates the growth and yield of shade-tolerant crops, including tomato, brinjal, green chili, lettuce, aloe vera, under shaded and non-shaded conditions. Key plant growth parameters such as height, number of leaves, flowers, fruits, and fruit weight are measured to evaluate crop performance in the APV system. The Land Equivalent Ratio (LER) is utilized to compare the efficiency of food and energy production in APV systems against traditional monoculture farming, identifying optimal crops for APV integration. Energy generation from a stand-alone APV (SAPV) system is measured and simulated using PVsyst software to optimize system performance and maximize power output. Results indicate that brinjal, lettuce, aloe vera exhibit yield advantages in the APV system, while green chili show disadvantages, and tomato demonstrates no significant difference. The SAPV system achieves an average yearly performance ratio of 75.4 % and a solar fraction (FR) of 0.914, consistently meeting energy demands with an average daily energy production of 1.157 kWh. This study highlights the feasibility of APV systems as a sustainable model for integrated food and energy production in Bangladesh, demonstrating their potential to enhance land-use efficiency and contribute to the nation's energy and agricultural resilience.",,,Читтагонг,9,1,1,Открытый грунт,Равномерное орошение,,Томат,,,100 Вт,0,25,0,"1,725",,,1589,,1644,,,"0,3","424,98","1416,6",100%,100%,,,,,"Баклажаны, салат латук и алоэ вера показали значительное преимущество по урожайности и общему коэффициенту LER в условиях агровольтаики. Томаты не показали разницы, а выращивание зеленого перца чили в такой системе признано нецелесообразным (LER < 1), несмотря на высокий прирост биомассы, из-за компромисса с выработкой энергии.",crop_farming,https://docs.google.com/spreadsheets/d/e/2PACX-1vSrhKbZjKkGqSytiGNDciKhx5LYm9bubt-WFqbuASR48nvkC8yEg16fZKnbRgXeMdNPSAVJbZlnw-Sc/pub?output=csv,97,,,,,,,,,,,,,,,,,,,,,,,,,,,,,,,,,,,,,,,,,,,,,,,,,,,,,,,,
10.1016/j.cles.2025.100174,Design of an Agro-photovoltaic system to find shade tolerant crops perspective to Bangladesh,"Agro-photovoltaic (APV) technology addresses the challenges of land-use competition by enabling simultaneous solar power generation and food production, thus mitigating potential economic, ecological, political, and social conflicts in Bangladesh's future energy landscape. This study investigates the growth and yield of shade-tolerant crops, including tomato, brinjal, green chili, lettuce, aloe vera, under shaded and non-shaded conditions. Key plant growth parameters such as height, number of leaves, flowers, fruits, and fruit weight are measured to evaluate crop performance in the APV system. The Land Equivalent Ratio (LER) is utilized to compare the efficiency of food and energy production in APV systems against traditional monoculture farming, identifying optimal crops for APV integration. Energy generation from a stand-alone APV (SAPV) system is measured and simulated using PVsyst software to optimize system performance and maximize power output. Results indicate that brinjal, lettuce, aloe vera exhibit yield advantages in the APV system, while green chili show disadvantages, and tomato demonstrates no significant difference. The SAPV system achieves an average yearly performance ratio of 75.4 % and a solar fraction (FR) of 0.914, consistently meeting energy demands with an average daily energy production of 1.157 kWh. This study highlights the feasibility of APV systems as a sustainable model for integrated food and energy production in Bangladesh, demonstrating their potential to enhance land-use efficiency and contribute to the nation's energy and agricultural resilience.",,,Читтагонг,9,"1,93","1,93",Открытый грунт,Равномерное орошение,,Баклажан,,,100 Вт,0,25,0,"1,725",,,1589,,1644,,,"0,3","424,98","1416,6",233%,233%,,,,,"Баклажаны, салат латук и алоэ вера показали значительное преимущество по урожайности и общему коэффициенту LER в условиях агровольтаики. Томаты не показали разницы, а выращивание зеленого перца чили в такой системе признано нецелесообразным (LER < 1), несмотря на высокий прирост биомассы, из-за компромисса с выработкой энергии.",crop_farming,https://docs.google.com/spreadsheets/d/e/2PACX-1vSrhKbZjKkGqSytiGNDciKhx5LYm9bubt-WFqbuASR48nvkC8yEg16fZKnbRgXeMdNPSAVJbZlnw-Sc/pub?output=csv,98,,,,,,,,,,,,,,,,,,,,,,,,,,,,,,,,,,,,,,,,,,,,,,,,,,,,,,,,
10.1016/j.cles.2025.100174,Design of an Agro-photovoltaic system to find shade tolerant crops perspective to Bangladesh,"Agro-photovoltaic (APV) technology addresses the challenges of land-use competition by enabling simultaneous solar power generation and food production, thus mitigating potential economic, ecological, political, and social conflicts in Bangladesh's future energy landscape. This study investigates the growth and yield of shade-tolerant crops, including tomato, brinjal, green chili, lettuce, aloe vera, under shaded and non-shaded conditions. Key plant growth parameters such as height, number of leaves, flowers, fruits, and fruit weight are measured to evaluate crop performance in the APV system. The Land Equivalent Ratio (LER) is utilized to compare the efficiency of food and energy production in APV systems against traditional monoculture farming, identifying optimal crops for APV integration. Energy generation from a stand-alone APV (SAPV) system is measured and simulated using PVsyst software to optimize system performance and maximize power output. Results indicate that brinjal, lettuce, aloe vera exhibit yield advantages in the APV system, while green chili show disadvantages, and tomato demonstrates no significant difference. The SAPV system achieves an average yearly performance ratio of 75.4 % and a solar fraction (FR) of 0.914, consistently meeting energy demands with an average daily energy production of 1.157 kWh. This study highlights the feasibility of APV systems as a sustainable model for integrated food and energy production in Bangladesh, demonstrating their potential to enhance land-use efficiency and contribute to the nation's energy and agricultural resilience.",,,Читтагонг,9,"0,96","0,96",Открытый грунт,Равномерное орошение,,Зеленый перец,,,100 Вт,0,25,0,"1,725",,,1589,,1644,,,"0,3","424,98","1416,6",400%,400%,,,,,"Баклажаны, салат латук и алоэ вера показали значительное преимущество по урожайности и общему коэффициенту LER в условиях агровольтаики. Томаты не показали разницы, а выращивание зеленого перца чили в такой системе признано нецелесообразным (LER < 1), несмотря на высокий прирост биомассы, из-за компромисса с выработкой энергии.",crop_farming,https://docs.google.com/spreadsheets/d/e/2PACX-1vSrhKbZjKkGqSytiGNDciKhx5LYm9bubt-WFqbuASR48nvkC8yEg16fZKnbRgXeMdNPSAVJbZlnw-Sc/pub?output=csv,99,,,,,,,,,,,,,,,,,,,,,,,,,,,,,,,,,,,,,,,,,,,,,,,,,,,,,,,,
10.1016/j.cles.2025.100174,Design of an Agro-photovoltaic system to find shade tolerant crops perspective to Bangladesh,"Agro-photovoltaic (APV) technology addresses the challenges of land-use competition by enabling simultaneous solar power generation and food production, thus mitigating potential economic, ecological, political, and social conflicts in Bangladesh's future energy landscape. This study investigates the growth and yield of shade-tolerant crops, including tomato, brinjal, green chili, lettuce, aloe vera, under shaded and non-shaded conditions. Key plant growth parameters such as height, number of leaves, flowers, fruits, and fruit weight are measured to evaluate crop performance in the APV system. The Land Equivalent Ratio (LER) is utilized to compare the efficiency of food and energy production in APV systems against traditional monoculture farming, identifying optimal crops for APV integration. Energy generation from a stand-alone APV (SAPV) system is measured and simulated using PVsyst software to optimize system performance and maximize power output. Results indicate that brinjal, lettuce, aloe vera exhibit yield advantages in the APV system, while green chili show disadvantages, and tomato demonstrates no significant difference. The SAPV system achieves an average yearly performance ratio of 75.4 % and a solar fraction (FR) of 0.914, consistently meeting energy demands with an average daily energy production of 1.157 kWh. This study highlights the feasibility of APV systems as a sustainable model for integrated food and energy production in Bangladesh, demonstrating their potential to enhance land-use efficiency and contribute to the nation's energy and agricultural resilience.",,,Читтагонг,9,"1,85","1,85",Открытый грунт,Равномерное орошение,,Салат-латук,,,100 Вт,0,25,0,"1,725",,,1589,,1644,,,"0,3","424,98","1416,6",111%,111%,,,,,"Баклажаны, салат латук и алоэ вера показали значительное преимущество по урожайности и общему коэффициенту LER в условиях агровольтаики. Томаты не показали разницы, а выращивание зеленого перца чили в такой системе признано нецелесообразным (LER < 1), несмотря на высокий прирост биомассы, из-за компромисса с выработкой энергии.",crop_farming,https://docs.google.com/spreadsheets/d/e/2PACX-1vSrhKbZjKkGqSytiGNDciKhx5LYm9bubt-WFqbuASR48nvkC8yEg16fZKnbRgXeMdNPSAVJbZlnw-Sc/pub?output=csv,100,,,,,,,,,,,,,,,,,,,,,,,,,,,,,,,,,,,,,,,,,,,,,,,,,,,,,,,,
10.1016/j.cles.2025.100174,Design of an Agro-photovoltaic system to find shade tolerant crops perspective to Bangladesh,"Agro-photovoltaic (APV) technology addresses the challenges of land-use competition by enabling simultaneous solar power generation and food production, thus mitigating potential economic, ecological, political, and social conflicts in Bangladesh's future energy landscape. This study investigates the growth and yield of shade-tolerant crops, including tomato, brinjal, green chili, lettuce, aloe vera, under shaded and non-shaded conditions. Key plant growth parameters such as height, number of leaves, flowers, fruits, and fruit weight are measured to evaluate crop performance in the APV system. The Land Equivalent Ratio (LER) is utilized to compare the efficiency of food and energy production in APV systems against traditional monoculture farming, identifying optimal crops for APV integration. Energy generation from a stand-alone APV (SAPV) system is measured and simulated using PVsyst software to optimize system performance and maximize power output. Results indicate that brinjal, lettuce, aloe vera exhibit yield advantages in the APV system, while green chili show disadvantages, and tomato demonstrates no significant difference. The SAPV system achieves an average yearly performance ratio of 75.4 % and a solar fraction (FR) of 0.914, consistently meeting energy demands with an average daily energy production of 1.157 kWh. This study highlights the feasibility of APV systems as a sustainable model for integrated food and energy production in Bangladesh, demonstrating their potential to enhance land-use efficiency and contribute to the nation's energy and agricultural resilience.",,,Читтагонг,9,"1,86","1,86",Открытый грунт,Равномерное орошение,,Алоэ вера,,,100 Вт,0,25,0,"1,725",,,1589,,1644,,,"0,3","424,98","1416,6",227%,227%,,,,,"Баклажаны, салат латук и алоэ вера показали значительное преимущество по урожайности и общему коэффициенту LER в условиях агровольтаики. Томаты не показали разницы, а выращивание зеленого перца чили в такой системе признано нецелесообразным (LER < 1), несмотря на высокий прирост биомассы, из-за компромисса с выработкой энергии.",crop_farming,https://docs.google.com/spreadsheets/d/e/2PACX-1vSrhKbZjKkGqSytiGNDciKhx5LYm9bubt-WFqbuASR48nvkC8yEg16fZKnbRgXeMdNPSAVJbZlnw-Sc/pub?output=csv,101,,,,,,,,,,,,,,,,,,,,,,,,,,,,,,,,,,,,,,,,,,,,,,,,,,,,,,,,
10.1016/j.rineng.2025.105278,"Design, simulation, and experimental evaluation of an agrivoltaic greenhouse in Turkey","Agrivoltaic greenhouses represent a promising approach for simultaneously achieving renewable energy production and agricultural productivity. Despite significant research, gaps remain concerning the practical integration of bifacial photovoltaic (PV) systems into greenhouse structures, particularly regarding detailed pre-design simulations combined with experimental validation under Mediterranean climatic conditions. This study addresses these gaps by designing, simulating, constructing, and experimentally validating a bifacial PV-integrated greenhouse in Ankara, Turkey. Advanced ray-tracing simulations with bifacial_radiance software evaluated multiple design parameters, including roof coverage ratios, PV layout patterns, greenhouse shapes, and orientations, with the aim of optimizing light distribution and photovoltaic yield. A checkerboard PV pattern covering 33 % of the greenhouse roof with an east-west orientation was identified as optimal for uniform light distribution. Experimental evaluations conducted on tomato and bell pepper crops over two growing seasons (2022–2023) showed yield reductions of 26–32 % in 2022, decreasing significantly to 15–18 % in 2023 due to improved shading management. Energy simulations predicted an annual specific PV yield of approximately 1211 kWh/kWp, closely aligned with operational data (1264 kWh/kWp) despite partial system use owing to grid limitations. The PV system successfully covered nearly all greenhouse energy demands except for heating. The findings highlight the delicate balance required between PV energy generation and agricultural yield and underscore the importance of comprehensive economic assessments to quantify the environmental and financial benefits of agrivoltaic systems.",01.07.2022,01.11.2023,Анкара,640,1,1,Теплица,Неравномерное орошение,Низкая,Томат,,,405 Вт,90,"27,5","1,57","4,1",,"67,15%",,,,,"37,5111254","24,00712025",30345,1264,74%,74%,,,,,,crop_farming,https://docs.google.com/spreadsheets/d/e/2PACX-1vSrhKbZjKkGqSytiGNDciKhx5LYm9bubt-WFqbuASR48nvkC8yEg16fZKnbRgXeMdNPSAVJbZlnw-Sc/pub?output=csv,102,,,,,,,,,,,,,,,,,,,,,,,,,,,,,,,,,,,,,,,,,,,,,,,,,,,,,,,,
10.1016/j.rineng.2025.105278,"Design, simulation, and experimental evaluation of an agrivoltaic greenhouse in Turkey","Agrivoltaic greenhouses represent a promising approach for simultaneously achieving renewable energy production and agricultural productivity. Despite significant research, gaps remain concerning the practical integration of bifacial photovoltaic (PV) systems into greenhouse structures, particularly regarding detailed pre-design simulations combined with experimental validation under Mediterranean climatic conditions. This study addresses these gaps by designing, simulating, constructing, and experimentally validating a bifacial PV-integrated greenhouse in Ankara, Turkey. Advanced ray-tracing simulations with bifacial_radiance software evaluated multiple design parameters, including roof coverage ratios, PV layout patterns, greenhouse shapes, and orientations, with the aim of optimizing light distribution and photovoltaic yield. A checkerboard PV pattern covering 33 % of the greenhouse roof with an east-west orientation was identified as optimal for uniform light distribution. Experimental evaluations conducted on tomato and bell pepper crops over two growing seasons (2022–2023) showed yield reductions of 26–32 % in 2022, decreasing significantly to 15–18 % in 2023 due to improved shading management. Energy simulations predicted an annual specific PV yield of approximately 1211 kWh/kWp, closely aligned with operational data (1264 kWh/kWp) despite partial system use owing to grid limitations. The PV system successfully covered nearly all greenhouse energy demands except for heating. The findings highlight the delicate balance required between PV energy generation and agricultural yield and underscore the importance of comprehensive economic assessments to quantify the environmental and financial benefits of agrivoltaic systems.",01.07.2022,01.11.2023,Анкара,640,1,1,Теплица,Неравномерное орошение,Низкая,Болгарский перец,,,405 Вт,90,"27,5","1,57","4,1",,"67,15%",,,,,"37,5111254","24,00712025",30345,1264,71%,71%,,,,,,crop_farming,https://docs.google.com/spreadsheets/d/e/2PACX-1vSrhKbZjKkGqSytiGNDciKhx5LYm9bubt-WFqbuASR48nvkC8yEg16fZKnbRgXeMdNPSAVJbZlnw-Sc/pub?output=csv,103,,,,,,,,,,,,,,,,,,,,,,,,,,,,,,,,,,,,,,,,,,,,,,,,,,,,,,,,
10.1002/fes3.70110,Economic Feasibility of Agrivoltaic Systems for Sustainable Small Scale Farming,"The global push toward renewable energy systems has prompted a desire to more efficiently use land through the co‐location of agricultural and industrial activities. Agrivoltaic systems (AV), crops grown underneath/adjacent to solar photovoltaic (PV) panels, present a unique value proposition to produce food and energy in a single location. Here, we conducted a field trial within a PV site, empirically testing AV methods using small‐scale sustainable farming practices in a peri‐urban landscape in Hawaiʻi. By mimicking commercial production conditions, we identified the most profitable lettuce genotype (e.g., Magenta) and created an enterprise budget to generate realistic financial expectations for those (company, municipality, university) aiming to create energy‐generating foodscapes. These empirical data generated in a commercial setting can be used as valuable inputs for future planning work in a range of different geographies.",01.07.2022,01.10.2022,Милилани Таун,4046,1,1,Открытый грунт,Равномерное орошение,Низкая,Салат-латук,"0,2",,,,,,,,,,,,,,,,,90%,90%,,,,,,crop_farming,https://docs.google.com/spreadsheets/d/e/2PACX-1vSrhKbZjKkGqSytiGNDciKhx5LYm9bubt-WFqbuASR48nvkC8yEg16fZKnbRgXeMdNPSAVJbZlnw-Sc/pub?output=csv,104,,,,,,,,,,,,,,,,,,,,,,,,,,,,,,,,,,,,,,,,,,,,,,,,,,,,,,,,
10.1016/j.heliyon.2022.e08877,Effect of photovoltaics shading on the growth of chili pepper in controlled greenhouses,"The integration of photovoltaic into a greenhouse has been implemented to maximize the energy output and crop production yield from the same land space. The effect of greenhouse external shading of opaque crystalline silicon photovoltaic (PV) panels at 13–26% of the roof area on the microclimate and growth of Chili pepper Capsicum annuum cv. (omega) was investigated. The PV panels were divided into two arrays (each of 4 PVs) and fixed separately on two external pillars of 4 m height in the Southeast and Northwest directions, respectively. Each array of 4 PVs could be tracked from the East-West direction to North-South. There were two greenhouses, one was used as control without shading and the other had the external shading. The results revealed that the external shading of PV slightly decreased air temperatures (1–2 °C) and light intensities (25–40%) but had no effect on the dew point temperatures and relative humidity as compared to the control (unshaded greenhouse). Furthermore, the yield and growth of Chili pepper in the shaded greenhouse was insignificantly higher than that in the unshaded greenhouse. Moreover, the simulation results revealed that the estimated electric energy of photovoltaic panels was 3705 kWh/year at a tilt angle of 25° facing South.",20.08.2020,01.12.2020,Гиза,50,,,Теплица,Равномерное орошение,Низкая,Чили перец,1,"19,5%",STP275-20/WF,0,25,,4,,71%,,,,,44,"2,2",3705,"1684,090909",114%,114%,,,,,,crop_farming,https://docs.google.com/spreadsheets/d/e/2PACX-1vSrhKbZjKkGqSytiGNDciKhx5LYm9bubt-WFqbuASR48nvkC8yEg16fZKnbRgXeMdNPSAVJbZlnw-Sc/pub?output=csv,105,,,,,,,,,,,,,,,,,,,,,,,,,,,,,,,,,,,,,,,,,,,,,,,,,,,,,,,,
10.52825/agripv.v1i.588,Effects of Agricultural Photovoltaic Systems Development on Sweet Potato Growth: Novel Agrivoltaics for Water Food Energy Nexus,"Agricultural Photovoltaic (APV) has become more popular worldwide. Its core idea is to generate electricity and grow crops simultaneously on the same farmland. We developed two APV, Spectrum Splitting and Concentrated APV (SCAPV) and Even-lighting Agricultural Photovoltaic (EAPV). Our previous studies have investigated electricity generation, enhanced growth of plants/crops, and reduced water evaporation simultaneously on the same farmland. Furthermore, SCAPV and EAPV examined the better quality and increased yield of many plants, such as lettuce and cucumber. However, the effects of SCAPV and EAPV on sweet potato quality and yield have not been studied. Therefore, this study aims to investigate the impact of SCAPV and EAPV on evapotranspiration (ET) and sweet potato quality and yield. We conducted three treatments: SCAPV, EAPV, and open-air (CK). We planted 32 m2 of sweet potatoes and placed a weather station in each treatment. Our results showed that the 32 m2 of sweet potato yield under SCAPV, EAPV, and CK were 121.53 kg, 99.55 kg, and 77.84 kg, respectively. The dry rate in CK was 11.75% lower than 13.41% and 13.81% under SCAPV and EAPV, respectively. Soluble sugar content increased under EAPV. Anthocyanin content under SCAPV improved. Therefore, SCAPV and EAPV positively affect dry matter accumulation and enhance the sweet potato's growth. Average ET under SCAPV and EAPV compared with CK significantly reduced by 31% and 23%. SCAPV and EAPV could reduce irrigation and provide feasible green energy and sustainable APV solutions.",17.04.2023,20.10.2023,Фуян,9,,,Открытый грунт,Равномерное орошение,Низкая,Батат,"0,8",32%,,0,,,,,,,,,,,,,,"100,3%","131,4%",,,,,"SCAPV (Spectrum Splitting and Concentrated APV): Многослойная полимерная пленка разделяет свет: синий, красный и дальний красный свет пропускаются на растения, остальной спектр концентрируется на ФЭ панелях.",crop_farming,https://docs.google.com/spreadsheets/d/e/2PACX-1vSrhKbZjKkGqSytiGNDciKhx5LYm9bubt-WFqbuASR48nvkC8yEg16fZKnbRgXeMdNPSAVJbZlnw-Sc/pub?output=csv,106,,,,,,,,,,,,,,,,,,,,,,,,,,,,,,,,,,,,,,,,,,,,,,,,,,,,,,,,
10.52825/agripv.v1i.588,Effects of Agricultural Photovoltaic Systems Development on Sweet Potato Growth: Novel Agrivoltaics for Water Food Energy Nexus,"Agricultural Photovoltaic (APV) has become more popular worldwide. Its core idea is to generate electricity and grow crops simultaneously on the same farmland. We developed two APV, Spectrum Splitting and Concentrated APV (SCAPV) and Even-lighting Agricultural Photovoltaic (EAPV). Our previous studies have investigated electricity generation, enhanced growth of plants/crops, and reduced water evaporation simultaneously on the same farmland. Furthermore, SCAPV and EAPV examined the better quality and increased yield of many plants, such as lettuce and cucumber. However, the effects of SCAPV and EAPV on sweet potato quality and yield have not been studied. Therefore, this study aims to investigate the impact of SCAPV and EAPV on evapotranspiration (ET) and sweet potato quality and yield. We conducted three treatments: SCAPV, EAPV, and open-air (CK). We planted 32 m2 of sweet potatoes and placed a weather station in each treatment. Our results showed that the 32 m2 of sweet potato yield under SCAPV, EAPV, and CK were 121.53 kg, 99.55 kg, and 77.84 kg, respectively. The dry rate in CK was 11.75% lower than 13.41% and 13.81% under SCAPV and EAPV, respectively. Soluble sugar content increased under EAPV. Anthocyanin content under SCAPV improved. Therefore, SCAPV and EAPV positively affect dry matter accumulation and enhance the sweet potato's growth. Average ET under SCAPV and EAPV compared with CK significantly reduced by 31% and 23%. SCAPV and EAPV could reduce irrigation and provide feasible green energy and sustainable APV solutions.",17.04.2023,20.10.2023,Фуян,9,,,Открытый грунт,Равномерное орошение,Низкая,Батат,"0,8",32%,,0,,,,,,,,,,,,,,"102,3%","127,89%",,,,," EAPV (Even-lighting Agricultural Photovoltaic): Между стандартными ФЭ панелями установлено рифленое стекло, которое рассеивает и равномерно распределяет свет под конструкцией.",crop_farming,https://docs.google.com/spreadsheets/d/e/2PACX-1vSrhKbZjKkGqSytiGNDciKhx5LYm9bubt-WFqbuASR48nvkC8yEg16fZKnbRgXeMdNPSAVJbZlnw-Sc/pub?output=csv,107,,,,,,,,,,,,,,,,,,,,,,,,,,,,,,,,,,,,,,,,,,,,,,,,,,,,,,,,
10.52825/agripv.v2i.1033,Effects of Agrivoltaics on the Microclimate in Horticulture: Enhancing Resilience of Agriculture in Semi-Arid Zones,"Chilean agriculture must adapt to climate change as droughts are already affecting the country and water availability is expected to further decline. In this context, Agrivoltaics (AV) systems, that install photovoltaic (PV) panels over crops and thus provide shading and an altered microclimate could enhance the resilience of agriculture in semi-arid zones. We compare data measured under an AV system with a reference measurement to quantify the effects of AV on microclimate in horticulture in the Metropolitan Region of Santiago, Chile. Data on irradiation, air temperature, air humidity, and wind speed allow us to compute potential evapotranspiration (PET). We observe a reduction of Global Horizontal Irradiation (GHI) under the AV system of 42%. Mainly, as a result of the decreased GHI, we derive a diminution in PET of 31%, quantifying the potential to lower the water demand of crops and thus irrigation. Measured soil moisture is on average 29% higher under the AV system compared to the reference condition, hence validating PET computations. Also, we find a more moderate climate with slightly stabilized air temperature and lower soil temperatures. Our results give a glimpse of the effects of installing PV panels over horticulture crops concerning the challenges of Chilean agriculture. AV systems have the potential to increase water availability by lowering irrigation demand and protecting crops from the effects of extreme irradiation, such as sunburn and heat stress. Thus, AV could foster the transformation of agriculture towards sustainable production systems. The documented effects should be verified over longer periods with different crops to understand the impact of AV within seasonal and interannual climatical variation and the diversity of Chilean agriculture.",29.10.2021,17.01.2022,Сантьяго,224,,,Открытый грунт,Равномерное орошение,Низкая,Базилик,,42%,,60,27,,"3,9","5,33",,,,,,"55,71428571","12,48",,,,,31%,29%,"-2,83","-0,2",,crop_farming,https://docs.google.com/spreadsheets/d/e/2PACX-1vSrhKbZjKkGqSytiGNDciKhx5LYm9bubt-WFqbuASR48nvkC8yEg16fZKnbRgXeMdNPSAVJbZlnw-Sc/pub?output=csv,108,,,,,,,,,,,,,,,,,,,,,,,,,,,,,,,,,,,,,,,,,,,,,,,,,,,,,,,,
10.52825/agripv.v3i.1405,Effects of Dynamic Agrivoltaics on Containerized Raspberry Plants: Results of the First Season,"Raspberries need to be protected from various stresses (radiative, thermal, hydric), and the Sun'Agri dynamic agrivoltaic system (DAV) could be a more sustainable solution than the plastic tunnels currently in use. Compagnie Nationale du Rhône (CNR) started a three-year experiment in 2023 to compare a dynamic agrivoltaic system (combined with insect proof nets) with a plastic tunnel serving as a control (CTL) in Dardilly (France) using ‘Kwanza’ rasp-berry containerized plants. The first year of experimentation revealed similar cumulative daily light integral between the two treatments over the growing season despite different patterns within the day. The protection from the DAV reduced mean air temperature by 1.8°C and increased mean relative humidity by 7.3% in comparison to the CTL. That improvement in the micro-environment was even more pronounced in the container substrate temperature. Daily maximum substrate temperatures were reduced by 5°C. The number of days reaching 35°C, that is considered deleterious for raspberries, was observed only four days in the DAV treat-ment versus 27 days in the CTL treatment. The less stressful micro-environment in the DAV was associated with water savings of 41%, increases in marketable yields and fruit weight of 32% and 39%, respectively. Satisfactory fruit quality was observed for both treatments. Two additional years of research will be performed to have a better understanding of raspberry performance cultivated in DAV.",30.04.2023,31.10.2023,Дард-Куаз,783,,,Контейнер,Равномерное орошение,Низкая,Малина,,46%,DM450M6-B72HSW,0,,,"4,5","4,5",96%,,,,,"191,5708812",150,,,132%,132%,41%,0%,-5,"-1,8",,crop_farming,https://docs.google.com/spreadsheets/d/e/2PACX-1vSrhKbZjKkGqSytiGNDciKhx5LYm9bubt-WFqbuASR48nvkC8yEg16fZKnbRgXeMdNPSAVJbZlnw-Sc/pub?output=csv,109,,,,,,,,,,,,,,,,,,,,,,,,,,,,,,,,,,,,,,,,,,,,,,,,,,,,,,,,
10.3390/app14073095,Effects of the Agrivoltaic System on Crop Production: The Case of Tomato (Solanum lycopersicum L.),"Climate change, with rising temperatures, water crises, and an increased frequency of climate disturbances, poses a threat to the ability of agroecosystems to ensure human access to food by affecting both the quantity and quality of crop production. Currently, there is growing knowledge about the fact that agrivoltaic systems may represent a direct strategy to cope with climate change driven by carbon dioxide emissions for energy production, preserving the capacity of agroecosystems to maintain food security. The aim of this work was to investigate the impact of environmental conditions generated by photovoltaic (PV) panels for sustaining open-field tomato (Solanum lycopersicum L.) fruit production under varying water supply regimes. Tomato plants were grown beneath PV panels or in full sunlight. In each scenario, two plots with an equal number of plants were subjected to different irrigation levels: high watering (HW) and low watering (LW). The results showed a lower number of tomato fruit produced grown under the PV panels, with an increased fruit size and water content under a normal water supply. The Brix degrees of the tomato fruits grown under the panel were more comparable to the fruits commercially available on the market than the Brix degree of the fruits grown in open-field sunlight. Thus, our data supported the conclusion that the agrivoltaic system, in the context of climate change with the enduring drought and long-term water scarcity, can be a good adaptation strategy to maintain favorable tomato production compared to the full sunlight conditions. Furthermore, these results can be important for planning breeding programs, since in many cases, the tomato fruits grown in full sunlight were seedless.",30.06.2023,15.09.2023,Апулия,,,,Открытый грунт,Равномерное орошение,Низкая,Томат,,,,0,,,,,3%,,,,,,,,,94%,94%,,,"-7,6",-6,,crop_farming,https://docs.google.com/spreadsheets/d/e/2PACX-1vSrhKbZjKkGqSytiGNDciKhx5LYm9bubt-WFqbuASR48nvkC8yEg16fZKnbRgXeMdNPSAVJbZlnw-Sc/pub?output=csv,110,,,,,,,,,,,,,,,,,,,,,,,,,,,,,,,,,,,,,,,,,,,,,,,,,,,,,,,,
10.52825/agripv.v3i.1393,"Winter Wheat (Triticum aestivum L.) Grain Yield, Quality, and Net Photosynthesis When Grown Under Semi-Transparent Cadmium Telluride Photovoltaic Modules Near Maturity","Semi-transparent cadmium telluride (ST-CdTe) photovoltaic (PV) technology is based on the use of CdTe in a thin film (2-8µm) to absorb and convert sunlight into electricity. The thin film is deposited onto clear glass and can be custom abraded to produce ST-CdTe PV modules of a desired transparency level (e.g. 50% full sun/50% transparency) making it an intriguing option for agrivoltaics (AV) applications. Recent improvements in ST-CdTe PV technology have matched the efficiency of crystalline silicon (c-Si) PV with the levelized cost of energy production far lower than conventional gas, coal, and nuclear generation [1]. A field experiment was conducted whereby ST-CdTe PV modules of two transparency levels (20% and 50%) and a full sun control (100% transparency) were temporarily installed in a RCBD with three replicates over winter wheat (Triticum aestivum L.) plants after anthesis and until harvest. The average net photosynthetic rate (Pn) of the full sun control was significantly higher than the 20% ST-CdTe PV module, but not different from the 50% transparency module. Measured factors for yield and protein content were statistically insignificant, except for wheat head number, which was significantly higher under 50% ST-CdTe PV than both the 20% ST-CdTe and full sun control. These results provide evidence that ST-CdTe PV module technology can provide renewable energy while balancing wheat yield potential and grain quality. The ability to adjust the transparency levels of the modules make ST-CdTe another PV technology option to consider for AV applications.",15.09.2022,31.07.2023,Форт Коллинс,"0,42",,,Открытый грунт,Равномерное орошение,,Озимая пшеница,"0,76",,,30,30,,"0,2",,20%,,,,,,,,,100%,100%,,,,,,crop_farming,https://docs.google.com/spreadsheets/d/e/2PACX-1vSrhKbZjKkGqSytiGNDciKhx5LYm9bubt-WFqbuASR48nvkC8yEg16fZKnbRgXeMdNPSAVJbZlnw-Sc/pub?output=csv,111,,,,,,,,,,,,,,,,,,,,,,,,,,,,,,,,,,,,,,,,,,,,,,,,,,,,,,,,
10.52825/agripv.v3i.1393,"Winter Wheat (Triticum aestivum L.) Grain Yield, Quality, and Net Photosynthesis When Grown Under Semi-Transparent Cadmium Telluride Photovoltaic Modules Near Maturity","Semi-transparent cadmium telluride (ST-CdTe) photovoltaic (PV) technology is based on the use of CdTe in a thin film (2-8µm) to absorb and convert sunlight into electricity. The thin film is deposited onto clear glass and can be custom abraded to produce ST-CdTe PV modules of a desired transparency level (e.g. 50% full sun/50% transparency) making it an intriguing option for agrivoltaics (AV) applications. Recent improvements in ST-CdTe PV technology have matched the efficiency of crystalline silicon (c-Si) PV with the levelized cost of energy production far lower than conventional gas, coal, and nuclear generation [1]. A field experiment was conducted whereby ST-CdTe PV modules of two transparency levels (20% and 50%) and a full sun control (100% transparency) were temporarily installed in a RCBD with three replicates over winter wheat (Triticum aestivum L.) plants after anthesis and until harvest. The average net photosynthetic rate (Pn) of the full sun control was significantly higher than the 20% ST-CdTe PV module, but not different from the 50% transparency module. Measured factors for yield and protein content were statistically insignificant, except for wheat head number, which was significantly higher under 50% ST-CdTe PV than both the 20% ST-CdTe and full sun control. These results provide evidence that ST-CdTe PV module technology can provide renewable energy while balancing wheat yield potential and grain quality. The ability to adjust the transparency levels of the modules make ST-CdTe another PV technology option to consider for AV applications.",15.09.2022,31.07.2023,Форт Коллинс,"0,42",,,Открытый грунт,Равномерное орошение,,Озимая пшеница,"0,76",,,30,30,,"0,2",,50%,,,,,,,,,100%,100%,,,,,,crop_farming,https://docs.google.com/spreadsheets/d/e/2PACX-1vSrhKbZjKkGqSytiGNDciKhx5LYm9bubt-WFqbuASR48nvkC8yEg16fZKnbRgXeMdNPSAVJbZlnw-Sc/pub?output=csv,112,,,,,,,,,,,,,,,,,,,,,,,,,,,,,,,,,,,,,,,,,,,,,,,,,,,,,,,,
10.52825/agripv.v3i.1393,"Winter Wheat (Triticum aestivum L.) Grain Yield, Quality, and Net Photosynthesis When Grown Under Semi-Transparent Cadmium Telluride Photovoltaic Modules Near Maturity","Semi-transparent cadmium telluride (ST-CdTe) photovoltaic (PV) technology is based on the use of CdTe in a thin film (2-8µm) to absorb and convert sunlight into electricity. The thin film is deposited onto clear glass and can be custom abraded to produce ST-CdTe PV modules of a desired transparency level (e.g. 50% full sun/50% transparency) making it an intriguing option for agrivoltaics (AV) applications. Recent improvements in ST-CdTe PV technology have matched the efficiency of crystalline silicon (c-Si) PV with the levelized cost of energy production far lower than conventional gas, coal, and nuclear generation [1]. A field experiment was conducted whereby ST-CdTe PV modules of two transparency levels (20% and 50%) and a full sun control (100% transparency) were temporarily installed in a RCBD with three replicates over winter wheat (Triticum aestivum L.) plants after anthesis and until harvest. The average net photosynthetic rate (Pn) of the full sun control was significantly higher than the 20% ST-CdTe PV module, but not different from the 50% transparency module. Measured factors for yield and protein content were statistically insignificant, except for wheat head number, which was significantly higher under 50% ST-CdTe PV than both the 20% ST-CdTe and full sun control. These results provide evidence that ST-CdTe PV module technology can provide renewable energy while balancing wheat yield potential and grain quality. The ability to adjust the transparency levels of the modules make ST-CdTe another PV technology option to consider for AV applications.",15.09.2022,31.07.2023,Форт Коллинс,"0,42",,,Открытый грунт,Равномерное орошение,,Озимая пшеница,"0,76",,,30,30,,"0,2",,100%,,,,,,,,,100%,100%,,,,,,crop_farming,https://docs.google.com/spreadsheets/d/e/2PACX-1vSrhKbZjKkGqSytiGNDciKhx5LYm9bubt-WFqbuASR48nvkC8yEg16fZKnbRgXeMdNPSAVJbZlnw-Sc/pub?output=csv,113,,,,,,,,,,,,,,,,,,,,,,,,,,,,,,,,,,,,,,,,,,,,,,,,,,,,,,,,
10.1016/j.ecmx.2026.101614,,,,,,,,,,,,,,,,,,,,,,,,,,,,,,,,,,,,,forestry,https://docs.google.com/spreadsheets/d/e/2PACX-1vR0wSk6qgGv0cZxkc4zRKwJso5edQ88ivsUDACEXts43BR4gZRfcGJ3JzjpPjYYpLnUvAe_mJJO0UJg/pub?output=csv,2,The future role of agroforestry and Agri-PV in the German energy system — An analysis with the BENOPTex model,"The climate crisis requires a transition to a climate neutral energy system, particularly in sectors that are
hard to decarbonize. For these sectors, biomass-based energy carriers often represent a comparatively costeffective decarbonization option. Given limited suitable land availability and high energy demand, identifying
land-efficient solutions for renewable energy production is crucial. The present study is concerned with the
collection and harmonization of data on the multi-land-use concepts of agricultural photovoltaics (Agri-PV)
and agroforestry. Both concepts are considered here as systems capable of contributing to renewable energy
supply, through electricity generation and biomass production for energy use. The objective is to integrate
these concepts into a model of the German energy system and use the energy system optimization model
BENOPTex to evaluate their economic viability. In various sensitivity analysis, we determine the most costeffective land allocation for energy production on the 2.16 million hectares currently used for energy crops.
Results indicate that, under current yield and cost assumptions, neither Agri-PV nor agroforestry systems
outperform monoculture systems (e.g. Miscanthus) or ground-mounted PV. However, the analysis identifies
yield and cost thresholds at which specific combinations become competitive. For example, a Miscanthus-sugar
beet agroforestry system becomes viable with a 6% yield increase in Miscanthus compared to the monoculture
yield. Despite their current economic disadvantages, Agri-PV and agroforestry offer non-monetized benefits
including biodiversity enhancement and climate resilience. The study concludes that bridging the economic gap
may require valuing these co-benefits or achieving significant cost and yield improvements through research
and innovation.",01.01.2020,01.01.2050,Germany,2160000,"Agroforestry, Agri-PV, Monoculture, Ground-mounted PV (GM-PV)","0,25", Poplar,,56%,Sugar beet,,119%,GM-PV,900,950,"5,4",30,0,0,48,100%,,,,,,22%,6%,Agroforestry and Agri-PV are noted to have potential benefits for biodiversity enhancement and climate resilience.,"Potential co-benefits of multi-land-use systems include erosion control, improved water distribution, and microclimatic effects (not explicitly modeled).","Biodiversity enhancement, climate resilience, soil protection, erosion control, improved water distribution, microclimatic effects.","This study uses the BENOPTEx energy system optimization model to assess the economic viability of agroforestry and Agri-PV for energy production in Germany. Miscanthus was modeled as a forestry component in hypothetical scenarios. Yield data for agroforestry are based on specific field trials and may not be generalizable. The study concludes that under current assumptions, neither system is cost-optimal compared to monocultures and GM-PV, but identifies thresholds where they could become competitive.",,,,,,,,,,,,,,,,,,,,,,
10.1016/j.ecmx.2026.101614,,,,,,,,,,,,,,,,,,,,,,,,,,,,,,,,,,,,,forestry,https://docs.google.com/spreadsheets/d/e/2PACX-1vR0wSk6qgGv0cZxkc4zRKwJso5edQ88ivsUDACEXts43BR4gZRfcGJ3JzjpPjYYpLnUvAe_mJJO0UJg/pub?output=csv,3,The future role of agroforestry and Agri-PV in the German energy system — An analysis with the BENOPTex model,"The climate crisis requires a transition to a climate neutral energy system, particularly in sectors that are
hard to decarbonize. For these sectors, biomass-based energy carriers often represent a comparatively costeffective decarbonization option. Given limited suitable land availability and high energy demand, identifying
land-efficient solutions for renewable energy production is crucial. The present study is concerned with the
collection and harmonization of data on the multi-land-use concepts of agricultural photovoltaics (Agri-PV)
and agroforestry. Both concepts are considered here as systems capable of contributing to renewable energy
supply, through electricity generation and biomass production for energy use. The objective is to integrate
these concepts into a model of the German energy system and use the energy system optimization model
BENOPTex to evaluate their economic viability. In various sensitivity analysis, we determine the most costeffective land allocation for energy production on the 2.16 million hectares currently used for energy crops.
Results indicate that, under current yield and cost assumptions, neither Agri-PV nor agroforestry systems
outperform monoculture systems (e.g. Miscanthus) or ground-mounted PV. However, the analysis identifies
yield and cost thresholds at which specific combinations become competitive. For example, a Miscanthus-sugar
beet agroforestry system becomes viable with a 6% yield increase in Miscanthus compared to the monoculture
yield. Despite their current economic disadvantages, Agri-PV and agroforestry offer non-monetized benefits
including biodiversity enhancement and climate resilience. The study concludes that bridging the economic gap
may require valuing these co-benefits or achieving significant cost and yield improvements through research
and innovation.",01.01.2020,01.01.2050,Germany,2160000,"Agroforestry, Agri-PV, Monoculture, Ground-mounted PV (GM-PV)",4, Poplar,,66%,Sugar beet,,119%,GM-PV,900,950,"5,4",30,0,0,48,100%,,,,,,22%,6%,Agroforestry and Agri-PV are noted to have potential benefits for biodiversity enhancement and climate resilience.,"Potential co-benefits of multi-land-use systems include erosion control, improved water distribution, and microclimatic effects (not explicitly modeled).","Biodiversity enhancement, climate resilience, soil protection, erosion control, improved water distribution, microclimatic effects.","This study uses the BENOPTEx energy system optimization model to assess the economic viability of agroforestry and Agri-PV for energy production in Germany. Miscanthus was modeled as a forestry component in hypothetical scenarios. Yield data for agroforestry are based on specific field trials and may not be generalizable. The study concludes that under current assumptions, neither system is cost-optimal compared to monocultures and GM-PV, but identifies thresholds where they could become competitive.",,,,,,,,,,,,,,,,,,,,,,
10.1016/j.ecmx.2026.101614,,,,,,,,,,,,,,,,,,,,,,,,,,,,,,,,,,,,,forestry,https://docs.google.com/spreadsheets/d/e/2PACX-1vR0wSk6qgGv0cZxkc4zRKwJso5edQ88ivsUDACEXts43BR4gZRfcGJ3JzjpPjYYpLnUvAe_mJJO0UJg/pub?output=csv,4,The future role of agroforestry and Agri-PV in the German energy system — An analysis with the BENOPTex model,"The climate crisis requires a transition to a climate neutral energy system, particularly in sectors that are
hard to decarbonize. For these sectors, biomass-based energy carriers often represent a comparatively costeffective decarbonization option. Given limited suitable land availability and high energy demand, identifying
land-efficient solutions for renewable energy production is crucial. The present study is concerned with the
collection and harmonization of data on the multi-land-use concepts of agricultural photovoltaics (Agri-PV)
and agroforestry. Both concepts are considered here as systems capable of contributing to renewable energy
supply, through electricity generation and biomass production for energy use. The objective is to integrate
these concepts into a model of the German energy system and use the energy system optimization model
BENOPTex to evaluate their economic viability. In various sensitivity analysis, we determine the most costeffective land allocation for energy production on the 2.16 million hectares currently used for energy crops.
Results indicate that, under current yield and cost assumptions, neither Agri-PV nor agroforestry systems
outperform monoculture systems (e.g. Miscanthus) or ground-mounted PV. However, the analysis identifies
yield and cost thresholds at which specific combinations become competitive. For example, a Miscanthus-sugar
beet agroforestry system becomes viable with a 6% yield increase in Miscanthus compared to the monoculture
yield. Despite their current economic disadvantages, Agri-PV and agroforestry offer non-monetized benefits
including biodiversity enhancement and climate resilience. The study concludes that bridging the economic gap
may require valuing these co-benefits or achieving significant cost and yield improvements through research
and innovation.",01.01.2020,01.01.2050,Germany,2160000,"Agroforestry, Agri-PV, Monoculture, Ground-mounted PV (GM-PV)","0,25", Poplar,,56%,Winter wheat,,120%,GM-PV,900,950,"5,4",30,0,0,48,100%,,,,,,22%,6%,Agroforestry and Agri-PV are noted to have potential benefits for biodiversity enhancement and climate resilience.,"Potential co-benefits of multi-land-use systems include erosion control, improved water distribution, and microclimatic effects (not explicitly modeled).","Biodiversity enhancement, climate resilience, soil protection, erosion control, improved water distribution, microclimatic effects.","This study uses the BENOPTEx energy system optimization model to assess the economic viability of agroforestry and Agri-PV for energy production in Germany. Miscanthus was modeled as a forestry component in hypothetical scenarios. Yield data for agroforestry are based on specific field trials and may not be generalizable. The study concludes that under current assumptions, neither system is cost-optimal compared to monocultures and GM-PV, but identifies thresholds where they could become competitive.",,,,,,,,,,,,,,,,,,,,,,
10.1016/j.ecmx.2026.101614,,,,,,,,,,,,,,,,,,,,,,,,,,,,,,,,,,,,,forestry,https://docs.google.com/spreadsheets/d/e/2PACX-1vR0wSk6qgGv0cZxkc4zRKwJso5edQ88ivsUDACEXts43BR4gZRfcGJ3JzjpPjYYpLnUvAe_mJJO0UJg/pub?output=csv,5,The future role of agroforestry and Agri-PV in the German energy system — An analysis with the BENOPTex model,"The climate crisis requires a transition to a climate neutral energy system, particularly in sectors that are
hard to decarbonize. For these sectors, biomass-based energy carriers often represent a comparatively costeffective decarbonization option. Given limited suitable land availability and high energy demand, identifying
land-efficient solutions for renewable energy production is crucial. The present study is concerned with the
collection and harmonization of data on the multi-land-use concepts of agricultural photovoltaics (Agri-PV)
and agroforestry. Both concepts are considered here as systems capable of contributing to renewable energy
supply, through electricity generation and biomass production for energy use. The objective is to integrate
these concepts into a model of the German energy system and use the energy system optimization model
BENOPTex to evaluate their economic viability. In various sensitivity analysis, we determine the most costeffective land allocation for energy production on the 2.16 million hectares currently used for energy crops.
Results indicate that, under current yield and cost assumptions, neither Agri-PV nor agroforestry systems
outperform monoculture systems (e.g. Miscanthus) or ground-mounted PV. However, the analysis identifies
yield and cost thresholds at which specific combinations become competitive. For example, a Miscanthus-sugar
beet agroforestry system becomes viable with a 6% yield increase in Miscanthus compared to the monoculture
yield. Despite their current economic disadvantages, Agri-PV and agroforestry offer non-monetized benefits
including biodiversity enhancement and climate resilience. The study concludes that bridging the economic gap
may require valuing these co-benefits or achieving significant cost and yield improvements through research
and innovation.",01.01.2020,01.01.2050,Germany,2160000,"Agroforestry, Agri-PV, Monoculture, Ground-mounted PV (GM-PV)",4, Poplar,,66%,Winter wheat,,108%,GM-PV,900,950,"5,4",30,0,0,48,100%,,,,,,22%,6%,Agroforestry and Agri-PV are noted to have potential benefits for biodiversity enhancement and climate resilience.,"Potential co-benefits of multi-land-use systems include erosion control, improved water distribution, and microclimatic effects (not explicitly modeled).","Biodiversity enhancement, climate resilience, soil protection, erosion control, improved water distribution, microclimatic effects.","This study uses the BENOPTEx energy system optimization model to assess the economic viability of agroforestry and Agri-PV for energy production in Germany. Miscanthus was modeled as a forestry component in hypothetical scenarios. Yield data for agroforestry are based on specific field trials and may not be generalizable. The study concludes that under current assumptions, neither system is cost-optimal compared to monocultures and GM-PV, but identifies thresholds where they could become competitive.",,,,,,,,,,,,,,,,,,,,,,
10.1016/j.ecmx.2026.101614,,,,,,,,,,,,,,,,,,,,,,,,,,,,,,,,,,,,,forestry,https://docs.google.com/spreadsheets/d/e/2PACX-1vR0wSk6qgGv0cZxkc4zRKwJso5edQ88ivsUDACEXts43BR4gZRfcGJ3JzjpPjYYpLnUvAe_mJJO0UJg/pub?output=csv,6,The future role of agroforestry and Agri-PV in the German energy system — An analysis with the BENOPTex model,"The climate crisis requires a transition to a climate neutral energy system, particularly in sectors that are
hard to decarbonize. For these sectors, biomass-based energy carriers often represent a comparatively costeffective decarbonization option. Given limited suitable land availability and high energy demand, identifying
land-efficient solutions for renewable energy production is crucial. The present study is concerned with the
collection and harmonization of data on the multi-land-use concepts of agricultural photovoltaics (Agri-PV)
and agroforestry. Both concepts are considered here as systems capable of contributing to renewable energy
supply, through electricity generation and biomass production for energy use. The objective is to integrate
these concepts into a model of the German energy system and use the energy system optimization model
BENOPTex to evaluate their economic viability. In various sensitivity analysis, we determine the most costeffective land allocation for energy production on the 2.16 million hectares currently used for energy crops.
Results indicate that, under current yield and cost assumptions, neither Agri-PV nor agroforestry systems
outperform monoculture systems (e.g. Miscanthus) or ground-mounted PV. However, the analysis identifies
yield and cost thresholds at which specific combinations become competitive. For example, a Miscanthus-sugar
beet agroforestry system becomes viable with a 6% yield increase in Miscanthus compared to the monoculture
yield. Despite their current economic disadvantages, Agri-PV and agroforestry offer non-monetized benefits
including biodiversity enhancement and climate resilience. The study concludes that bridging the economic gap
may require valuing these co-benefits or achieving significant cost and yield improvements through research
and innovation.",01.01.2020,01.01.2050,Germany,2160000,"Agroforestry, Agri-PV, Monoculture, Ground-mounted PV (GM-PV)","0,25", Poplar,,56%,Rapeseed,,120%,GM-PV,900,950,"5,4",30,0,0,48,100%,,,,,,22%,6%,Agroforestry and Agri-PV are noted to have potential benefits for biodiversity enhancement and climate resilience.,"Potential co-benefits of multi-land-use systems include erosion control, improved water distribution, and microclimatic effects (not explicitly modeled).","Biodiversity enhancement, climate resilience, soil protection, erosion control, improved water distribution, microclimatic effects.","This study uses the BENOPTEx energy system optimization model to assess the economic viability of agroforestry and Agri-PV for energy production in Germany. Miscanthus was modeled as a forestry component in hypothetical scenarios. Yield data for agroforestry are based on specific field trials and may not be generalizable. The study concludes that under current assumptions, neither system is cost-optimal compared to monocultures and GM-PV, but identifies thresholds where they could become competitive.",,,,,,,,,,,,,,,,,,,,,,
10.1016/j.ecmx.2026.101614,,,,,,,,,,,,,,,,,,,,,,,,,,,,,,,,,,,,,forestry,https://docs.google.com/spreadsheets/d/e/2PACX-1vR0wSk6qgGv0cZxkc4zRKwJso5edQ88ivsUDACEXts43BR4gZRfcGJ3JzjpPjYYpLnUvAe_mJJO0UJg/pub?output=csv,7,The future role of agroforestry and Agri-PV in the German energy system — An analysis with the BENOPTex model,"The climate crisis requires a transition to a climate neutral energy system, particularly in sectors that are
hard to decarbonize. For these sectors, biomass-based energy carriers often represent a comparatively costeffective decarbonization option. Given limited suitable land availability and high energy demand, identifying
land-efficient solutions for renewable energy production is crucial. The present study is concerned with the
collection and harmonization of data on the multi-land-use concepts of agricultural photovoltaics (Agri-PV)
and agroforestry. Both concepts are considered here as systems capable of contributing to renewable energy
supply, through electricity generation and biomass production for energy use. The objective is to integrate
these concepts into a model of the German energy system and use the energy system optimization model
BENOPTex to evaluate their economic viability. In various sensitivity analysis, we determine the most costeffective land allocation for energy production on the 2.16 million hectares currently used for energy crops.
Results indicate that, under current yield and cost assumptions, neither Agri-PV nor agroforestry systems
outperform monoculture systems (e.g. Miscanthus) or ground-mounted PV. However, the analysis identifies
yield and cost thresholds at which specific combinations become competitive. For example, a Miscanthus-sugar
beet agroforestry system becomes viable with a 6% yield increase in Miscanthus compared to the monoculture
yield. Despite their current economic disadvantages, Agri-PV and agroforestry offer non-monetized benefits
including biodiversity enhancement and climate resilience. The study concludes that bridging the economic gap
may require valuing these co-benefits or achieving significant cost and yield improvements through research
and innovation.",01.01.2020,01.01.2050,Germany,2160000,"Agroforestry, Agri-PV, Monoculture, Ground-mounted PV (GM-PV)",4, Poplar,,66%,Rapeseed,,108%,GM-PV,900,950,"5,4",30,0,0,48,100%,,,,,,22%,6%,Agroforestry and Agri-PV are noted to have potential benefits for biodiversity enhancement and climate resilience.,"Potential co-benefits of multi-land-use systems include erosion control, improved water distribution, and microclimatic effects (not explicitly modeled).","Biodiversity enhancement, climate resilience, soil protection, erosion control, improved water distribution, microclimatic effects.","This study uses the BENOPTEx energy system optimization model to assess the economic viability of agroforestry and Agri-PV for energy production in Germany. Miscanthus was modeled as a forestry component in hypothetical scenarios. Yield data for agroforestry are based on specific field trials and may not be generalizable. The study concludes that under current assumptions, neither system is cost-optimal compared to monocultures and GM-PV, but identifies thresholds where they could become competitive.",,,,,,,,,,,,,,,,,,,,,,
10.1016/j.ecmx.2026.101614,,,,,,,,,,,,,,,,,,,,,,,,,,,,,,,,,,,,,forestry,https://docs.google.com/spreadsheets/d/e/2PACX-1vR0wSk6qgGv0cZxkc4zRKwJso5edQ88ivsUDACEXts43BR4gZRfcGJ3JzjpPjYYpLnUvAe_mJJO0UJg/pub?output=csv,8,The future role of agroforestry and Agri-PV in the German energy system — An analysis with the BENOPTex model,"The climate crisis requires a transition to a climate neutral energy system, particularly in sectors that are
hard to decarbonize. For these sectors, biomass-based energy carriers often represent a comparatively costeffective decarbonization option. Given limited suitable land availability and high energy demand, identifying
land-efficient solutions for renewable energy production is crucial. The present study is concerned with the
collection and harmonization of data on the multi-land-use concepts of agricultural photovoltaics (Agri-PV)
and agroforestry. Both concepts are considered here as systems capable of contributing to renewable energy
supply, through electricity generation and biomass production for energy use. The objective is to integrate
these concepts into a model of the German energy system and use the energy system optimization model
BENOPTex to evaluate their economic viability. In various sensitivity analysis, we determine the most costeffective land allocation for energy production on the 2.16 million hectares currently used for energy crops.
Results indicate that, under current yield and cost assumptions, neither Agri-PV nor agroforestry systems
outperform monoculture systems (e.g. Miscanthus) or ground-mounted PV. However, the analysis identifies
yield and cost thresholds at which specific combinations become competitive. For example, a Miscanthus-sugar
beet agroforestry system becomes viable with a 6% yield increase in Miscanthus compared to the monoculture
yield. Despite their current economic disadvantages, Agri-PV and agroforestry offer non-monetized benefits
including biodiversity enhancement and climate resilience. The study concludes that bridging the economic gap
may require valuing these co-benefits or achieving significant cost and yield improvements through research
and innovation.",01.01.2020,01.01.2050,Germany,2160000,"Agroforestry, Agri-PV, Monoculture, Ground-mounted PV (GM-PV)","0,25", Poplar,,56%,Maize silage,,86%,GM-PV,900,950,"5,4",30,0,0,48,100%,,,,,,22%,6%,Agroforestry and Agri-PV are noted to have potential benefits for biodiversity enhancement and climate resilience.,"Potential co-benefits of multi-land-use systems include erosion control, improved water distribution, and microclimatic effects (not explicitly modeled).","Biodiversity enhancement, climate resilience, soil protection, erosion control, improved water distribution, microclimatic effects.","This study uses the BENOPTEx energy system optimization model to assess the economic viability of agroforestry and Agri-PV for energy production in Germany. Miscanthus was modeled as a forestry component in hypothetical scenarios. Yield data for agroforestry are based on specific field trials and may not be generalizable. The study concludes that under current assumptions, neither system is cost-optimal compared to monocultures and GM-PV, but identifies thresholds where they could become competitive.",,,,,,,,,,,,,,,,,,,,,,
10.1016/j.ecmx.2026.101614,,,,,,,,,,,,,,,,,,,,,,,,,,,,,,,,,,,,,forestry,https://docs.google.com/spreadsheets/d/e/2PACX-1vR0wSk6qgGv0cZxkc4zRKwJso5edQ88ivsUDACEXts43BR4gZRfcGJ3JzjpPjYYpLnUvAe_mJJO0UJg/pub?output=csv,9,The future role of agroforestry and Agri-PV in the German energy system — An analysis with the BENOPTex model,"The climate crisis requires a transition to a climate neutral energy system, particularly in sectors that are
hard to decarbonize. For these sectors, biomass-based energy carriers often represent a comparatively costeffective decarbonization option. Given limited suitable land availability and high energy demand, identifying
land-efficient solutions for renewable energy production is crucial. The present study is concerned with the
collection and harmonization of data on the multi-land-use concepts of agricultural photovoltaics (Agri-PV)
and agroforestry. Both concepts are considered here as systems capable of contributing to renewable energy
supply, through electricity generation and biomass production for energy use. The objective is to integrate
these concepts into a model of the German energy system and use the energy system optimization model
BENOPTex to evaluate their economic viability. In various sensitivity analysis, we determine the most costeffective land allocation for energy production on the 2.16 million hectares currently used for energy crops.
Results indicate that, under current yield and cost assumptions, neither Agri-PV nor agroforestry systems
outperform monoculture systems (e.g. Miscanthus) or ground-mounted PV. However, the analysis identifies
yield and cost thresholds at which specific combinations become competitive. For example, a Miscanthus-sugar
beet agroforestry system becomes viable with a 6% yield increase in Miscanthus compared to the monoculture
yield. Despite their current economic disadvantages, Agri-PV and agroforestry offer non-monetized benefits
including biodiversity enhancement and climate resilience. The study concludes that bridging the economic gap
may require valuing these co-benefits or achieving significant cost and yield improvements through research
and innovation.",01.01.2020,01.01.2050,Germany,2160000,"Agroforestry, Agri-PV, Monoculture, Ground-mounted PV (GM-PV)",4, Poplar,,66%,Maize silage,,86%,GM-PV,900,950,"5,4",30,0,0,48,100%,,,,,,22%,6%,Agroforestry and Agri-PV are noted to have potential benefits for biodiversity enhancement and climate resilience.,"Potential co-benefits of multi-land-use systems include erosion control, improved water distribution, and microclimatic effects (not explicitly modeled).","Biodiversity enhancement, climate resilience, soil protection, erosion control, improved water distribution, microclimatic effects.","This study uses the BENOPTEx energy system optimization model to assess the economic viability of agroforestry and Agri-PV for energy production in Germany. Miscanthus was modeled as a forestry component in hypothetical scenarios. Yield data for agroforestry are based on specific field trials and may not be generalizable. The study concludes that under current assumptions, neither system is cost-optimal compared to monocultures and GM-PV, but identifies thresholds where they could become competitive.",,,,,,,,,,,,,,,,,,,,,,
10.1016/j.ecmx.2026.101614,,,,,,,,,,,,,,,,,,,,,,,,,,,,,,,,,,,,,forestry,https://docs.google.com/spreadsheets/d/e/2PACX-1vR0wSk6qgGv0cZxkc4zRKwJso5edQ88ivsUDACEXts43BR4gZRfcGJ3JzjpPjYYpLnUvAe_mJJO0UJg/pub?output=csv,10,The future role of agroforestry and Agri-PV in the German energy system — An analysis with the BENOPTex model,"The climate crisis requires a transition to a climate neutral energy system, particularly in sectors that are
hard to decarbonize. For these sectors, biomass-based energy carriers often represent a comparatively costeffective decarbonization option. Given limited suitable land availability and high energy demand, identifying
land-efficient solutions for renewable energy production is crucial. The present study is concerned with the
collection and harmonization of data on the multi-land-use concepts of agricultural photovoltaics (Agri-PV)
and agroforestry. Both concepts are considered here as systems capable of contributing to renewable energy
supply, through electricity generation and biomass production for energy use. The objective is to integrate
these concepts into a model of the German energy system and use the energy system optimization model
BENOPTex to evaluate their economic viability. In various sensitivity analysis, we determine the most costeffective land allocation for energy production on the 2.16 million hectares currently used for energy crops.
Results indicate that, under current yield and cost assumptions, neither Agri-PV nor agroforestry systems
outperform monoculture systems (e.g. Miscanthus) or ground-mounted PV. However, the analysis identifies
yield and cost thresholds at which specific combinations become competitive. For example, a Miscanthus-sugar
beet agroforestry system becomes viable with a 6% yield increase in Miscanthus compared to the monoculture
yield. Despite their current economic disadvantages, Agri-PV and agroforestry offer non-monetized benefits
including biodiversity enhancement and climate resilience. The study concludes that bridging the economic gap
may require valuing these co-benefits or achieving significant cost and yield improvements through research
and innovation.",01.01.2020,01.01.2050,Germany,2160000,"Agroforestry, Agri-PV, Monoculture, Ground-mounted PV (GM-PV)","0,25", Poplar,,56%,Corn grain,,78%,GM-PV,900,950,"5,4",30,0,0,48,100%,,,,,,22%,6%,Agroforestry and Agri-PV are noted to have potential benefits for biodiversity enhancement and climate resilience.,"Potential co-benefits of multi-land-use systems include erosion control, improved water distribution, and microclimatic effects (not explicitly modeled).","Biodiversity enhancement, climate resilience, soil protection, erosion control, improved water distribution, microclimatic effects.","This study uses the BENOPTEx energy system optimization model to assess the economic viability of agroforestry and Agri-PV for energy production in Germany. Miscanthus was modeled as a forestry component in hypothetical scenarios. Yield data for agroforestry are based on specific field trials and may not be generalizable. The study concludes that under current assumptions, neither system is cost-optimal compared to monocultures and GM-PV, but identifies thresholds where they could become competitive.",,,,,,,,,,,,,,,,,,,,,,
10.1016/j.ecmx.2026.101614,,,,,,,,,,,,,,,,,,,,,,,,,,,,,,,,,,,,,forestry,https://docs.google.com/spreadsheets/d/e/2PACX-1vR0wSk6qgGv0cZxkc4zRKwJso5edQ88ivsUDACEXts43BR4gZRfcGJ3JzjpPjYYpLnUvAe_mJJO0UJg/pub?output=csv,11,The future role of agroforestry and Agri-PV in the German energy system — An analysis with the BENOPTex model,"The climate crisis requires a transition to a climate neutral energy system, particularly in sectors that are
hard to decarbonize. For these sectors, biomass-based energy carriers often represent a comparatively costeffective decarbonization option. Given limited suitable land availability and high energy demand, identifying
land-efficient solutions for renewable energy production is crucial. The present study is concerned with the
collection and harmonization of data on the multi-land-use concepts of agricultural photovoltaics (Agri-PV)
and agroforestry. Both concepts are considered here as systems capable of contributing to renewable energy
supply, through electricity generation and biomass production for energy use. The objective is to integrate
these concepts into a model of the German energy system and use the energy system optimization model
BENOPTex to evaluate their economic viability. In various sensitivity analysis, we determine the most costeffective land allocation for energy production on the 2.16 million hectares currently used for energy crops.
Results indicate that, under current yield and cost assumptions, neither Agri-PV nor agroforestry systems
outperform monoculture systems (e.g. Miscanthus) or ground-mounted PV. However, the analysis identifies
yield and cost thresholds at which specific combinations become competitive. For example, a Miscanthus-sugar
beet agroforestry system becomes viable with a 6% yield increase in Miscanthus compared to the monoculture
yield. Despite their current economic disadvantages, Agri-PV and agroforestry offer non-monetized benefits
including biodiversity enhancement and climate resilience. The study concludes that bridging the economic gap
may require valuing these co-benefits or achieving significant cost and yield improvements through research
and innovation.",01.01.2020,01.01.2050,Germany,2160000,"Agroforestry, Agri-PV, Monoculture, Ground-mounted PV (GM-PV)",4, Poplar,,66%,Corn grain,,78%,GM-PV,900,950,"5,4",30,0,0,48,100%,,,,,,22%,6%,Agroforestry and Agri-PV are noted to have potential benefits for biodiversity enhancement and climate resilience.,"Potential co-benefits of multi-land-use systems include erosion control, improved water distribution, and microclimatic effects (not explicitly modeled).","Biodiversity enhancement, climate resilience, soil protection, erosion control, improved water distribution, microclimatic effects.","This study uses the BENOPTEx energy system optimization model to assess the economic viability of agroforestry and Agri-PV for energy production in Germany. Miscanthus was modeled as a forestry component in hypothetical scenarios. Yield data for agroforestry are based on specific field trials and may not be generalizable. The study concludes that under current assumptions, neither system is cost-optimal compared to monocultures and GM-PV, but identifies thresholds where they could become competitive.",,,,,,,,,,,,,,,,,,,,,,
10.1016/j.ecmx.2026.101614,,,,,,,,,,,,,,,,,,,,,,,,,,,,,,,,,,,,,forestry,https://docs.google.com/spreadsheets/d/e/2PACX-1vR0wSk6qgGv0cZxkc4zRKwJso5edQ88ivsUDACEXts43BR4gZRfcGJ3JzjpPjYYpLnUvAe_mJJO0UJg/pub?output=csv,12,The future role of agroforestry and Agri-PV in the German energy system — An analysis with the BENOPTex model,"The climate crisis requires a transition to a climate neutral energy system, particularly in sectors that are
hard to decarbonize. For these sectors, biomass-based energy carriers often represent a comparatively costeffective decarbonization option. Given limited suitable land availability and high energy demand, identifying
land-efficient solutions for renewable energy production is crucial. The present study is concerned with the
collection and harmonization of data on the multi-land-use concepts of agricultural photovoltaics (Agri-PV)
and agroforestry. Both concepts are considered here as systems capable of contributing to renewable energy
supply, through electricity generation and biomass production for energy use. The objective is to integrate
these concepts into a model of the German energy system and use the energy system optimization model
BENOPTex to evaluate their economic viability. In various sensitivity analysis, we determine the most costeffective land allocation for energy production on the 2.16 million hectares currently used for energy crops.
Results indicate that, under current yield and cost assumptions, neither Agri-PV nor agroforestry systems
outperform monoculture systems (e.g. Miscanthus) or ground-mounted PV. However, the analysis identifies
yield and cost thresholds at which specific combinations become competitive. For example, a Miscanthus-sugar
beet agroforestry system becomes viable with a 6% yield increase in Miscanthus compared to the monoculture
yield. Despite their current economic disadvantages, Agri-PV and agroforestry offer non-monetized benefits
including biodiversity enhancement and climate resilience. The study concludes that bridging the economic gap
may require valuing these co-benefits or achieving significant cost and yield improvements through research
and innovation.",01.01.2020,01.01.2050,Germany,2160000,"Agroforestry, Agri-PV, Monoculture, Ground-mounted PV (GM-PV)","0,25", Poplar,,56%,Sugar beet,,119%,V-PV,340,1045,6,90,90,1,12,30%,10%,"79,6%",,,,12%,42%,Agroforestry and Agri-PV are noted to have potential benefits for biodiversity enhancement and climate resilience.,"Potential co-benefits of multi-land-use systems include erosion control, improved water distribution, and microclimatic effects (not explicitly modeled).","Biodiversity enhancement, climate resilience, soil protection, erosion control, improved water distribution, microclimatic effects.","This study uses the BENOPTEx energy system optimization model to assess the economic viability of agroforestry and Agri-PV for energy production in Germany. Miscanthus was modeled as a forestry component in hypothetical scenarios. Yield data for agroforestry are based on specific field trials and may not be generalizable. The study concludes that under current assumptions, neither system is cost-optimal compared to monocultures and GM-PV, but identifies thresholds where they could become competitive.",,,,,,,,,,,,,,,,,,,,,,
10.1016/j.ecmx.2026.101614,,,,,,,,,,,,,,,,,,,,,,,,,,,,,,,,,,,,,forestry,https://docs.google.com/spreadsheets/d/e/2PACX-1vR0wSk6qgGv0cZxkc4zRKwJso5edQ88ivsUDACEXts43BR4gZRfcGJ3JzjpPjYYpLnUvAe_mJJO0UJg/pub?output=csv,13,The future role of agroforestry and Agri-PV in the German energy system — An analysis with the BENOPTex model,"The climate crisis requires a transition to a climate neutral energy system, particularly in sectors that are
hard to decarbonize. For these sectors, biomass-based energy carriers often represent a comparatively costeffective decarbonization option. Given limited suitable land availability and high energy demand, identifying
land-efficient solutions for renewable energy production is crucial. The present study is concerned with the
collection and harmonization of data on the multi-land-use concepts of agricultural photovoltaics (Agri-PV)
and agroforestry. Both concepts are considered here as systems capable of contributing to renewable energy
supply, through electricity generation and biomass production for energy use. The objective is to integrate
these concepts into a model of the German energy system and use the energy system optimization model
BENOPTex to evaluate their economic viability. In various sensitivity analysis, we determine the most costeffective land allocation for energy production on the 2.16 million hectares currently used for energy crops.
Results indicate that, under current yield and cost assumptions, neither Agri-PV nor agroforestry systems
outperform monoculture systems (e.g. Miscanthus) or ground-mounted PV. However, the analysis identifies
yield and cost thresholds at which specific combinations become competitive. For example, a Miscanthus-sugar
beet agroforestry system becomes viable with a 6% yield increase in Miscanthus compared to the monoculture
yield. Despite their current economic disadvantages, Agri-PV and agroforestry offer non-monetized benefits
including biodiversity enhancement and climate resilience. The study concludes that bridging the economic gap
may require valuing these co-benefits or achieving significant cost and yield improvements through research
and innovation.",01.01.2020,01.01.2050,Germany,2160000,"Agroforestry, Agri-PV, Monoculture, Ground-mounted PV (GM-PV)",4, Poplar,,66%,Sugar beet,,119%,V-PV,340,1045,6,90,90,1,12,30%,10%,"79,6%",,,,12%,42%,Agroforestry and Agri-PV are noted to have potential benefits for biodiversity enhancement and climate resilience.,"Potential co-benefits of multi-land-use systems include erosion control, improved water distribution, and microclimatic effects (not explicitly modeled).","Biodiversity enhancement, climate resilience, soil protection, erosion control, improved water distribution, microclimatic effects.","This study uses the BENOPTEx energy system optimization model to assess the economic viability of agroforestry and Agri-PV for energy production in Germany. Miscanthus was modeled as a forestry component in hypothetical scenarios. Yield data for agroforestry are based on specific field trials and may not be generalizable. The study concludes that under current assumptions, neither system is cost-optimal compared to monocultures and GM-PV, but identifies thresholds where they could become competitive.",,,,,,,,,,,,,,,,,,,,,,
10.1016/j.ecmx.2026.101614,,,,,,,,,,,,,,,,,,,,,,,,,,,,,,,,,,,,,forestry,https://docs.google.com/spreadsheets/d/e/2PACX-1vR0wSk6qgGv0cZxkc4zRKwJso5edQ88ivsUDACEXts43BR4gZRfcGJ3JzjpPjYYpLnUvAe_mJJO0UJg/pub?output=csv,14,The future role of agroforestry and Agri-PV in the German energy system — An analysis with the BENOPTex model,"The climate crisis requires a transition to a climate neutral energy system, particularly in sectors that are
hard to decarbonize. For these sectors, biomass-based energy carriers often represent a comparatively costeffective decarbonization option. Given limited suitable land availability and high energy demand, identifying
land-efficient solutions for renewable energy production is crucial. The present study is concerned with the
collection and harmonization of data on the multi-land-use concepts of agricultural photovoltaics (Agri-PV)
and agroforestry. Both concepts are considered here as systems capable of contributing to renewable energy
supply, through electricity generation and biomass production for energy use. The objective is to integrate
these concepts into a model of the German energy system and use the energy system optimization model
BENOPTex to evaluate their economic viability. In various sensitivity analysis, we determine the most costeffective land allocation for energy production on the 2.16 million hectares currently used for energy crops.
Results indicate that, under current yield and cost assumptions, neither Agri-PV nor agroforestry systems
outperform monoculture systems (e.g. Miscanthus) or ground-mounted PV. However, the analysis identifies
yield and cost thresholds at which specific combinations become competitive. For example, a Miscanthus-sugar
beet agroforestry system becomes viable with a 6% yield increase in Miscanthus compared to the monoculture
yield. Despite their current economic disadvantages, Agri-PV and agroforestry offer non-monetized benefits
including biodiversity enhancement and climate resilience. The study concludes that bridging the economic gap
may require valuing these co-benefits or achieving significant cost and yield improvements through research
and innovation.",01.01.2020,01.01.2050,Germany,2160000,"Agroforestry, Agri-PV, Monoculture, Ground-mounted PV (GM-PV)","0,25", Poplar,,56%,Winter wheat,,120%,V-PV,340,1045,6,90,90,1,12,30%,10%,"79,6%",,,,12%,42%,Agroforestry and Agri-PV are noted to have potential benefits for biodiversity enhancement and climate resilience.,"Potential co-benefits of multi-land-use systems include erosion control, improved water distribution, and microclimatic effects (not explicitly modeled).","Biodiversity enhancement, climate resilience, soil protection, erosion control, improved water distribution, microclimatic effects.","This study uses the BENOPTEx energy system optimization model to assess the economic viability of agroforestry and Agri-PV for energy production in Germany. Miscanthus was modeled as a forestry component in hypothetical scenarios. Yield data for agroforestry are based on specific field trials and may not be generalizable. The study concludes that under current assumptions, neither system is cost-optimal compared to monocultures and GM-PV, but identifies thresholds where they could become competitive.",,,,,,,,,,,,,,,,,,,,,,
10.1016/j.ecmx.2026.101614,,,,,,,,,,,,,,,,,,,,,,,,,,,,,,,,,,,,,forestry,https://docs.google.com/spreadsheets/d/e/2PACX-1vR0wSk6qgGv0cZxkc4zRKwJso5edQ88ivsUDACEXts43BR4gZRfcGJ3JzjpPjYYpLnUvAe_mJJO0UJg/pub?output=csv,15,The future role of agroforestry and Agri-PV in the German energy system — An analysis with the BENOPTex model,"The climate crisis requires a transition to a climate neutral energy system, particularly in sectors that are
hard to decarbonize. For these sectors, biomass-based energy carriers often represent a comparatively costeffective decarbonization option. Given limited suitable land availability and high energy demand, identifying
land-efficient solutions for renewable energy production is crucial. The present study is concerned with the
collection and harmonization of data on the multi-land-use concepts of agricultural photovoltaics (Agri-PV)
and agroforestry. Both concepts are considered here as systems capable of contributing to renewable energy
supply, through electricity generation and biomass production for energy use. The objective is to integrate
these concepts into a model of the German energy system and use the energy system optimization model
BENOPTex to evaluate their economic viability. In various sensitivity analysis, we determine the most costeffective land allocation for energy production on the 2.16 million hectares currently used for energy crops.
Results indicate that, under current yield and cost assumptions, neither Agri-PV nor agroforestry systems
outperform monoculture systems (e.g. Miscanthus) or ground-mounted PV. However, the analysis identifies
yield and cost thresholds at which specific combinations become competitive. For example, a Miscanthus-sugar
beet agroforestry system becomes viable with a 6% yield increase in Miscanthus compared to the monoculture
yield. Despite their current economic disadvantages, Agri-PV and agroforestry offer non-monetized benefits
including biodiversity enhancement and climate resilience. The study concludes that bridging the economic gap
may require valuing these co-benefits or achieving significant cost and yield improvements through research
and innovation.",01.01.2020,01.01.2050,Germany,2160000,"Agroforestry, Agri-PV, Monoculture, Ground-mounted PV (GM-PV)",4, Poplar,,66%,Winter wheat,,108%,V-PV,340,1045,6,90,90,1,12,30%,10%,"79,6%",,,,12%,42%,Agroforestry and Agri-PV are noted to have potential benefits for biodiversity enhancement and climate resilience.,"Potential co-benefits of multi-land-use systems include erosion control, improved water distribution, and microclimatic effects (not explicitly modeled).","Biodiversity enhancement, climate resilience, soil protection, erosion control, improved water distribution, microclimatic effects.","This study uses the BENOPTEx energy system optimization model to assess the economic viability of agroforestry and Agri-PV for energy production in Germany. Miscanthus was modeled as a forestry component in hypothetical scenarios. Yield data for agroforestry are based on specific field trials and may not be generalizable. The study concludes that under current assumptions, neither system is cost-optimal compared to monocultures and GM-PV, but identifies thresholds where they could become competitive.",,,,,,,,,,,,,,,,,,,,,,
10.1016/j.ecmx.2026.101614,,,,,,,,,,,,,,,,,,,,,,,,,,,,,,,,,,,,,forestry,https://docs.google.com/spreadsheets/d/e/2PACX-1vR0wSk6qgGv0cZxkc4zRKwJso5edQ88ivsUDACEXts43BR4gZRfcGJ3JzjpPjYYpLnUvAe_mJJO0UJg/pub?output=csv,16,The future role of agroforestry and Agri-PV in the German energy system — An analysis with the BENOPTex model,"The climate crisis requires a transition to a climate neutral energy system, particularly in sectors that are
hard to decarbonize. For these sectors, biomass-based energy carriers often represent a comparatively costeffective decarbonization option. Given limited suitable land availability and high energy demand, identifying
land-efficient solutions for renewable energy production is crucial. The present study is concerned with the
collection and harmonization of data on the multi-land-use concepts of agricultural photovoltaics (Agri-PV)
and agroforestry. Both concepts are considered here as systems capable of contributing to renewable energy
supply, through electricity generation and biomass production for energy use. The objective is to integrate
these concepts into a model of the German energy system and use the energy system optimization model
BENOPTex to evaluate their economic viability. In various sensitivity analysis, we determine the most costeffective land allocation for energy production on the 2.16 million hectares currently used for energy crops.
Results indicate that, under current yield and cost assumptions, neither Agri-PV nor agroforestry systems
outperform monoculture systems (e.g. Miscanthus) or ground-mounted PV. However, the analysis identifies
yield and cost thresholds at which specific combinations become competitive. For example, a Miscanthus-sugar
beet agroforestry system becomes viable with a 6% yield increase in Miscanthus compared to the monoculture
yield. Despite their current economic disadvantages, Agri-PV and agroforestry offer non-monetized benefits
including biodiversity enhancement and climate resilience. The study concludes that bridging the economic gap
may require valuing these co-benefits or achieving significant cost and yield improvements through research
and innovation.",01.01.2020,01.01.2050,Germany,2160000,"Agroforestry, Agri-PV, Monoculture, Ground-mounted PV (GM-PV)","0,25", Poplar,,56%,Rapeseed,,120%,V-PV,340,1045,6,90,90,1,12,30%,10%,"79,6%",,,,12%,42%,Agroforestry and Agri-PV are noted to have potential benefits for biodiversity enhancement and climate resilience.,"Potential co-benefits of multi-land-use systems include erosion control, improved water distribution, and microclimatic effects (not explicitly modeled).","Biodiversity enhancement, climate resilience, soil protection, erosion control, improved water distribution, microclimatic effects.","This study uses the BENOPTEx energy system optimization model to assess the economic viability of agroforestry and Agri-PV for energy production in Germany. Miscanthus was modeled as a forestry component in hypothetical scenarios. Yield data for agroforestry are based on specific field trials and may not be generalizable. The study concludes that under current assumptions, neither system is cost-optimal compared to monocultures and GM-PV, but identifies thresholds where they could become competitive.",,,,,,,,,,,,,,,,,,,,,,
10.1016/j.ecmx.2026.101614,,,,,,,,,,,,,,,,,,,,,,,,,,,,,,,,,,,,,forestry,https://docs.google.com/spreadsheets/d/e/2PACX-1vR0wSk6qgGv0cZxkc4zRKwJso5edQ88ivsUDACEXts43BR4gZRfcGJ3JzjpPjYYpLnUvAe_mJJO0UJg/pub?output=csv,17,The future role of agroforestry and Agri-PV in the German energy system — An analysis with the BENOPTex model,"The climate crisis requires a transition to a climate neutral energy system, particularly in sectors that are
hard to decarbonize. For these sectors, biomass-based energy carriers often represent a comparatively costeffective decarbonization option. Given limited suitable land availability and high energy demand, identifying
land-efficient solutions for renewable energy production is crucial. The present study is concerned with the
collection and harmonization of data on the multi-land-use concepts of agricultural photovoltaics (Agri-PV)
and agroforestry. Both concepts are considered here as systems capable of contributing to renewable energy
supply, through electricity generation and biomass production for energy use. The objective is to integrate
these concepts into a model of the German energy system and use the energy system optimization model
BENOPTex to evaluate their economic viability. In various sensitivity analysis, we determine the most costeffective land allocation for energy production on the 2.16 million hectares currently used for energy crops.
Results indicate that, under current yield and cost assumptions, neither Agri-PV nor agroforestry systems
outperform monoculture systems (e.g. Miscanthus) or ground-mounted PV. However, the analysis identifies
yield and cost thresholds at which specific combinations become competitive. For example, a Miscanthus-sugar
beet agroforestry system becomes viable with a 6% yield increase in Miscanthus compared to the monoculture
yield. Despite their current economic disadvantages, Agri-PV and agroforestry offer non-monetized benefits
including biodiversity enhancement and climate resilience. The study concludes that bridging the economic gap
may require valuing these co-benefits or achieving significant cost and yield improvements through research
and innovation.",01.01.2020,01.01.2050,Germany,2160000,"Agroforestry, Agri-PV, Monoculture, Ground-mounted PV (GM-PV)",4, Poplar,,66%,Rapeseed,,108%,V-PV,340,1045,6,90,90,1,12,30%,10%,"79,6%",,,,12%,42%,Agroforestry and Agri-PV are noted to have potential benefits for biodiversity enhancement and climate resilience.,"Potential co-benefits of multi-land-use systems include erosion control, improved water distribution, and microclimatic effects (not explicitly modeled).","Biodiversity enhancement, climate resilience, soil protection, erosion control, improved water distribution, microclimatic effects.","This study uses the BENOPTEx energy system optimization model to assess the economic viability of agroforestry and Agri-PV for energy production in Germany. Miscanthus was modeled as a forestry component in hypothetical scenarios. Yield data for agroforestry are based on specific field trials and may not be generalizable. The study concludes that under current assumptions, neither system is cost-optimal compared to monocultures and GM-PV, but identifies thresholds where they could become competitive.",,,,,,,,,,,,,,,,,,,,,,
10.1016/j.ecmx.2026.101614,,,,,,,,,,,,,,,,,,,,,,,,,,,,,,,,,,,,,forestry,https://docs.google.com/spreadsheets/d/e/2PACX-1vR0wSk6qgGv0cZxkc4zRKwJso5edQ88ivsUDACEXts43BR4gZRfcGJ3JzjpPjYYpLnUvAe_mJJO0UJg/pub?output=csv,18,The future role of agroforestry and Agri-PV in the German energy system — An analysis with the BENOPTex model,"The climate crisis requires a transition to a climate neutral energy system, particularly in sectors that are
hard to decarbonize. For these sectors, biomass-based energy carriers often represent a comparatively costeffective decarbonization option. Given limited suitable land availability and high energy demand, identifying
land-efficient solutions for renewable energy production is crucial. The present study is concerned with the
collection and harmonization of data on the multi-land-use concepts of agricultural photovoltaics (Agri-PV)
and agroforestry. Both concepts are considered here as systems capable of contributing to renewable energy
supply, through electricity generation and biomass production for energy use. The objective is to integrate
these concepts into a model of the German energy system and use the energy system optimization model
BENOPTex to evaluate their economic viability. In various sensitivity analysis, we determine the most costeffective land allocation for energy production on the 2.16 million hectares currently used for energy crops.
Results indicate that, under current yield and cost assumptions, neither Agri-PV nor agroforestry systems
outperform monoculture systems (e.g. Miscanthus) or ground-mounted PV. However, the analysis identifies
yield and cost thresholds at which specific combinations become competitive. For example, a Miscanthus-sugar
beet agroforestry system becomes viable with a 6% yield increase in Miscanthus compared to the monoculture
yield. Despite their current economic disadvantages, Agri-PV and agroforestry offer non-monetized benefits
including biodiversity enhancement and climate resilience. The study concludes that bridging the economic gap
may require valuing these co-benefits or achieving significant cost and yield improvements through research
and innovation.",01.01.2020,01.01.2050,Germany,2160000,"Agroforestry, Agri-PV, Monoculture, Ground-mounted PV (GM-PV)","0,25", Poplar,,56%,Maize silage,,86%,V-PV,340,1045,6,90,90,1,12,30%,10%,"79,6%",,,,12%,42%,Agroforestry and Agri-PV are noted to have potential benefits for biodiversity enhancement and climate resilience.,"Potential co-benefits of multi-land-use systems include erosion control, improved water distribution, and microclimatic effects (not explicitly modeled).","Biodiversity enhancement, climate resilience, soil protection, erosion control, improved water distribution, microclimatic effects.","This study uses the BENOPTEx energy system optimization model to assess the economic viability of agroforestry and Agri-PV for energy production in Germany. Miscanthus was modeled as a forestry component in hypothetical scenarios. Yield data for agroforestry are based on specific field trials and may not be generalizable. The study concludes that under current assumptions, neither system is cost-optimal compared to monocultures and GM-PV, but identifies thresholds where they could become competitive.",,,,,,,,,,,,,,,,,,,,,,
10.1016/j.ecmx.2026.101614,,,,,,,,,,,,,,,,,,,,,,,,,,,,,,,,,,,,,forestry,https://docs.google.com/spreadsheets/d/e/2PACX-1vR0wSk6qgGv0cZxkc4zRKwJso5edQ88ivsUDACEXts43BR4gZRfcGJ3JzjpPjYYpLnUvAe_mJJO0UJg/pub?output=csv,19,The future role of agroforestry and Agri-PV in the German energy system — An analysis with the BENOPTex model,"The climate crisis requires a transition to a climate neutral energy system, particularly in sectors that are
hard to decarbonize. For these sectors, biomass-based energy carriers often represent a comparatively costeffective decarbonization option. Given limited suitable land availability and high energy demand, identifying
land-efficient solutions for renewable energy production is crucial. The present study is concerned with the
collection and harmonization of data on the multi-land-use concepts of agricultural photovoltaics (Agri-PV)
and agroforestry. Both concepts are considered here as systems capable of contributing to renewable energy
supply, through electricity generation and biomass production for energy use. The objective is to integrate
these concepts into a model of the German energy system and use the energy system optimization model
BENOPTex to evaluate their economic viability. In various sensitivity analysis, we determine the most costeffective land allocation for energy production on the 2.16 million hectares currently used for energy crops.
Results indicate that, under current yield and cost assumptions, neither Agri-PV nor agroforestry systems
outperform monoculture systems (e.g. Miscanthus) or ground-mounted PV. However, the analysis identifies
yield and cost thresholds at which specific combinations become competitive. For example, a Miscanthus-sugar
beet agroforestry system becomes viable with a 6% yield increase in Miscanthus compared to the monoculture
yield. Despite their current economic disadvantages, Agri-PV and agroforestry offer non-monetized benefits
including biodiversity enhancement and climate resilience. The study concludes that bridging the economic gap
may require valuing these co-benefits or achieving significant cost and yield improvements through research
and innovation.",01.01.2020,01.01.2050,Germany,2160000,"Agroforestry, Agri-PV, Monoculture, Ground-mounted PV (GM-PV)",4, Poplar,,66%,Maize silage,,86%,V-PV,340,1045,6,90,90,1,12,30%,10%,"79,6%",,,,12%,42%,Agroforestry and Agri-PV are noted to have potential benefits for biodiversity enhancement and climate resilience.,"Potential co-benefits of multi-land-use systems include erosion control, improved water distribution, and microclimatic effects (not explicitly modeled).","Biodiversity enhancement, climate resilience, soil protection, erosion control, improved water distribution, microclimatic effects.","This study uses the BENOPTEx energy system optimization model to assess the economic viability of agroforestry and Agri-PV for energy production in Germany. Miscanthus was modeled as a forestry component in hypothetical scenarios. Yield data for agroforestry are based on specific field trials and may not be generalizable. The study concludes that under current assumptions, neither system is cost-optimal compared to monocultures and GM-PV, but identifies thresholds where they could become competitive.",,,,,,,,,,,,,,,,,,,,,,
10.1016/j.ecmx.2026.101614,,,,,,,,,,,,,,,,,,,,,,,,,,,,,,,,,,,,,forestry,https://docs.google.com/spreadsheets/d/e/2PACX-1vR0wSk6qgGv0cZxkc4zRKwJso5edQ88ivsUDACEXts43BR4gZRfcGJ3JzjpPjYYpLnUvAe_mJJO0UJg/pub?output=csv,20,The future role of agroforestry and Agri-PV in the German energy system — An analysis with the BENOPTex model,"The climate crisis requires a transition to a climate neutral energy system, particularly in sectors that are
hard to decarbonize. For these sectors, biomass-based energy carriers often represent a comparatively costeffective decarbonization option. Given limited suitable land availability and high energy demand, identifying
land-efficient solutions for renewable energy production is crucial. The present study is concerned with the
collection and harmonization of data on the multi-land-use concepts of agricultural photovoltaics (Agri-PV)
and agroforestry. Both concepts are considered here as systems capable of contributing to renewable energy
supply, through electricity generation and biomass production for energy use. The objective is to integrate
these concepts into a model of the German energy system and use the energy system optimization model
BENOPTex to evaluate their economic viability. In various sensitivity analysis, we determine the most costeffective land allocation for energy production on the 2.16 million hectares currently used for energy crops.
Results indicate that, under current yield and cost assumptions, neither Agri-PV nor agroforestry systems
outperform monoculture systems (e.g. Miscanthus) or ground-mounted PV. However, the analysis identifies
yield and cost thresholds at which specific combinations become competitive. For example, a Miscanthus-sugar
beet agroforestry system becomes viable with a 6% yield increase in Miscanthus compared to the monoculture
yield. Despite their current economic disadvantages, Agri-PV and agroforestry offer non-monetized benefits
including biodiversity enhancement and climate resilience. The study concludes that bridging the economic gap
may require valuing these co-benefits or achieving significant cost and yield improvements through research
and innovation.",01.01.2020,01.01.2050,Germany,2160000,"Agroforestry, Agri-PV, Monoculture, Ground-mounted PV (GM-PV)","0,25", Poplar,,56%,Corn grain,,78%,V-PV,340,1045,6,90,90,1,12,30%,10%,"79,6%",,,,12%,42%,Agroforestry and Agri-PV are noted to have potential benefits for biodiversity enhancement and climate resilience.,"Potential co-benefits of multi-land-use systems include erosion control, improved water distribution, and microclimatic effects (not explicitly modeled).","Biodiversity enhancement, climate resilience, soil protection, erosion control, improved water distribution, microclimatic effects.","This study uses the BENOPTEx energy system optimization model to assess the economic viability of agroforestry and Agri-PV for energy production in Germany. Miscanthus was modeled as a forestry component in hypothetical scenarios. Yield data for agroforestry are based on specific field trials and may not be generalizable. The study concludes that under current assumptions, neither system is cost-optimal compared to monocultures and GM-PV, but identifies thresholds where they could become competitive.",,,,,,,,,,,,,,,,,,,,,,
10.1016/j.ecmx.2026.101614,,,,,,,,,,,,,,,,,,,,,,,,,,,,,,,,,,,,,forestry,https://docs.google.com/spreadsheets/d/e/2PACX-1vR0wSk6qgGv0cZxkc4zRKwJso5edQ88ivsUDACEXts43BR4gZRfcGJ3JzjpPjYYpLnUvAe_mJJO0UJg/pub?output=csv,21,The future role of agroforestry and Agri-PV in the German energy system — An analysis with the BENOPTex model,"The climate crisis requires a transition to a climate neutral energy system, particularly in sectors that are
hard to decarbonize. For these sectors, biomass-based energy carriers often represent a comparatively costeffective decarbonization option. Given limited suitable land availability and high energy demand, identifying
land-efficient solutions for renewable energy production is crucial. The present study is concerned with the
collection and harmonization of data on the multi-land-use concepts of agricultural photovoltaics (Agri-PV)
and agroforestry. Both concepts are considered here as systems capable of contributing to renewable energy
supply, through electricity generation and biomass production for energy use. The objective is to integrate
these concepts into a model of the German energy system and use the energy system optimization model
BENOPTex to evaluate their economic viability. In various sensitivity analysis, we determine the most costeffective land allocation for energy production on the 2.16 million hectares currently used for energy crops.
Results indicate that, under current yield and cost assumptions, neither Agri-PV nor agroforestry systems
outperform monoculture systems (e.g. Miscanthus) or ground-mounted PV. However, the analysis identifies
yield and cost thresholds at which specific combinations become competitive. For example, a Miscanthus-sugar
beet agroforestry system becomes viable with a 6% yield increase in Miscanthus compared to the monoculture
yield. Despite their current economic disadvantages, Agri-PV and agroforestry offer non-monetized benefits
including biodiversity enhancement and climate resilience. The study concludes that bridging the economic gap
may require valuing these co-benefits or achieving significant cost and yield improvements through research
and innovation.",01.01.2020,01.01.2050,Germany,2160000,"Agroforestry, Agri-PV, Monoculture, Ground-mounted PV (GM-PV)",4, Poplar,,66%,Corn grain,,78%,V-PV,340,1045,6,90,90,1,12,30%,10%,"79,6%",,,,12%,42%,Agroforestry and Agri-PV are noted to have potential benefits for biodiversity enhancement and climate resilience.,"Potential co-benefits of multi-land-use systems include erosion control, improved water distribution, and microclimatic effects (not explicitly modeled).","Biodiversity enhancement, climate resilience, soil protection, erosion control, improved water distribution, microclimatic effects.","This study uses the BENOPTEx energy system optimization model to assess the economic viability of agroforestry and Agri-PV for energy production in Germany. Miscanthus was modeled as a forestry component in hypothetical scenarios. Yield data for agroforestry are based on specific field trials and may not be generalizable. The study concludes that under current assumptions, neither system is cost-optimal compared to monocultures and GM-PV, but identifies thresholds where they could become competitive.",,,,,,,,,,,,,,,,,,,,,,
10.1016/j.ecmx.2026.101614,,,,,,,,,,,,,,,,,,,,,,,,,,,,,,,,,,,,,forestry,https://docs.google.com/spreadsheets/d/e/2PACX-1vR0wSk6qgGv0cZxkc4zRKwJso5edQ88ivsUDACEXts43BR4gZRfcGJ3JzjpPjYYpLnUvAe_mJJO0UJg/pub?output=csv,22,The future role of agroforestry and Agri-PV in the German energy system — An analysis with the BENOPTex model,"The climate crisis requires a transition to a climate neutral energy system, particularly in sectors that are
hard to decarbonize. For these sectors, biomass-based energy carriers often represent a comparatively costeffective decarbonization option. Given limited suitable land availability and high energy demand, identifying
land-efficient solutions for renewable energy production is crucial. The present study is concerned with the
collection and harmonization of data on the multi-land-use concepts of agricultural photovoltaics (Agri-PV)
and agroforestry. Both concepts are considered here as systems capable of contributing to renewable energy
supply, through electricity generation and biomass production for energy use. The objective is to integrate
these concepts into a model of the German energy system and use the energy system optimization model
BENOPTex to evaluate their economic viability. In various sensitivity analysis, we determine the most costeffective land allocation for energy production on the 2.16 million hectares currently used for energy crops.
Results indicate that, under current yield and cost assumptions, neither Agri-PV nor agroforestry systems
outperform monoculture systems (e.g. Miscanthus) or ground-mounted PV. However, the analysis identifies
yield and cost thresholds at which specific combinations become competitive. For example, a Miscanthus-sugar
beet agroforestry system becomes viable with a 6% yield increase in Miscanthus compared to the monoculture
yield. Despite their current economic disadvantages, Agri-PV and agroforestry offer non-monetized benefits
including biodiversity enhancement and climate resilience. The study concludes that bridging the economic gap
may require valuing these co-benefits or achieving significant cost and yield improvements through research
and innovation.",01.01.2020,01.01.2050,Germany,2160000,"Agroforestry, Agri-PV, Monoculture, Ground-mounted PV (GM-PV)","0,25", Poplar,,56%,Sugar beet,,119%,S-PV,600,1026,"8,1",20,0,5,"9,2",30%,8%,,,,,,,Agroforestry and Agri-PV are noted to have potential benefits for biodiversity enhancement and climate resilience.,"Potential co-benefits of multi-land-use systems include erosion control, improved water distribution, and microclimatic effects (not explicitly modeled).","Biodiversity enhancement, climate resilience, soil protection, erosion control, improved water distribution, microclimatic effects.","This study uses the BENOPTEx energy system optimization model to assess the economic viability of agroforestry and Agri-PV for energy production in Germany. Miscanthus was modeled as a forestry component in hypothetical scenarios. Yield data for agroforestry are based on specific field trials and may not be generalizable. The study concludes that under current assumptions, neither system is cost-optimal compared to monocultures and GM-PV, but identifies thresholds where they could become competitive.",,,,,,,,,,,,,,,,,,,,,,
10.1016/j.ecmx.2026.101614,,,,,,,,,,,,,,,,,,,,,,,,,,,,,,,,,,,,,forestry,https://docs.google.com/spreadsheets/d/e/2PACX-1vR0wSk6qgGv0cZxkc4zRKwJso5edQ88ivsUDACEXts43BR4gZRfcGJ3JzjpPjYYpLnUvAe_mJJO0UJg/pub?output=csv,23,The future role of agroforestry and Agri-PV in the German energy system — An analysis with the BENOPTex model,"The climate crisis requires a transition to a climate neutral energy system, particularly in sectors that are
hard to decarbonize. For these sectors, biomass-based energy carriers often represent a comparatively costeffective decarbonization option. Given limited suitable land availability and high energy demand, identifying
land-efficient solutions for renewable energy production is crucial. The present study is concerned with the
collection and harmonization of data on the multi-land-use concepts of agricultural photovoltaics (Agri-PV)
and agroforestry. Both concepts are considered here as systems capable of contributing to renewable energy
supply, through electricity generation and biomass production for energy use. The objective is to integrate
these concepts into a model of the German energy system and use the energy system optimization model
BENOPTex to evaluate their economic viability. In various sensitivity analysis, we determine the most costeffective land allocation for energy production on the 2.16 million hectares currently used for energy crops.
Results indicate that, under current yield and cost assumptions, neither Agri-PV nor agroforestry systems
outperform monoculture systems (e.g. Miscanthus) or ground-mounted PV. However, the analysis identifies
yield and cost thresholds at which specific combinations become competitive. For example, a Miscanthus-sugar
beet agroforestry system becomes viable with a 6% yield increase in Miscanthus compared to the monoculture
yield. Despite their current economic disadvantages, Agri-PV and agroforestry offer non-monetized benefits
including biodiversity enhancement and climate resilience. The study concludes that bridging the economic gap
may require valuing these co-benefits or achieving significant cost and yield improvements through research
and innovation.",01.01.2020,01.01.2050,Germany,2160000,"Agroforestry, Agri-PV, Monoculture, Ground-mounted PV (GM-PV)",4, Poplar,,66%,Sugar beet,,119%,S-PV,600,1026,"8,1",20,0,5,"9,2",30%,8%,,,,,,,Agroforestry and Agri-PV are noted to have potential benefits for biodiversity enhancement and climate resilience.,"Potential co-benefits of multi-land-use systems include erosion control, improved water distribution, and microclimatic effects (not explicitly modeled).","Biodiversity enhancement, climate resilience, soil protection, erosion control, improved water distribution, microclimatic effects.","This study uses the BENOPTEx energy system optimization model to assess the economic viability of agroforestry and Agri-PV for energy production in Germany. Miscanthus was modeled as a forestry component in hypothetical scenarios. Yield data for agroforestry are based on specific field trials and may not be generalizable. The study concludes that under current assumptions, neither system is cost-optimal compared to monocultures and GM-PV, but identifies thresholds where they could become competitive.",,,,,,,,,,,,,,,,,,,,,,
10.1016/j.ecmx.2026.101614,,,,,,,,,,,,,,,,,,,,,,,,,,,,,,,,,,,,,forestry,https://docs.google.com/spreadsheets/d/e/2PACX-1vR0wSk6qgGv0cZxkc4zRKwJso5edQ88ivsUDACEXts43BR4gZRfcGJ3JzjpPjYYpLnUvAe_mJJO0UJg/pub?output=csv,24,The future role of agroforestry and Agri-PV in the German energy system — An analysis with the BENOPTex model,"The climate crisis requires a transition to a climate neutral energy system, particularly in sectors that are
hard to decarbonize. For these sectors, biomass-based energy carriers often represent a comparatively costeffective decarbonization option. Given limited suitable land availability and high energy demand, identifying
land-efficient solutions for renewable energy production is crucial. The present study is concerned with the
collection and harmonization of data on the multi-land-use concepts of agricultural photovoltaics (Agri-PV)
and agroforestry. Both concepts are considered here as systems capable of contributing to renewable energy
supply, through electricity generation and biomass production for energy use. The objective is to integrate
these concepts into a model of the German energy system and use the energy system optimization model
BENOPTex to evaluate their economic viability. In various sensitivity analysis, we determine the most costeffective land allocation for energy production on the 2.16 million hectares currently used for energy crops.
Results indicate that, under current yield and cost assumptions, neither Agri-PV nor agroforestry systems
outperform monoculture systems (e.g. Miscanthus) or ground-mounted PV. However, the analysis identifies
yield and cost thresholds at which specific combinations become competitive. For example, a Miscanthus-sugar
beet agroforestry system becomes viable with a 6% yield increase in Miscanthus compared to the monoculture
yield. Despite their current economic disadvantages, Agri-PV and agroforestry offer non-monetized benefits
including biodiversity enhancement and climate resilience. The study concludes that bridging the economic gap
may require valuing these co-benefits or achieving significant cost and yield improvements through research
and innovation.",01.01.2020,01.01.2050,Germany,2160000,"Agroforestry, Agri-PV, Monoculture, Ground-mounted PV (GM-PV)","0,25", Poplar,,56%,Winter wheat,,120%,S-PV,600,1026,"8,1",20,0,5,"9,2",30%,8%,,,,,,,Agroforestry and Agri-PV are noted to have potential benefits for biodiversity enhancement and climate resilience.,"Potential co-benefits of multi-land-use systems include erosion control, improved water distribution, and microclimatic effects (not explicitly modeled).","Biodiversity enhancement, climate resilience, soil protection, erosion control, improved water distribution, microclimatic effects.","This study uses the BENOPTEx energy system optimization model to assess the economic viability of agroforestry and Agri-PV for energy production in Germany. Miscanthus was modeled as a forestry component in hypothetical scenarios. Yield data for agroforestry are based on specific field trials and may not be generalizable. The study concludes that under current assumptions, neither system is cost-optimal compared to monocultures and GM-PV, but identifies thresholds where they could become competitive.",,,,,,,,,,,,,,,,,,,,,,
10.1016/j.ecmx.2026.101614,,,,,,,,,,,,,,,,,,,,,,,,,,,,,,,,,,,,,forestry,https://docs.google.com/spreadsheets/d/e/2PACX-1vR0wSk6qgGv0cZxkc4zRKwJso5edQ88ivsUDACEXts43BR4gZRfcGJ3JzjpPjYYpLnUvAe_mJJO0UJg/pub?output=csv,25,The future role of agroforestry and Agri-PV in the German energy system — An analysis with the BENOPTex model,"The climate crisis requires a transition to a climate neutral energy system, particularly in sectors that are
hard to decarbonize. For these sectors, biomass-based energy carriers often represent a comparatively costeffective decarbonization option. Given limited suitable land availability and high energy demand, identifying
land-efficient solutions for renewable energy production is crucial. The present study is concerned with the
collection and harmonization of data on the multi-land-use concepts of agricultural photovoltaics (Agri-PV)
and agroforestry. Both concepts are considered here as systems capable of contributing to renewable energy
supply, through electricity generation and biomass production for energy use. The objective is to integrate
these concepts into a model of the German energy system and use the energy system optimization model
BENOPTex to evaluate their economic viability. In various sensitivity analysis, we determine the most costeffective land allocation for energy production on the 2.16 million hectares currently used for energy crops.
Results indicate that, under current yield and cost assumptions, neither Agri-PV nor agroforestry systems
outperform monoculture systems (e.g. Miscanthus) or ground-mounted PV. However, the analysis identifies
yield and cost thresholds at which specific combinations become competitive. For example, a Miscanthus-sugar
beet agroforestry system becomes viable with a 6% yield increase in Miscanthus compared to the monoculture
yield. Despite their current economic disadvantages, Agri-PV and agroforestry offer non-monetized benefits
including biodiversity enhancement and climate resilience. The study concludes that bridging the economic gap
may require valuing these co-benefits or achieving significant cost and yield improvements through research
and innovation.",01.01.2020,01.01.2050,Germany,2160000,"Agroforestry, Agri-PV, Monoculture, Ground-mounted PV (GM-PV)",4, Poplar,,66%,Winter wheat,,108%,S-PV,600,1026,"8,1",20,0,5,"9,2",30%,8%,,,,,,,Agroforestry and Agri-PV are noted to have potential benefits for biodiversity enhancement and climate resilience.,"Potential co-benefits of multi-land-use systems include erosion control, improved water distribution, and microclimatic effects (not explicitly modeled).","Biodiversity enhancement, climate resilience, soil protection, erosion control, improved water distribution, microclimatic effects.","This study uses the BENOPTEx energy system optimization model to assess the economic viability of agroforestry and Agri-PV for energy production in Germany. Miscanthus was modeled as a forestry component in hypothetical scenarios. Yield data for agroforestry are based on specific field trials and may not be generalizable. The study concludes that under current assumptions, neither system is cost-optimal compared to monocultures and GM-PV, but identifies thresholds where they could become competitive.",,,,,,,,,,,,,,,,,,,,,,
10.1016/j.ecmx.2026.101614,,,,,,,,,,,,,,,,,,,,,,,,,,,,,,,,,,,,,forestry,https://docs.google.com/spreadsheets/d/e/2PACX-1vR0wSk6qgGv0cZxkc4zRKwJso5edQ88ivsUDACEXts43BR4gZRfcGJ3JzjpPjYYpLnUvAe_mJJO0UJg/pub?output=csv,26,The future role of agroforestry and Agri-PV in the German energy system — An analysis with the BENOPTex model,"The climate crisis requires a transition to a climate neutral energy system, particularly in sectors that are
hard to decarbonize. For these sectors, biomass-based energy carriers often represent a comparatively costeffective decarbonization option. Given limited suitable land availability and high energy demand, identifying
land-efficient solutions for renewable energy production is crucial. The present study is concerned with the
collection and harmonization of data on the multi-land-use concepts of agricultural photovoltaics (Agri-PV)
and agroforestry. Both concepts are considered here as systems capable of contributing to renewable energy
supply, through electricity generation and biomass production for energy use. The objective is to integrate
these concepts into a model of the German energy system and use the energy system optimization model
BENOPTex to evaluate their economic viability. In various sensitivity analysis, we determine the most costeffective land allocation for energy production on the 2.16 million hectares currently used for energy crops.
Results indicate that, under current yield and cost assumptions, neither Agri-PV nor agroforestry systems
outperform monoculture systems (e.g. Miscanthus) or ground-mounted PV. However, the analysis identifies
yield and cost thresholds at which specific combinations become competitive. For example, a Miscanthus-sugar
beet agroforestry system becomes viable with a 6% yield increase in Miscanthus compared to the monoculture
yield. Despite their current economic disadvantages, Agri-PV and agroforestry offer non-monetized benefits
including biodiversity enhancement and climate resilience. The study concludes that bridging the economic gap
may require valuing these co-benefits or achieving significant cost and yield improvements through research
and innovation.",01.01.2020,01.01.2050,Germany,2160000,"Agroforestry, Agri-PV, Monoculture, Ground-mounted PV (GM-PV)","0,25", Poplar,,56%,Rapeseed,,120%,S-PV,600,1026,"8,1",20,0,5,"9,2",30%,8%,,,,,,,Agroforestry and Agri-PV are noted to have potential benefits for biodiversity enhancement and climate resilience.,"Potential co-benefits of multi-land-use systems include erosion control, improved water distribution, and microclimatic effects (not explicitly modeled).","Biodiversity enhancement, climate resilience, soil protection, erosion control, improved water distribution, microclimatic effects.","This study uses the BENOPTEx energy system optimization model to assess the economic viability of agroforestry and Agri-PV for energy production in Germany. Miscanthus was modeled as a forestry component in hypothetical scenarios. Yield data for agroforestry are based on specific field trials and may not be generalizable. The study concludes that under current assumptions, neither system is cost-optimal compared to monocultures and GM-PV, but identifies thresholds where they could become competitive.",,,,,,,,,,,,,,,,,,,,,,
10.1016/j.ecmx.2026.101614,,,,,,,,,,,,,,,,,,,,,,,,,,,,,,,,,,,,,forestry,https://docs.google.com/spreadsheets/d/e/2PACX-1vR0wSk6qgGv0cZxkc4zRKwJso5edQ88ivsUDACEXts43BR4gZRfcGJ3JzjpPjYYpLnUvAe_mJJO0UJg/pub?output=csv,27,The future role of agroforestry and Agri-PV in the German energy system — An analysis with the BENOPTex model,"The climate crisis requires a transition to a climate neutral energy system, particularly in sectors that are
hard to decarbonize. For these sectors, biomass-based energy carriers often represent a comparatively costeffective decarbonization option. Given limited suitable land availability and high energy demand, identifying
land-efficient solutions for renewable energy production is crucial. The present study is concerned with the
collection and harmonization of data on the multi-land-use concepts of agricultural photovoltaics (Agri-PV)
and agroforestry. Both concepts are considered here as systems capable of contributing to renewable energy
supply, through electricity generation and biomass production for energy use. The objective is to integrate
these concepts into a model of the German energy system and use the energy system optimization model
BENOPTex to evaluate their economic viability. In various sensitivity analysis, we determine the most costeffective land allocation for energy production on the 2.16 million hectares currently used for energy crops.
Results indicate that, under current yield and cost assumptions, neither Agri-PV nor agroforestry systems
outperform monoculture systems (e.g. Miscanthus) or ground-mounted PV. However, the analysis identifies
yield and cost thresholds at which specific combinations become competitive. For example, a Miscanthus-sugar
beet agroforestry system becomes viable with a 6% yield increase in Miscanthus compared to the monoculture
yield. Despite their current economic disadvantages, Agri-PV and agroforestry offer non-monetized benefits
including biodiversity enhancement and climate resilience. The study concludes that bridging the economic gap
may require valuing these co-benefits or achieving significant cost and yield improvements through research
and innovation.",01.01.2020,01.01.2050,Germany,2160000,"Agroforestry, Agri-PV, Monoculture, Ground-mounted PV (GM-PV)",4, Poplar,,66%,Rapeseed,,108%,S-PV,600,1026,"8,1",20,0,5,"9,2",30%,8%,,,,,,,Agroforestry and Agri-PV are noted to have potential benefits for biodiversity enhancement and climate resilience.,"Potential co-benefits of multi-land-use systems include erosion control, improved water distribution, and microclimatic effects (not explicitly modeled).","Biodiversity enhancement, climate resilience, soil protection, erosion control, improved water distribution, microclimatic effects.","This study uses the BENOPTEx energy system optimization model to assess the economic viability of agroforestry and Agri-PV for energy production in Germany. Miscanthus was modeled as a forestry component in hypothetical scenarios. Yield data for agroforestry are based on specific field trials and may not be generalizable. The study concludes that under current assumptions, neither system is cost-optimal compared to monocultures and GM-PV, but identifies thresholds where they could become competitive.",,,,,,,,,,,,,,,,,,,,,,
10.1016/j.ecmx.2026.101614,,,,,,,,,,,,,,,,,,,,,,,,,,,,,,,,,,,,,forestry,https://docs.google.com/spreadsheets/d/e/2PACX-1vR0wSk6qgGv0cZxkc4zRKwJso5edQ88ivsUDACEXts43BR4gZRfcGJ3JzjpPjYYpLnUvAe_mJJO0UJg/pub?output=csv,28,The future role of agroforestry and Agri-PV in the German energy system — An analysis with the BENOPTex model,"The climate crisis requires a transition to a climate neutral energy system, particularly in sectors that are
hard to decarbonize. For these sectors, biomass-based energy carriers often represent a comparatively costeffective decarbonization option. Given limited suitable land availability and high energy demand, identifying
land-efficient solutions for renewable energy production is crucial. The present study is concerned with the
collection and harmonization of data on the multi-land-use concepts of agricultural photovoltaics (Agri-PV)
and agroforestry. Both concepts are considered here as systems capable of contributing to renewable energy
supply, through electricity generation and biomass production for energy use. The objective is to integrate
these concepts into a model of the German energy system and use the energy system optimization model
BENOPTex to evaluate their economic viability. In various sensitivity analysis, we determine the most costeffective land allocation for energy production on the 2.16 million hectares currently used for energy crops.
Results indicate that, under current yield and cost assumptions, neither Agri-PV nor agroforestry systems
outperform monoculture systems (e.g. Miscanthus) or ground-mounted PV. However, the analysis identifies
yield and cost thresholds at which specific combinations become competitive. For example, a Miscanthus-sugar
beet agroforestry system becomes viable with a 6% yield increase in Miscanthus compared to the monoculture
yield. Despite their current economic disadvantages, Agri-PV and agroforestry offer non-monetized benefits
including biodiversity enhancement and climate resilience. The study concludes that bridging the economic gap
may require valuing these co-benefits or achieving significant cost and yield improvements through research
and innovation.",01.01.2020,01.01.2050,Germany,2160000,"Agroforestry, Agri-PV, Monoculture, Ground-mounted PV (GM-PV)","0,25", Poplar,,56%,Maize silage,,86%,S-PV,600,1026,"8,1",20,0,5,"9,2",30%,8%,,,,,,,Agroforestry and Agri-PV are noted to have potential benefits for biodiversity enhancement and climate resilience.,"Potential co-benefits of multi-land-use systems include erosion control, improved water distribution, and microclimatic effects (not explicitly modeled).","Biodiversity enhancement, climate resilience, soil protection, erosion control, improved water distribution, microclimatic effects.","This study uses the BENOPTEx energy system optimization model to assess the economic viability of agroforestry and Agri-PV for energy production in Germany. Miscanthus was modeled as a forestry component in hypothetical scenarios. Yield data for agroforestry are based on specific field trials and may not be generalizable. The study concludes that under current assumptions, neither system is cost-optimal compared to monocultures and GM-PV, but identifies thresholds where they could become competitive.",,,,,,,,,,,,,,,,,,,,,,
10.1016/j.ecmx.2026.101614,,,,,,,,,,,,,,,,,,,,,,,,,,,,,,,,,,,,,forestry,https://docs.google.com/spreadsheets/d/e/2PACX-1vR0wSk6qgGv0cZxkc4zRKwJso5edQ88ivsUDACEXts43BR4gZRfcGJ3JzjpPjYYpLnUvAe_mJJO0UJg/pub?output=csv,29,The future role of agroforestry and Agri-PV in the German energy system — An analysis with the BENOPTex model,"The climate crisis requires a transition to a climate neutral energy system, particularly in sectors that are
hard to decarbonize. For these sectors, biomass-based energy carriers often represent a comparatively costeffective decarbonization option. Given limited suitable land availability and high energy demand, identifying
land-efficient solutions for renewable energy production is crucial. The present study is concerned with the
collection and harmonization of data on the multi-land-use concepts of agricultural photovoltaics (Agri-PV)
and agroforestry. Both concepts are considered here as systems capable of contributing to renewable energy
supply, through electricity generation and biomass production for energy use. The objective is to integrate
these concepts into a model of the German energy system and use the energy system optimization model
BENOPTex to evaluate their economic viability. In various sensitivity analysis, we determine the most costeffective land allocation for energy production on the 2.16 million hectares currently used for energy crops.
Results indicate that, under current yield and cost assumptions, neither Agri-PV nor agroforestry systems
outperform monoculture systems (e.g. Miscanthus) or ground-mounted PV. However, the analysis identifies
yield and cost thresholds at which specific combinations become competitive. For example, a Miscanthus-sugar
beet agroforestry system becomes viable with a 6% yield increase in Miscanthus compared to the monoculture
yield. Despite their current economic disadvantages, Agri-PV and agroforestry offer non-monetized benefits
including biodiversity enhancement and climate resilience. The study concludes that bridging the economic gap
may require valuing these co-benefits or achieving significant cost and yield improvements through research
and innovation.",01.01.2020,01.01.2050,Germany,2160000,"Agroforestry, Agri-PV, Monoculture, Ground-mounted PV (GM-PV)",4, Poplar,,66%,Maize silage,,86%,S-PV,600,1026,"8,1",20,0,5,"9,2",30%,8%,,,,,,,Agroforestry and Agri-PV are noted to have potential benefits for biodiversity enhancement and climate resilience.,"Potential co-benefits of multi-land-use systems include erosion control, improved water distribution, and microclimatic effects (not explicitly modeled).","Biodiversity enhancement, climate resilience, soil protection, erosion control, improved water distribution, microclimatic effects.","This study uses the BENOPTEx energy system optimization model to assess the economic viability of agroforestry and Agri-PV for energy production in Germany. Miscanthus was modeled as a forestry component in hypothetical scenarios. Yield data for agroforestry are based on specific field trials and may not be generalizable. The study concludes that under current assumptions, neither system is cost-optimal compared to monocultures and GM-PV, but identifies thresholds where they could become competitive.",,,,,,,,,,,,,,,,,,,,,,
10.1016/j.ecmx.2026.101614,,,,,,,,,,,,,,,,,,,,,,,,,,,,,,,,,,,,,forestry,https://docs.google.com/spreadsheets/d/e/2PACX-1vR0wSk6qgGv0cZxkc4zRKwJso5edQ88ivsUDACEXts43BR4gZRfcGJ3JzjpPjYYpLnUvAe_mJJO0UJg/pub?output=csv,30,The future role of agroforestry and Agri-PV in the German energy system — An analysis with the BENOPTex model,"The climate crisis requires a transition to a climate neutral energy system, particularly in sectors that are
hard to decarbonize. For these sectors, biomass-based energy carriers often represent a comparatively costeffective decarbonization option. Given limited suitable land availability and high energy demand, identifying
land-efficient solutions for renewable energy production is crucial. The present study is concerned with the
collection and harmonization of data on the multi-land-use concepts of agricultural photovoltaics (Agri-PV)
and agroforestry. Both concepts are considered here as systems capable of contributing to renewable energy
supply, through electricity generation and biomass production for energy use. The objective is to integrate
these concepts into a model of the German energy system and use the energy system optimization model
BENOPTex to evaluate their economic viability. In various sensitivity analysis, we determine the most costeffective land allocation for energy production on the 2.16 million hectares currently used for energy crops.
Results indicate that, under current yield and cost assumptions, neither Agri-PV nor agroforestry systems
outperform monoculture systems (e.g. Miscanthus) or ground-mounted PV. However, the analysis identifies
yield and cost thresholds at which specific combinations become competitive. For example, a Miscanthus-sugar
beet agroforestry system becomes viable with a 6% yield increase in Miscanthus compared to the monoculture
yield. Despite their current economic disadvantages, Agri-PV and agroforestry offer non-monetized benefits
including biodiversity enhancement and climate resilience. The study concludes that bridging the economic gap
may require valuing these co-benefits or achieving significant cost and yield improvements through research
and innovation.",01.01.2020,01.01.2050,Germany,2160000,"Agroforestry, Agri-PV, Monoculture, Ground-mounted PV (GM-PV)","0,25", Poplar,,56%,Corn grain,,78%,S-PV,600,1026,"8,1",20,0,5,"9,2",30%,8%,,,,,,,Agroforestry and Agri-PV are noted to have potential benefits for biodiversity enhancement and climate resilience.,"Potential co-benefits of multi-land-use systems include erosion control, improved water distribution, and microclimatic effects (not explicitly modeled).","Biodiversity enhancement, climate resilience, soil protection, erosion control, improved water distribution, microclimatic effects.","This study uses the BENOPTEx energy system optimization model to assess the economic viability of agroforestry and Agri-PV for energy production in Germany. Miscanthus was modeled as a forestry component in hypothetical scenarios. Yield data for agroforestry are based on specific field trials and may not be generalizable. The study concludes that under current assumptions, neither system is cost-optimal compared to monocultures and GM-PV, but identifies thresholds where they could become competitive.",,,,,,,,,,,,,,,,,,,,,,
10.1016/j.ecmx.2026.101614,,,,,,,,,,,,,,,,,,,,,,,,,,,,,,,,,,,,,forestry,https://docs.google.com/spreadsheets/d/e/2PACX-1vR0wSk6qgGv0cZxkc4zRKwJso5edQ88ivsUDACEXts43BR4gZRfcGJ3JzjpPjYYpLnUvAe_mJJO0UJg/pub?output=csv,31,The future role of agroforestry and Agri-PV in the German energy system — An analysis with the BENOPTex model,"The climate crisis requires a transition to a climate neutral energy system, particularly in sectors that are
hard to decarbonize. For these sectors, biomass-based energy carriers often represent a comparatively costeffective decarbonization option. Given limited suitable land availability and high energy demand, identifying
land-efficient solutions for renewable energy production is crucial. The present study is concerned with the
collection and harmonization of data on the multi-land-use concepts of agricultural photovoltaics (Agri-PV)
and agroforestry. Both concepts are considered here as systems capable of contributing to renewable energy
supply, through electricity generation and biomass production for energy use. The objective is to integrate
these concepts into a model of the German energy system and use the energy system optimization model
BENOPTex to evaluate their economic viability. In various sensitivity analysis, we determine the most costeffective land allocation for energy production on the 2.16 million hectares currently used for energy crops.
Results indicate that, under current yield and cost assumptions, neither Agri-PV nor agroforestry systems
outperform monoculture systems (e.g. Miscanthus) or ground-mounted PV. However, the analysis identifies
yield and cost thresholds at which specific combinations become competitive. For example, a Miscanthus-sugar
beet agroforestry system becomes viable with a 6% yield increase in Miscanthus compared to the monoculture
yield. Despite their current economic disadvantages, Agri-PV and agroforestry offer non-monetized benefits
including biodiversity enhancement and climate resilience. The study concludes that bridging the economic gap
may require valuing these co-benefits or achieving significant cost and yield improvements through research
and innovation.",01.01.2020,01.01.2050,Germany,2160000,"Agroforestry, Agri-PV, Monoculture, Ground-mounted PV (GM-PV)",4, Poplar,,66%,Corn grain,,78%,S-PV,600,1026,"8,1",20,0,5,"9,2",30%,8%,,,,,,,Agroforestry and Agri-PV are noted to have potential benefits for biodiversity enhancement and climate resilience.,"Potential co-benefits of multi-land-use systems include erosion control, improved water distribution, and microclimatic effects (not explicitly modeled).","Biodiversity enhancement, climate resilience, soil protection, erosion control, improved water distribution, microclimatic effects.","This study uses the BENOPTEx energy system optimization model to assess the economic viability of agroforestry and Agri-PV for energy production in Germany. Miscanthus was modeled as a forestry component in hypothetical scenarios. Yield data for agroforestry are based on specific field trials and may not be generalizable. The study concludes that under current assumptions, neither system is cost-optimal compared to monocultures and GM-PV, but identifies thresholds where they could become competitive.",,,,,,,,,,,,,,,,,,,,,,
10.3390/su18031197,,,,,,,,,,,,,,,,,,,,,,,,,,,,,,,,,,,,,forestry,https://docs.google.com/spreadsheets/d/e/2PACX-1vR0wSk6qgGv0cZxkc4zRKwJso5edQ88ivsUDACEXts43BR4gZRfcGJ3JzjpPjYYpLnUvAe_mJJO0UJg/pub?output=csv,32,Assessing an Agrivoltaic System Pilot in a Small-Scale Solar Farm: A Case Study in the Colombian Tropical Dry Forest,"Agrivoltaic systems, which integrate solar energy generation with agricultural production, offer a promising solution to optimize land use efficiency. This work presents a case study for the assessment of an agrivoltaic pilot project in a small-scale solar farm operated by SOLENIUM in San Diego (Cesar, Colombia), located in the Colombian tropical dry forest. The project evaluated environmental conditions, selected melon and watermelon as shade-tolerant crops, and assessed technical challenges, including mechanization constraints. Preliminary results indicated that agrivoltaic systems can maintain agricultural productivity while generating renewable energy, with photosynthetically active radiation measurements averaging 1342 μmol/m2/s in cultivation areas. This case study demonstrates the viability of agrivoltaic systems as a scalable model for sustainable rural development in the Colombian tropical dry forest.",01.01.2024,31.12.2024,San Diego,"2,5",Agri-PV,,,,,Melon,,,Single-axis tracking,520,,4,60,0,"2,4",10,,80%,,,"1,2",,,,"Seven managed honeybee hives were installed within the experimental plot to enhance crop pollination. A pollinator-friendly phytosanitary strategy was adopted, avoiding synthetic fungicides or insecticides.","Field tests indicated higher soil moisture retention in shaded areas between PV panel rows, suggesting potential water conservation benefits. Soil analysis showed a loam texture with balanced drainage.",Water conservation potential due to reduced evapotranspiration under partial shade; enhanced pollinator activity; potential for increased energy generation from bifacial panels due to high-albedo agricultural mulch.,"This case study demonstrates the technical feasibility of integrating shade-tolerant row crops (melon, watermelon) with a bifacial, single-axis tracking solar PV system in the Colombian tropical dry forest. Key challenges addressed included soil mechanization between panel rows, drip irrigation installation, and maintaining a 2m safety distance from tracker bases. PAR measurements averaged 1342 μmol/m²/s in cultivation areas. The project successfully established 4500 watermelon plants across 0.5 ha of cultivable land within the 2.5 ha solar farm. No synthetic pesticides were used to protect pollinators. The study did not include control plots for yield comparison, and long-term data on crop yields and energy production are still needed",,,,,,,,,,,,,,,,,,,,,,
10.1016/j.jclepro.2023.139958,,,,,,,,,,,,,,,,,,,,,,,,,,,,,,,,,,,,,forestry,https://docs.google.com/spreadsheets/d/e/2PACX-1vR0wSk6qgGv0cZxkc4zRKwJso5edQ88ivsUDACEXts43BR4gZRfcGJ3JzjpPjYYpLnUvAe_mJJO0UJg/pub?output=csv,33,Revisiting the land use conflicts between forests and solar farms through energy efficiency,"Forests and solar energy are both critical to achieving the climate goals proposed by the Paris Agreement. However, large-scale deployment of solar farms requires vast land areas, potentially posing conflicts with other land uses. For example, solar farms have been built in forested regions or with a direct cost to forests (through deforestation). Here, we evaluated land-use conflicts between forests and established solar farms worldwide, and further assessed the energy efficiency effect of placing solar farms over forests using simulation results from seven state-of-the-art Earth system models. Our results, based on remote sensing analysis, showed that 6320 solar farms (9.14%) exhibit land-use conflicts with forests, accounting for 4.9% of the total solar farm area. The capacity factor (CF) of solar farms was found to decrease with increasing forest coverage because of enhanced cloud formation and reduced solar radiation. Even though deforestation was shown to be able to increase the local CF, in deforestation areas CF was still found to be lower than over open land (cropland or grassland). Moreover, the effect of a significantly increased CF following deforestation was found to take about 36 years to emerge, potentially exceeding the service lifetime of a solar farm (25–30 years). Our results highlight the fact that building solar farms over forests or through deforestation leads to no gain in energy efficiency compared to open land, and hence should only be carried out with great caution or completely discouraged.",01.01.1992,31.12.2018,,"47259,2","Forest, Deforested land, Cropland, Grassland, Shrubland, Barren land, Wetlands, Built-up areas",,Forest,,,Cropland,,,Single-axis tracking,,,,,,,,,,,,,,,," Solar farm expansion can result in reduced species richness and diversity, with a shift towards fewer rare species and more non-indigenous species. Forest conversion for solar farms threatens biodiversity conservation.",Forests provide soil and water conservation services which are lost when they are cleared for solar farms.," Forests provide ecosystem services including oxygen release, air purification, wind and sand fixation, soil and water conservation, biodiversity conservation, and carbon sequestration. Agrivoltaics in croplands/grasslands can provide mutual benefits including reduced plant drought stress and reduced PV panel heat stress.","This study analyzes land-use conflicts between existing solar farms and forests globally using remote sensing data, finding that 9.14% of solar farms (6,320 installations) exhibit conflicts with forests, accounting for 4.9% of total solar farm area. Of these, 75.1% were built in forested areas and 24.9% in deforested areas. Using CMIP6 Earth system model simulations, the study finds that solar capacity factor decreases with increasing forest cover due to enhanced cloud formation. Deforestation leads to a negligible increase in capacity factor (0.8% on average) that takes approximately 36 years to become significant—longer than the typical 25-30 year lifetime of a solar farm. The study concludes that building solar farms over forests or through deforestation provides no energy efficiency gain compared to open land (cropland or grassland) and should be discouraged.",,,,,,,,,,,,,,,,,,,,,,
10.1016/j.energy.2024.131904,,,,,,,,,,,,,,,,,,,,,,,,,,,,,,,,,,,,,aquaculture,https://docs.google.com/spreadsheets/d/e/2PACX-1vSdqh15EIG4xIACOBaFtWbKamveCBj7QVPq2vkyVhjk0_F5mrrlRqMJROWCXXkKDr3aBzqA3GCNNHyt/pub?output=csv,2,A technical and economic evaluation of floating photovoltaic systems in the context of the water-energy nexus,"Energy and water scarcity are increasingly global challenges that should be addressed collaboratively. Accordingly, floating photovoltaic systems (FPV), which are mounted on the water's surface, are gaining global acceptance. This system offers several unique benefits over land-based ones, including land preservation, water saving, and enhancing system efficiency. This research seeks to experimentally assess and compare the performance of the FPV with those of a conventional land-based system (LPV) in a Mediterranean climate. To that aim, both the FPV and the LPV are analyzed in terms of electrical and thermal performance, evaporation mitigation, environmental and economic considerations at varied module tilt angles (10°, 15°, 20°, and 30°). The findings reveal that adjusting the FPV tilt to 10° reduces the module temperature by 7.24 °C, leading to a 16 % reduction compared to LPV due to the water surface proximity. The FPV deployment at a tilt of 10° reduced the evaporation by 83.33 %. The FPV surpasses the LPV installed at a tilt angle of 20° by 8.92 % in power generation. It's confirmed that the FPV system produces electricity with a LCOE of 0.059 $/kWh with the potential of saving 2.19 m3/m2 of water vapor annually, which mitigates 5.20 kg of CO2/m2/year.",24.06.2022,30.06.2022,Port Said,,,,,,,,,,,,,,,,,,,,,,,,,,,,,"The study's primary focus is the water-energy nexus, not aquaculture. A 4E (energy, evaporation, economic, environmental) assessment was conducted for an FPV system. Water evaporation savings were calculated and their economic value was estimated based on the cost of desalination.",Reservoir,110,,,S-energy (83W),Pontoon,"0,083",20,0,,,"0,6256","7,55",,,,"8,92%","66,67%",Water Temperature,"The article mentions that shading from FPV can reduce algae blooms and eutrophication, but no specific organism was studied",,
10.1016/j.energy.2024.131904,,,,,,,,,,,,,,,,,,,,,,,,,,,,,,,,,,,,,aquaculture,https://docs.google.com/spreadsheets/d/e/2PACX-1vSdqh15EIG4xIACOBaFtWbKamveCBj7QVPq2vkyVhjk0_F5mrrlRqMJROWCXXkKDr3aBzqA3GCNNHyt/pub?output=csv,3,A technical and economic evaluation of floating photovoltaic systems in the context of the water-energy nexus,"Energy and water scarcity are increasingly global challenges that should be addressed collaboratively. Accordingly, floating photovoltaic systems (FPV), which are mounted on the water's surface, are gaining global acceptance. This system offers several unique benefits over land-based ones, including land preservation, water saving, and enhancing system efficiency. This research seeks to experimentally assess and compare the performance of the FPV with those of a conventional land-based system (LPV) in a Mediterranean climate. To that aim, both the FPV and the LPV are analyzed in terms of electrical and thermal performance, evaporation mitigation, environmental and economic considerations at varied module tilt angles (10°, 15°, 20°, and 30°). The findings reveal that adjusting the FPV tilt to 10° reduces the module temperature by 7.24 °C, leading to a 16 % reduction compared to LPV due to the water surface proximity. The FPV deployment at a tilt of 10° reduced the evaporation by 83.33 %. The FPV surpasses the LPV installed at a tilt angle of 20° by 8.92 % in power generation. It's confirmed that the FPV system produces electricity with a LCOE of 0.059 $/kWh with the potential of saving 2.19 m3/m2 of water vapor annually, which mitigates 5.20 kg of CO2/m2/year.",24.06.2022,30.06.2022,Port Said,,,,,,,,,,,,,,,,,,,,,,,,,,,,,"The study's primary focus is the water-energy nexus, not aquaculture. A 4E (energy, evaporation, economic, environmental) assessment was conducted for an FPV system. Water evaporation savings were calculated and their economic value was estimated based on the cost of desalination.",Reservoir,110,,,S-energy (83W),Pontoon,"0,083",10,0,,,"0,6256","7,55",,,,"8,92%","83,33%",Water Temperature,"The article mentions that shading from FPV can reduce algae blooms and eutrophication, but no specific organism was studied",,
10.1016/j.energy.2024.131904,,,,,,,,,,,,,,,,,,,,,,,,,,,,,,,,,,,,,aquaculture,https://docs.google.com/spreadsheets/d/e/2PACX-1vSdqh15EIG4xIACOBaFtWbKamveCBj7QVPq2vkyVhjk0_F5mrrlRqMJROWCXXkKDr3aBzqA3GCNNHyt/pub?output=csv,4,A technical and economic evaluation of floating photovoltaic systems in the context of the water-energy nexus,"Energy and water scarcity are increasingly global challenges that should be addressed collaboratively. Accordingly, floating photovoltaic systems (FPV), which are mounted on the water's surface, are gaining global acceptance. This system offers several unique benefits over land-based ones, including land preservation, water saving, and enhancing system efficiency. This research seeks to experimentally assess and compare the performance of the FPV with those of a conventional land-based system (LPV) in a Mediterranean climate. To that aim, both the FPV and the LPV are analyzed in terms of electrical and thermal performance, evaporation mitigation, environmental and economic considerations at varied module tilt angles (10°, 15°, 20°, and 30°). The findings reveal that adjusting the FPV tilt to 10° reduces the module temperature by 7.24 °C, leading to a 16 % reduction compared to LPV due to the water surface proximity. The FPV deployment at a tilt of 10° reduced the evaporation by 83.33 %. The FPV surpasses the LPV installed at a tilt angle of 20° by 8.92 % in power generation. It's confirmed that the FPV system produces electricity with a LCOE of 0.059 $/kWh with the potential of saving 2.19 m3/m2 of water vapor annually, which mitigates 5.20 kg of CO2/m2/year.",24.06.2022,30.06.2022,Port Said,,,,,,,,,,,,,,,,,,,,,,,,,,,,,"The study's primary focus is the water-energy nexus, not aquaculture. A 4E (energy, evaporation, economic, environmental) assessment was conducted for an FPV system. Water evaporation savings were calculated and their economic value was estimated based on the cost of desalination.",Reservoir,110,,,S-energy (83W),Pontoon,"0,083",15,0,,,"0,6256","7,55",,,,"8,92%",75%,Water Temperature,"The article mentions that shading from FPV can reduce algae blooms and eutrophication, but no specific organism was studied",,
10.1016/j.energy.2024.131904,,,,,,,,,,,,,,,,,,,,,,,,,,,,,,,,,,,,,aquaculture,https://docs.google.com/spreadsheets/d/e/2PACX-1vSdqh15EIG4xIACOBaFtWbKamveCBj7QVPq2vkyVhjk0_F5mrrlRqMJROWCXXkKDr3aBzqA3GCNNHyt/pub?output=csv,5,A technical and economic evaluation of floating photovoltaic systems in the context of the water-energy nexus,"Energy and water scarcity are increasingly global challenges that should be addressed collaboratively. Accordingly, floating photovoltaic systems (FPV), which are mounted on the water's surface, are gaining global acceptance. This system offers several unique benefits over land-based ones, including land preservation, water saving, and enhancing system efficiency. This research seeks to experimentally assess and compare the performance of the FPV with those of a conventional land-based system (LPV) in a Mediterranean climate. To that aim, both the FPV and the LPV are analyzed in terms of electrical and thermal performance, evaporation mitigation, environmental and economic considerations at varied module tilt angles (10°, 15°, 20°, and 30°). The findings reveal that adjusting the FPV tilt to 10° reduces the module temperature by 7.24 °C, leading to a 16 % reduction compared to LPV due to the water surface proximity. The FPV deployment at a tilt of 10° reduced the evaporation by 83.33 %. The FPV surpasses the LPV installed at a tilt angle of 20° by 8.92 % in power generation. It's confirmed that the FPV system produces electricity with a LCOE of 0.059 $/kWh with the potential of saving 2.19 m3/m2 of water vapor annually, which mitigates 5.20 kg of CO2/m2/year.",24.06.2022,30.06.2022,Port Said,,,,,,,,,,,,,,,,,,,,,,,,,,,,,"The study's primary focus is the water-energy nexus, not aquaculture. A 4E (energy, evaporation, economic, environmental) assessment was conducted for an FPV system. Water evaporation savings were calculated and their economic value was estimated based on the cost of desalination.",Reservoir,110,,,S-energy (83W),Pontoon,"0,083",30,0,,,"0,6256","7,55",,,,"8,92%","58,33%",Water Temperature,"The article mentions that shading from FPV can reduce algae blooms and eutrophication, but no specific organism was studied",,
10.1016/j.renene.2021.04.082,,,,,,,,,,,,,,,,,,,,,,,,,,,,,,,,,,,,,aquaculture,https://docs.google.com/spreadsheets/d/e/2PACX-1vSdqh15EIG4xIACOBaFtWbKamveCBj7QVPq2vkyVhjk0_F5mrrlRqMJROWCXXkKDr3aBzqA3GCNNHyt/pub?output=csv,6,Analysis of water environment on the performances of floating photovoltaic plants,"There is an increasing interest in Floating PV (FPV) plants thanks to their advantages compared with ground and rooftop PV systems, mainly related to very limited land use, evaporation reduction, and improvement of the energy performance. The PV modules installed on water surfaces have a natural cooling due to the microclimate in which they operate, which reduces thermal power losses. Furthermore, they can be equipped with simple and effective forced active water cooling systems which further improve FPVs performance. The objective of this study is to develop and validate mathematical models capable of estimating the performance of bifacial and monofacial PV modules installed on water surfaces. Starting from the energy balances of the PV modules, different scenarios are simulated, such as mono and bifacial systems installed on the rooftop, mono, and bifacial FPV systems in presence of natural (or passive) and forced (or active) cooling. The models are validated against experimental data acquired in FPV systems installed in the Enel Innovation Lab by Enel Green Power, Catania (Italy). The obtained results show an energy gain due to bifaciality of 5.24%. The passive cooling in the FPV increases the energy collected by 3% (maximum obtainable of 6.4%) and 2.6% for the bifacial and monofacial technology respectively. Active cooling in FPVs increases the collected energy by 9.7% (maximum achievable of 13.5%) and 9.5% for the bifacial and monofacial respectively.",30.07.2019,05.08.2019,Catania,,,,,,,,,,,,,,,,,,,,,,,,,,,,,"Mentioned that shading can improve water quality by reducing algae blooms, but no direct observation was made. The study's primary focus is the performance of FPV with passive and active cooling. It introduces the term 'aquavoltaics' in the introduction as a concept combining FPV and aquaculture, but the experimental work does not include aquaculture. The active cooling system uses a 500 W pump (250 Wh consumption per system during operation) to pump lake water over the modules for cooling and cleaning. A bifacial gain (BG) of 5.24% was observed.",Lake,,,,345 Wp bifacial,Pontoon,"0,345",20,0,"0,1",,"1,945",,,,,"9,7%",,Water temperature,"Mentioned that shading can improve water quality by reducing algae growth, but no specific organism was studied",Integrated cleaning system (active cooling system with water veil helps clean the modules),
10.1016/j.renene.2021.04.082,,,,,,,,,,,,,,,,,,,,,,,,,,,,,,,,,,,,,aquaculture,https://docs.google.com/spreadsheets/d/e/2PACX-1vSdqh15EIG4xIACOBaFtWbKamveCBj7QVPq2vkyVhjk0_F5mrrlRqMJROWCXXkKDr3aBzqA3GCNNHyt/pub?output=csv,7,Analysis of water environment on the performances of floating photovoltaic plants,"There is an increasing interest in Floating PV (FPV) plants thanks to their advantages compared with ground and rooftop PV systems, mainly related to very limited land use, evaporation reduction, and improvement of the energy performance. The PV modules installed on water surfaces have a natural cooling due to the microclimate in which they operate, which reduces thermal power losses. Furthermore, they can be equipped with simple and effective forced active water cooling systems which further improve FPVs performance. The objective of this study is to develop and validate mathematical models capable of estimating the performance of bifacial and monofacial PV modules installed on water surfaces. Starting from the energy balances of the PV modules, different scenarios are simulated, such as mono and bifacial systems installed on the rooftop, mono, and bifacial FPV systems in presence of natural (or passive) and forced (or active) cooling. The models are validated against experimental data acquired in FPV systems installed in the Enel Innovation Lab by Enel Green Power, Catania (Italy). The obtained results show an energy gain due to bifaciality of 5.24%. The passive cooling in the FPV increases the energy collected by 3% (maximum obtainable of 6.4%) and 2.6% for the bifacial and monofacial technology respectively. Active cooling in FPVs increases the collected energy by 9.7% (maximum achievable of 13.5%) and 9.5% for the bifacial and monofacial respectively.",30.07.2019,05.08.2019,Catania,,,,,,,,,,,,,,,,,,,,,,,,,,,,,"Mentioned that shading can improve water quality by reducing algae blooms, but no direct observation was made. The study's primary focus is the performance of FPV with passive and active cooling. It introduces the term 'aquavoltaics' in the introduction as a concept combining FPV and aquaculture, but the experimental work does not include aquaculture. The active cooling system uses a 500 W pump (250 Wh consumption per system during operation) to pump lake water over the modules for cooling and cleaning. A bifacial gain (BG) of 5.24% was observed.",Lake,,,,320 Wp monofacial,Pontoon,"0,32",20,0,"0,1",,"1,971",,,,,"9,5%",,Water temperature,"Mentioned that shading can improve water quality by reducing algae growth, but no specific organism was studied",Integrated cleaning system (active cooling system with water veil helps clean the modules),
10.1016/j.rser.2017.05.191,,,,,,,,,,,,,,,,,,,,,,,,,,,,,,,,,,,,,aquaculture,https://docs.google.com/spreadsheets/d/e/2PACX-1vSdqh15EIG4xIACOBaFtWbKamveCBj7QVPq2vkyVhjk0_F5mrrlRqMJROWCXXkKDr3aBzqA3GCNNHyt/pub?output=csv,8,Aquavoltaics: Synergies for dual use of water area for solar photovoltaic electricity generation and aquaculture,"Bodies of water provide essentials for both human society as well as natural ecosystems. To expand the
services these water provide, hybrid food-energy-water systems can be designed. This paper reviews
the fields of floatovoltaic (FV) technology (water deployed solar photovoltaic systems) and aquaculture
(farming of aquatic organisms) to investigate the potential of hybrid floatovoltaic-aquaculture
synergistic applications for improving food-energy-water nexus sustainability. The primary motivation
for combining electrical energy generation with aquaculture is to promote the dual use of water, which
has historically high unused potential. Recent advances in FV technology using both pontoon and thin
film structures provides significant flexibility in deployment in a range of water systems. Solar
generated electricity provides off-grid aquaculture potential. In addition, several other symbiotic
relationships are considered including an increase in power conversion efficiency due to the cooling
and cleaning of module surfaces , a reduction in water surface evaporation rates, ecosystem
redevelopment, and improved fish growth rates through integrated designs using FV-powered pumps to
control oxygenation levels as well as LED lighting. The potential for a solar photovoltaic-aquaculture
or aquavoltaic ecology was found to be promising. If a U.S. national average value of solar flux is used
then current aquaculture surface areas in use, if incorporated with appropriate solar technology could
account for 10.3% of total U.S. energy consumption as of 2016.",,,USA,,,,,,,,,,,,,,,,,,,,,,,,,,,,,"FPV structures can act as artificial reefs and fish aggregation devices (FADs), potentially helping to re-seed declining coral reefs and encourage the reemergence of endangered species. FPVs can also provide a barrier to aerial predation. This is a review paper, not an experimental study. It introduces the concept of 'aquavoltaics' and summarizes the potential synergies and challenges of combining FPV and aquaculture. Quantitative data (e.g., GHI_kWh_m2_year, Performance_Gain_vs_Land_%) are examples cited from other studies. The paper highlights the potential for FPV to provide off-grid energy for aquaculture, control water environment (oxygenation, photoperiod), and contribute to ecosystem restoration. It also discusses challenges like light competition/shading and biofouling. A key calculation shows that current US freshwater aquaculture areas could generate up to 10.3% of US energy consumption if combined with FPV. 5-22 (Range of increased power production due to cooling); 5 (Thin-film); 11 (Submerged at 4-6cm depth); 18 (Submerged at 4cm); 17.8 (Submerged at 1cm); 11 (100kW floating farm vs 1MW land farm over a year); 30 (FTCC annual efficiency increase); 60-70 (FTCC with mirrors vs conventional fixed-ground)","Reservoir, Pond, Coastal marine area",,"Fish, Crustaceans, Mollusks, Shellfish (mussels, oysters), Seaweeds (e.g., Gracilaria), Aquatic plants","10,5","Crystallized silicon (c-Si), Amorphous silicon (a-Si) thin-film","Thin-film floating, Pontoon, Submersible,  FTCC",,30,,,,,,1750,,,"13,5%",80%,"Temperature, pH, Salinity, Turbidity, Nutrients, Dissolved Oxygen","Can decrease algal growth, plant life, and microorganism density if uncontrolled; potential negative impact on fish intended for farming if food chain is impacted","FV-powered water pumping systems can manipulate oxygenation zones. LED can be installed on the bottom of pontoon structures, powered by PV, to manipulate photoperiod, control fish behavior, and promote algae/plant growth; potential use for antifouling.",
10.1016/j.jclepro.2024.141399,,,,,,,,,,,,,,,,,,,,,,,,,,,,,,,,,,,,,aquaculture,https://docs.google.com/spreadsheets/d/e/2PACX-1vSdqh15EIG4xIACOBaFtWbKamveCBj7QVPq2vkyVhjk0_F5mrrlRqMJROWCXXkKDr3aBzqA3GCNNHyt/pub?output=csv,9,Evaluating the potential benefits of float solar photovoltaics through the water footprint recovery period,"In the context of higher demands on the development of clean energy technologies due to the issue of water shortage in China and the implementation of the 2060 carbon-neutral objective, floating photovoltaic (FPV) systems present novel opportunities for transforming the energy structure through land conservation and enhancement of power generation efficiency compared to conventional solar systems. However, there is currently a lack of comprehensive analysis on the potential benefits of FPV. Utilizing reservoir databases and employing a professional FPV system design, a methodology for determining the water footprint recovery period was introduced, which enables the assessment of potential FPV benefits. The water footprint recovery period for constructing FPV on 909 reservoirs in China was found that ranges from 1.86 yr to 10.48 yr. It is found that reservoir evaporation, latitude, and climate are closely related to the water footprint recovery period of FPV. Furthermore, by implementing FPV panels with an optimal tilt angle, covering 30% of the area in each reservoir, the annual electricity generation can amount to 1429.19 TWh, leading to savings of 5.76 billion m3 of water. This achievement corresponds to 19.41% of the national electricity consumption and a 6.86% reduction in the national residential water consumption in 2020. The overall economic benefit is 5.61 myriads RMB, equivalent to 5.76% of the national GDP. These benefits are unevenly distributed and mainly concentrated in areas with more reservoirs. The anticipated enhancement of FPV system benefits is foreseen with the ongoing development and implementation of future reservoir power infrastructure and energy storage technology. These results demonstrate the significant potential of installing FPV systems on the reservoirs in China. This study proposes a method to comprehensively evaluate the comprehensive benefits of constructing FPV in China and conduct a thorough analysis of the feasibility of FPV, which could provide reference for the development of regional industries and the achievement of sustainable development goals (SDGs).",,,Chine,,,,,,,,,,,,,,,,,,,,,,,,,,,,,"This is a large-scale modeling study assessing the potential benefits of installing FPV on 909 reservoirs across China. It introduces the novel concept of the ""water footprint recovery period"" (1.86 to 10.48 years) to holistically evaluate FPV benefits by considering both the water saved (from reduced evaporation and compared to hydropower) and the water invested in manufacturing. The study finds that covering 30% of these reservoirs with FPV at optimal tilt angles could generate 1429.19 TWh of electricity annually (19.41% of national consumption) and save 5.76 billion m³ of water (6.86% of residential water use), with total economic benefits of 5.61 trillion RMB. The study explicitly notes that FPV installation rates exceeding 30% may negatively impact local ecosystems. Shading can reduce algal blooms and purify water, mitigating global warming. However, FPV may impact reservoir functions like flood control. Strict control of installation area and materials is necessary to minimize negative environmental impact.",Reservoir,17046680000,,,Maysun Solar-500-MB-50H,Pontoon,1225140000,30,0,,30%,5113980000,2080,,"1166,7",1429190000,,,Water temperature,"Can reduce algal proliferation, but may also reduce oxygen levels for fish and potentially promote methane production",,
10.1021/acs.est.8b04735,,,,,,,,,,,,,,,,,,,,,,,,,,,,,,,,,,,,,aquaculture,https://docs.google.com/spreadsheets/d/e/2PACX-1vSdqh15EIG4xIACOBaFtWbKamveCBj7QVPq2vkyVhjk0_F5mrrlRqMJROWCXXkKDr3aBzqA3GCNNHyt/pub?output=csv,10,Floating Photovoltaic Systems: Assessing the Technical Potential of Photovoltaic Systems on Man-Made Water Bodies in the Continental United States,"Floating photovoltaic (FPV) systems, also called floatovoltaics, are a rapidly growing emerging technology application in which solar photovoltaic (PV) systems are sited directly on water. The water-based configuration of FPV systems can be mutually beneficial: Along with providing such benefits as reduced evaporation and algae growth, it can lower PV operating temperatures and potentially reduce the costs of solar energy generation. Although there is growing interest in FPV, to date there has been no systematic assessment of technical potential in the continental United States. We provide the first national-level estimate of FPV technical potential using a combination of filtered, large-scale datasets, site-specific PV generation models, and geospatial analytical tools. We quantify FPV co-benefits and siting considerations, such as land conservation, coincidence with high electricity prices, and evaporation rates. Our results demonstrate the potential of FPV to contribute significantly to the U.S. electric sector, even using conservative assumptions. A total of 24 419 man-made water bodies, representing 27% of the number and 12% of the area of man-made water bodies in the contiguous United States, were identified as being suitable for FPV generation. FPV systems covering just 27% of the identified suitable water bodies could produce almost 10% of current national generation. Many of these eligible bodies of water are in water-stressed areas with high land acquisition costs and high electricity prices, suggesting multiple benefits of FPV technologies.",,,,,,,,,,,,,,,,,,,,,,,,,,,,,,,,,,,,,,,,,,,,,,,,,,,,,,
10.1016/j.jenvman.2022.116410,,,,,,,,,,,,,,,,,,,,,,,,,,,,,,,,,,,,,aquaculture,https://docs.google.com/spreadsheets/d/e/2PACX-1vSdqh15EIG4xIACOBaFtWbKamveCBj7QVPq2vkyVhjk0_F5mrrlRqMJROWCXXkKDr3aBzqA3GCNNHyt/pub?output=csv,11,Floating solar panels on reservoirs impact phytoplankton populations: A modelling experiment,"Floating solar photovoltaic (FPV) deployments are increasing globally as the switch to renewable energy intensifies, representing a considerable water surface transformation. FPV installations can potentially impact
aquatic ecosystem function, either positively or negatively. However, these impacts are poorly resolved given the
challenges of collecting empirical data for field or modelling experiments. In particular, there is limited evidence
on the response of phytoplankton to changes in water body thermal dynamics and light climate with FPV. Given
the importance of understanding phytoplankton biomass and species composition for managing ecosystem services, we use an uncertainty estimation approach to simulate the effect of FPV coverage and array siting location
on a UK reservoir. FPV coverage was modified in 10% increments from a baseline with 0% coverage to 100%
coverage for three different FPV array siting locations based on reservoir circulation patterns. Results showed
that FPV coverage significantly impacted thermal properties, resulting in highly variable impacts on phytoplankton biomass and species composition. The impacts on phytoplankton were often dependent on array siting
location as well as surface coverage. Changes to phytoplankton species composition were offset by the decrease
in phytoplankton biomass associated with increasing FPV coverage. We identified that similar phytoplankton
biomass reductions could be achieved with less FPV coverage by deploying the FPV array on the water body’s
faster-flowing area than the central or slower flowing areas. The difference in response dependent on siting
location could be used to tailor phytoplankton management in water bodies. Simulation of water body-FPV
interactions efficiently using an uncertainty approach is an essential tool to rapidly develop understanding
and ultimately inform FPV developers and water body managers looking to minimise negative impacts and
maximise co-benefits",01.01.2018,31.12.2018,Queen Elizabeth II Centre,,,,,,,,,,,,,,,,,,,,,,,,,,,,,"FPV deployment could have profound ecological impacts on higher trophic levels (zooplankton, fish) due to reduced primary production. The study suggests FPV could be used as a tool for water body management to reduce phytoplankton blooms, but with potential negative consequences for aquatic life. This is a modelling study using the MyLake model with an uncertainty estimation approach (GLUE) to simulate the impact of FPV coverage (0-100% in 10% increments) and siting location (fast-flowing, slow-flowing, central areas) on the QEII reservoir. The study uses data from 2018. It finds that FPV generally reduces phytoplankton biomass and alters species composition towards diatom dominance, with siting location significantly affecting the magnitude of the impact. The model assumes that FPV reduces incoming solar radiation by 94%, wind speed by 95%, and warms air temperature by 8% between the water surface and the module.",Reservoir,1280000,"Phytoplankton (diatoms, cyanobacteria, green algae)",,,Pontoon,6300,,,,"4,5%",57600,"49,22",,,,,,"Water temperature, total chlorophyll-a, phytoplankton species composition (diatoms, cyanobacteria, green algae), stratification patterns (mixed depth, onset, overturn, duration)","Reduced phytoplankton biomass and changes in species composition (increased diatom dominance) due to reduced light and cooler water temperatures. At low coverage (10-30%) on the slower-flowing tank, some simulations showed a temporary increase in phytoplankton biomass.",,
10.1016/j.renene.2025.122554,,,,,,,,,,,,,,,,,,,,,,,,,,,,,,,,,,,,,aquaculture,https://docs.google.com/spreadsheets/d/e/2PACX-1vSdqh15EIG4xIACOBaFtWbKamveCBj7QVPq2vkyVhjk0_F5mrrlRqMJROWCXXkKDr3aBzqA3GCNNHyt/pub?output=csv,12,Green hydrogen production and prediction using floating photovoltaic panels on wastewater ponds,"Air pollution and water scarcity have grown to be global catastrophes. One promising renewable energy source that can help with both of these issues is the floating photovoltaic (FPV) system, particularly when paired with a clean hydrogen generation system. The present study employed an artificial neural network (ANN) model to predict the hydrogen output of an electrolysis process powered by a floating PV system. The Yazd wastewater pond, which experiences seasonal and annual variations in water level, was chosen as the site for this study. The pond is located in the north of Yazd city, in the center of Iran, in a dry and desert area. The amount of electrical energy and hydrogen that can be produced by the system was estimated with the help of PVsyst and Homer software. The model's input data consisted of meteorological and solar radiation data retrieved from NASA, Meteonorm, and local airport meteorological services databases. The model's inputs were the independent variables. The output of the model in the curve fitting part of model development, which was carried out in MATLAB, was the pond's surface area. In terms of prediction accuracy, the Levenberg-Marquardt approach performed the best of all the techniques used to train the ANN model. The electricity output of the FPV system on the Yazd wastewater pond from 2024 to 2028 was estimated. The estimated hydrogen outputs vary from a minimum of 2361 tons in December 2024 to 3626 tons in November 2028.",01.01.2024,31.12.2028,Yazd,,,,,,,,,,,,,,,,,,,,,,,,,,,,,"This is a modelling and prediction study for a proposed FPV system on a wastewater pond in Yazd, Iran, with the primary goal of producing green hydrogen via electrolysis. The study uses an Artificial Neural Network (ANN) model to predict pond surface area changes and, consequently, FPV electricity and hydrogen output from 2024 to 2028. The optimal ANN structure had 9 inputs, 35 hidden nodes, and 1 output, achieving an MSE of 4.73E-20 and R² of 0.9999. The study estimates that an FPV system covering the entire pond could power 13,137 hydrogen production modules, producing 23,476 tons of hydrogen annually. Predicted monthly hydrogen output ranges from 2361 tons (Dec 2024) to 3626 tons (Nov 2028). The research notes potential co-benefits of reduced algae, insects, and odors.",Pond,,"Phytoplankton and algae are discussed as part of the ecosystem, but not cultivated",,105 Wp,Pontoon,"31,5",,,,100%,,,,"5783,7","182,186",11%,90%,"Not monitored, but the study suggests FPV reduces algae growth and unpleasant odors around the pond",Reduction in algae growth due to less sunlight; positive effect on controlling insects around the sewage pond.,,
10.1016/j.renene.2023.119890,,,,,,,,,,,,,,,,,,,,,,,,,,,,,,,,,,,,,aquaculture,https://docs.google.com/spreadsheets/d/e/2PACX-1vSdqh15EIG4xIACOBaFtWbKamveCBj7QVPq2vkyVhjk0_F5mrrlRqMJROWCXXkKDr3aBzqA3GCNNHyt/pub?output=csv,13,Performance assessment of different photovoltaic module technologies in floating photovoltaic power plants under waters environment,"The paper undertakes a novel study that aims to analyze the performance characteristics of ten monocrystalline or polycrystalline silicon modules employing different emerging technologies in waters environment. In this work, monitoring data were collected over a duration of one year using a multi-technology empirical platform within a floating photovoltaic power plant. The energy performance of different module technologies was evaluated using multiple performance metrics such as array yield, performance ratio, capacity factor, efficiency and energy density. By considering environmental variables such as irradiance, ambient temperature, and water temperature, the thermal behavior of photovoltaic modules under water surface deployment conditions is revealed. Furthermore, the multiple variable coupling analysis was conducted to determine the correlation between the performance metrics of various technology type modules and meteorological variables in waters environment. The results indicate that the energy performance and reliability of monocrystalline silicon modules using double-glass double-sided P-type PERC technology is superior to other technologies in waters environment, and the performance ratio and capacity factor reach 88.95 % and 15.04 %, respectively. The heterojunction with intrinsic thin-layer (HIT) technology module exhibits better thermal stability and holds an advantage in the deployment of limited water surface areas due to its higher energy density. Moreover, the performance ratio of floating photovoltaic systems shows a weak correlation with irradiance, and is more significantly affected by the negative correlation of ambient temperature than water temperature.",01.03.2022,28.02.2023,"Anhui Province Shouxian County Hongtu Light-Duty Material Co.,Ltd.",,,,,,,,,,,,,,,,,,,,,,,,,,,,,"This study evaluates the performance of ten different photovoltaic module technologies on a floating platform in a coal mining subsidence area in Huainan, China, over one year. It assesses performance using metrics like array yield, performance ratio, capacity factor, efficiency, and energy density. Key findings indicate that monocrystalline silicon modules with double-glass double-sided P-type PERC technology (GDPPEmono-Si) showed the best overall energy performance (PR 88.95%, CF 15.04%), while HIT technology modules had the highest energy density (244.72 kWh/m²) and best thermal stability. The study also used Principal Component Analysis (PCA) to analyze correlations between performance metrics and environmental variables (irradiance, ambient temperature, water temperature), finding that performance ratio has a weak correlation with irradiance but a stronger negative correlation with ambient temperature than with water temperature.",Lake,,,,"Polycrystalline Si, Polycrystalline Black Si, Monocrystalline Si, Monocrystalline Si Shingled PERC, Monocrystalline Si PERC, Monocrystalline Si Double-glass P-type, Monocrystalline Si Double-glass Double-sided N-type half-sheet, Monocrystalline Si Double-glass Double-sided N-type PERC, Monocrystalline Si Double-glass Double-sided P-type PERC, Heterojunction with Intrinsic Thin-layer (HIT)",Pontoon,150000,12,0,,,,,1460,"1271,465",,,,Water temperature,"Not studied, but the paper notes in the introduction that floating PV can impact the aquatic eco-environment",,
10.1007/s11356-022-18930-8,,,,,,,,,,,,,,,,,,,,,,,,,,,,,,,,,,,,,aquaculture,https://docs.google.com/spreadsheets/d/e/2PACX-1vSdqh15EIG4xIACOBaFtWbKamveCBj7QVPq2vkyVhjk0_F5mrrlRqMJROWCXXkKDr3aBzqA3GCNNHyt/pub?output=csv,14,Physical analysis of the environmental impacts of fishery complementary photovoltaic power plant,"Photovoltaic (PV) power plants have shown rapid development in the renewable sector, but the research areas have mainly included land installations, and the study of fishery complementary photovoltaic (FPV) power plants has been comparatively less. Moreover, the mechanism of local microclimate changes caused by FPV panels has not been reported. This work revealed this mechanism using a physical model to illustrate the impact of FPV power plants in a lake on the environment. The results indicated that the lake becomes a heat sink after deploying the PV panel on water. The comprehensive albedo (0.082) decreased by 18.8% relative to the free water surface (0.101). The water energy change was dominated by the water–air vapor pressure deficit. In addition, the FPV panels had a heating effect on the ambient environment; however, the range of this effect was related to the water depth. The installation had an obvious heating effect on surface water.",01.06.2020,01.10.2020,Jiang Su Sheng Zhen Jiang Shi Yang Zhong Shi Lian He Cun Cun Wei Hui Cheng Shi Dian Dong Qi Che Chong Dian Zhan,,,,,,,,,,,,,,,,,,,,,,,,,,,,,"The study notes that FPV facilities will block sunlight, which can inhibit algae growth, thereby improving the aquatic environment and water quality. The PV array had a heating effect on ambient temperature (average 0.16°C higher inside PV plant), but the effect on water temperature varied with depth and season. This study presents a physical model to analyze the environmental impacts of a fishery complementary photovoltaic (FPV) power plant on a lake. Key findings include: the comprehensive albedo of the FPV-deployed area (0.082) was 18.8% lower than the free water surface (0.101); the lake becomes a heat sink after PV installation; water energy changes are dominated by the water-air vapor pressure deficit; and the PV panels have a heating effect on the ambient environment, but the range of this effect is related to water depth. The study used data from two meteorological towers (inside and outside the FPV plant) from June to October 2020.",Pond,118000,Fish,, Polysilicon,Elevated fixed-tilt on reinforced concrete columns,10000,"34,6",0,,75%,,,,,,,," Water temperature (at 0.05 m, 0.75 m, and 1.5 m depth)","Can inhibit algae growth by blocking sunlight, thereby improving aquatic environment and water quality. The shading effect on water temperature was observed, with inside PV water temperature lower than outside in summer (July-September), and higher in October.",,
10.1016/j.seta.2021.101849,,,,,,,,,,,,,,,,,,,,,,,,,,,,,,,,,,,,,aquaculture,https://docs.google.com/spreadsheets/d/e/2PACX-1vSdqh15EIG4xIACOBaFtWbKamveCBj7QVPq2vkyVhjk0_F5mrrlRqMJROWCXXkKDr3aBzqA3GCNNHyt/pub?output=csv,15,Predicting effect of floating photovoltaic power plant on water loss through surface evaporation for wastewater pond using artificial intelligence: A case study,"Crises related to water scarcity and air pollution are major problems in the world today. An important issue regarding wasting of the water is surface evaporation from reservoirs. If the surface of the pond is shaded, evaporation is largely prevented. The use of solar panels on surface of water, simultaneously reduces water evaporation and increases the efficiency of electricity generation. In this study, an artificial intelligence method is used to investigate the effect of a floating photovoltaic system on water loss through surface evaporation in a wastewater pond. The nominated studied case is the Yazd wastewater pond near the city of Yazd in central Iran, the water level of which varies for different months. Amounts of evaporation are measured using the Penman-Monteith method. The simulation is performed with all independent variables used as inputs of the neural network, and the pond’s surface area as the dependent variable. After performing sensitivity analysis, the results show that the network with the best structure for predicting water level is the one built with 9 inputs, 35 hidden neurons, and 1 output, which achieve a mean square error of 4.64658E − 20 and correlation coefficient of 0.999. The predictions show that the surface area of the pond will reach its highest level, 322 ha, in November 2025. Between 2021 and 2025, the evaporation reduction due to the PV system will vary from 272.7 ha in January 2021 to 413.9 ha in November 2025. Overall, the floating PV system will reduce evaporation from the pond by up to 70%.",01.01.2021,31.12.2025,Yazd,,,,,,,,,,,,,,,,,,,,,,,,,,,,,"This is a modelling and prediction study for a proposed FPV system on a wastewater pond in Yazd, Iran, with the primary goal of quantifying evaporation reduction. The study uses an Artificial Neural Network (ANN) model to predict pond surface area changes from 2021 to 2025. The optimal ANN structure had 9 inputs, 35 hidden nodes, and 1 output, achieving an MSE of 4.65E-20 and R² of 0.99998. The study estimates that covering the pond with FPV would shade 90.2% of its surface, reduce annual evaporation by 70% (saving 3.25 million m³ of water per year), and generate 25.82 MWh per year for each 60-module system (20.70 kWp). The research notes potential co-benefits of reduced algae and odors.",Pond,"2248464,4","Phytoplankton and algae are discussed as part of the ecosystem, but not cultivated",,SunPower (345 W modules),Pontoon,"20,7",10,0,"0,225","90,2%","97,8",,"2035,5","1247,3","25,82",,70%,,,,
10.1038/s41598-024-56952-z,,,,,,,,,,,,,,,,,,,,,,,,,,,,,,,,,,,,,aquaculture,https://docs.google.com/spreadsheets/d/e/2PACX-1vSdqh15EIG4xIACOBaFtWbKamveCBj7QVPq2vkyVhjk0_F5mrrlRqMJROWCXXkKDr3aBzqA3GCNNHyt/pub?output=csv,16,PV to reduce evaporative losses in the channels of the São Francisco’s River water transposition project,"Open water transposition channels in hot and arid regions, like those in the São Francisco River Integration Project (PISF) in Brazil, suffer significant water losses through evaporation. This paper proposes covering these channels with photovoltaic (PV) panels to reduce evaporation while simultaneously generating clean energy. The research aims to quantify water savings and energy generation potential across all channel lengths and assess whether the generated solar power can substitute grid electricity for powering the transposition pumps during peak hours, thereby enhancing energy efficiency. This study analyzed the state-of-the-art of PV generation and calculated their solar potential. Identified the specific characteristics of PISF channels and watercourses considering the regional geography, meteorology, irradiation, and social peculiarities. And, finally, assessed the feasibility of covering the watercourses with solar panels. The results reveal that covering all current PISF channels with PV panels could save up to 25,000 cubic meters of water per day, significantly contributing to water security and improving the quality of life for the local population. Additionally, the project could generate 1200 gigawatt-hours of electricity annually, meeting the energy demands of the transposition pumps during peak hours and promoting energy efficiency within the project. This research paves the way for utilizing PV technology to address water scarcity challenges and enhance the sustainability of water infrastructure projects in arid regions worldwide.",,,Brazil,,,,,,,,,,,,,,,,,,,,,,,,,,,,,"This study proposes covering the channels of the Sao Francisco River Integration Project (PISF) in Brazil with PV panels to reduce evaporation losses and generate clean energy. The artificial channels account for only 5% of the total water surface but contribute to 16% of total water loss. Covering all 450 km of channels could save up to 25% of water loss (approx. 25,000 m³/day) and generate 1,180 GWh/year from 500 MWp of installed capacity. The paper also discusses socio-environmental aspects including potential for aquaculture (fishing farms) in the channels, job creation, impacts on water quality, and visual impacts. Floating PV is proposed for the reservoirs which make up 90% of the water surface. The estimated CAPEX for channel coverage is ~4,500 BRL/kWp.","Reservoir, Canals, Riverbeds",6313495,Fish,,"Not specified, but typical for large-scale installations","Elevated fixed-tilt on reinforced concrete columns, Thin-film floating",500000,"12,5",0,,,5000000,1000,"1965,16",2360,1180000,15%,"22,5%"," Dissolved Oxygen, algae concentration, nutrients, phosphorus, pH, alkalinity, total dissolved solids, electric conductivity ","May affect algae concentration and dissolved oxygen. In ponds with fish (carp), fish preferred shaded water under PV arrays, increasing the shoal. No harmful effects on aquatic fauna reported from shading. Fishing farms can be introduced as a new aquaculture activity.",,
10.1038/s41598-023-34751-2,,,,,,,,,,,,,,,,,,,,,,,,,,,,,,,,,,,,,aquaculture,https://docs.google.com/spreadsheets/d/e/2PACX-1vSdqh15EIG4xIACOBaFtWbKamveCBj7QVPq2vkyVhjk0_F5mrrlRqMJROWCXXkKDr3aBzqA3GCNNHyt/pub?output=csv,17,The impact of floating photovoltaic power plants on lake water temperature and stratification,"Floating photovoltaics (FPV) refers to photovoltaic power plants anchored on water bodies with modules mounted on floats. FPV represents a relatively new technology in Europe and is currently showing a rapid growth in deployment. However, effects on thermal characteristics of lakes are largely unknown, yet these are crucial for licensing and approval of such plants. Here, we quantify FPV impacts on lake water temperature, energy budget and thermal stratification of a lake through measurements of near-surface lateral wind flow, irradiance, air and water temperatures at one of the largest commercial German facilities, situated on a 70 m deep dredging lake in the Upper Rhine Valley, South-West Germany. Underneath the FPV facility, a 73% reduction in irradiance on the lake surface and an average 23% reduction in near-surface wind speed at module height are detected. A three month data set is then used to set up the General Lake Model and simulate scenarios of different FPV occupancies and changing climatic conditions. We observe that a lake coverage with FPV result in a more unstable and shorter thermal stratification during summer, which could mitigate the effects of climate change. The reduction of water temperatures follows a non-linear relationship with increased FPV occupancy. A sensitivity analysis showed that an increased wind reduction by FPV can have a considerable impact on the thermal properties of the lake. However, measurements only suggest small deviations with regard to the thermal properties of the investigated lake. These findings can be used in approval procedures and allow for a more accurate assessment of environmental impacts of future installations.",17.07.2021,15.10.2021,Germany,,,,,,,,,,,,,,,,,,,,,,,,,,,,,"FPV reduces irradiance on the lake surface (73% reduction measured) and near-surface wind speed (23% average reduction), leading to more unstable and shorter thermal stratification during summer, which could mitigate climate change effects. The system retards warming of surface waters during the day and delays cooling at night. The impact is highest in the near-surface layer (0-5 m) and diminishes with depth. This study presents detailed measurements and modeling of a 749 kWp FPV system on Lake Maiwald, Germany, from July to October 2021. Key findings include a 73% reduction in irradiance and a 23% reduction in near-surface wind speed under the FPV. The General Lake Model (GLM) was used to simulate scenarios of different FPV occupancies (15%, 50%, 90%) and the extreme hot year 2018. Results show that higher FPV coverage reduces the duration of summer stratification (by up to two weeks at 90% coverage) and decreases surface water temperatures, potentially counteracting climate change effects. A sensitivity analysis revealed that high wind reduction by FPV could have the opposite effect, stabilizing stratification and increasing surface temperatures. The study concludes that the current 2% coverage has minimal impact on the lake's thermal characteristics.",Lake,370000,,,,Thin-film floating,749,,,2,"2,08%",7700,"202,4",,,,,,"Water temperature (at 0.5 m intervals down to 10 m), dissolved oxygen (cited from another study)",A threefold lower biomass accumulation of submerged macrophytes was detected below the FPV plant. Hypoxic conditions (DO < 6 mg/l) occurred about 80% more frequently below FPV.,,
10.1016/j.oceaneng.2025.121401,,,,,,,,,,,,,,,,,,,,,,,,,,,,,,,,,,,,,aquaculture,https://docs.google.com/spreadsheets/d/e/2PACX-1vSdqh15EIG4xIACOBaFtWbKamveCBj7QVPq2vkyVhjk0_F5mrrlRqMJROWCXXkKDr3aBzqA3GCNNHyt/pub?output=csv,18,Experimental study on the hydrodynamic behavior of a floating Fishery–Photovoltaic complementary structure,"Fishery–photovoltaic complementary (FPC) structures have gained increasing attention due to their efficient space utilization and economic benefits. While extensive research has been conducted on the hydrodynamic characteristics of floating photovoltaic (FPV) systems, studies on FPC structures remain relatively limited. This study investigates the effects of net solidity, net depth, and bottom weight on the safety, aquaculture performance, and power generation performance of a novel FPC structure through model tests. The results indicate that higher net solidity and lighter bottom weights lead to greater mooring forces under wave action. Additionally, the effect of net depth on mooring forces is determined by wave forces and damping effects. An increase in bottom weight mass significantly amplifies mooring forces under current conditions. Moreover, higher net solidity, greater net depth, and lighter bottom weights significantly reduce the effective aquaculture volume when subjected to waves or currents. The total radiation received by the FPC structure remains largely unchanged compared to that of an FPV structure. However, irradiance fluctuations decrease significantly with increasing net solidity, net depth, and bottom weight mass. These findings provide valuable insights for the design of FPC structures that ensure a balance between aquaculture sustainability and power generation efficiency.",,,Dalian,,,,,,,,,,,,,,,,,,,,,,,,,,,,,,Coastal marine area,,,,,Pontoon,,15,0,0,,482,,,,,,,,,,
10.1016/j.rineng.2026.110075,,,,,,,,,,,,,,,,,,,,,,,,,,,,,,,,,,,,,aquaculture,https://docs.google.com/spreadsheets/d/e/2PACX-1vSdqh15EIG4xIACOBaFtWbKamveCBj7QVPq2vkyVhjk0_F5mrrlRqMJROWCXXkKDr3aBzqA3GCNNHyt/pub?output=csv,19,Theoretical modeling and performance evaluation of a marine aquavoltaic system in the northern part of Iran,"This study presents the theoretical modeling and performance evaluation of a marine aquavoltaic system that integrates a 196 kW floating photovoltaic (FPV) installation with Salmo salar cage aquaculture in the Gomishan region of the Iranian Caspian Sea. The objective is to assess the technical feasibility and economic viability of dual-use marine infrastructure for simultaneous food and energy production. Site selection was conducted using MODIS and SMOS satellite datasets processed through SeaDAS to evaluate the sea surface temperature, chlorophyll-a concentration, and salinity across Iranian coastal waters. A techno-biological growth model was applied using the FinFish Aquaculture Tool to simulate fish production, while PV performance was modeled in PVsyst, considering marine cooling effects and thermal losses. Economic evaluation was performed using net present value (NPV), internal rate of return (IRR), payback period (PBP), and benefit-to-cost ratio (BCR) indicators based on RETScreen and Excel cash flow analysis. The results indicated an annual electricity yield of 300.86 MWh and annual fish production of 498.48 kg per cycle. The FPV subsystem achieved a PBP of 5.2 years and an IRR of 24.71%, whereas the aquaculture subsystem exhibited a PBP of 1.4 years and an IRR of 84.24%. The overall BCR confirmed economic feasibility under current tariff conditions. The findings demonstrate that marine-based aquavoltaic deployment using CIGS thin-film technology is technically viable and economically competitive in temperate coastal environments.",01.01.2020,01.01.2021,Gomishan,,,,,,,,,,,,,,,,,,,,,,,,,,,,,"This is a theoretical modeling and feasibility study, not an experimental deployment. It uniquely combines CIGS thin-film FPV with cold-water marine salmon aquaculture in the Caspian Sea. All performance data (energy yield, fish production) are from simulations (PVsyst, FinFish Aquaculture Tool), not real-world measurements. The integrated system's economic indicators (NPV, IRR, PBP) are modeled for a 20-year lifetime. The fish production (498.48 kg/cycle) appears relatively low (~500 kg per year from 6 cages of 600 m³ each, which is very low stocking density compared to commercial salmon farming).",Coastal marine area,1416,Salmo salar (Atlantic salmon),"3,52",TSMC Solar TS-150C1,Thin-film floating,196,0,0,0,100%,1416,"1384,18",2000,1535,"300,86",,,"Not directly monitored. The study used satellite data (MODIS, SMOS) for sea surface temperature, chlorophyll-a, and salinity for site selection, but not for post-deployment water quality monitoring","The study does not assess shading impact. It states FPV panels are placed in the 1000m gap between cages to avoid interference. Cage depth and fish requirements are discussed (temperature, density), but not shading effects on the fish.","Based on the article, the primary energy use is grid export: the 196 kWp floating PV system sells 300.86 MWh annually to the Iranian national grid under a feed-in tariff. The system does not use PV electricity to directly power aquaculture operations (aeration, pumping, etc.). Instead, passive water cooling improves panel efficiency, adding ~13.55 MWh/year. No energy storage, LED lighting, or on-site self-consumption is described.",
10.1016/j.egyr.2024.06.059,,,,,,,,,,,,,,,,,,,,,,,,,,,,,,,,,,,,,aquaculture,https://docs.google.com/spreadsheets/d/e/2PACX-1vSdqh15EIG4xIACOBaFtWbKamveCBj7QVPq2vkyVhjk0_F5mrrlRqMJROWCXXkKDr3aBzqA3GCNNHyt/pub?output=csv,20,A geographic information system-assisted techno-economic assessment framework for aquavoltaic systems in shrimp farming,"Aquavoltaic systems have garnered significant global interest as a solution to the land use conflicts posed by traditional photovoltaic (PV) systems while simultaneously offering benefits within the food–energy nexus. This study proposes a geographic information system (GIS)-assisted framework designed to determine the optimal techno-economic size and potential of aquavoltaic systems in shrimp farming. A GIS is employed to extract spatial information from shrimp ponds, including their locations and areas. Meteorological data pertinent to these locations are utilized as inputs for a PV-generation model. Additionally, optimal aerator operations, based on pond area and farmers’ expectations, are determined to create accurate load profiles. Two objectives are established: (1) to identify the optimal aquavoltaic system size considering different system configurations (grid-connected, grid-connected with battery energy storage [BES], and standalone with BES) and (2) to quantify the potential of aquavoltaic systems with varying pond coverage (10%, 20%, and 30%). The proposed framework is validated using real-world data from shrimp farming regions in Thailand. The results indicate that the grid-connected aquavoltaic system is the most preferable configuration, with installed PV capacities varying between 2.78 kWp and 144 kWp, and net present values (NPVs) ranging from –$12,728 to $2,627 per pond. In this configuration, only 2.6% of the pond area is utilized for PV installations. Furthermore, aquavoltaic systems with 30% coverage can significantly boost installed PV capacity by up to 1.32 MWp and the NPV by up to $2.31 billion, contributing to the district’s agricultural electricity consumption by approximately 25%. Remarkably, the results reveal that the proposed framework can enhance NPV by up to 4.41% compared to those of existing studies that do not consider spatial data and aerator requirements. This GIS-assisted framework offers a comprehensive and optimized strategy for implementing aquavoltaic systems in shrimp farming, highlighting substantial economic and sustainability benefits.",,,Bang Pakong District,,,,,,,,,,,,,,,,,,,,,,,,,,,,,"NPV = -7,404 USD. Optimal configuration for this pond (least negative). No battery storage. Only 2.6% of pond area used for PV.",Pond,9700,Pacific white shrimp Litopenaeus vannamei,7,Jinko Solar,Pontoon,97,15,0,0,"2,6%","195,1",100,1807,1500,"145,5",,,,,"Aeration (primary), Grid sales (excess), Grid purchase (deficit)",
10.1016/j.egyr.2024.06.059,,,,,,,,,,,,,,,,,,,,,,,,,,,,,,,,,,,,,aquaculture,https://docs.google.com/spreadsheets/d/e/2PACX-1vSdqh15EIG4xIACOBaFtWbKamveCBj7QVPq2vkyVhjk0_F5mrrlRqMJROWCXXkKDr3aBzqA3GCNNHyt/pub?output=csv,21,A geographic information system-assisted techno-economic assessment framework for aquavoltaic systems in shrimp farming,"Aquavoltaic systems have garnered significant global interest as a solution to the land use conflicts posed by traditional photovoltaic (PV) systems while simultaneously offering benefits within the food–energy nexus. This study proposes a geographic information system (GIS)-assisted framework designed to determine the optimal techno-economic size and potential of aquavoltaic systems in shrimp farming. A GIS is employed to extract spatial information from shrimp ponds, including their locations and areas. Meteorological data pertinent to these locations are utilized as inputs for a PV-generation model. Additionally, optimal aerator operations, based on pond area and farmers’ expectations, are determined to create accurate load profiles. Two objectives are established: (1) to identify the optimal aquavoltaic system size considering different system configurations (grid-connected, grid-connected with battery energy storage [BES], and standalone with BES) and (2) to quantify the potential of aquavoltaic systems with varying pond coverage (10%, 20%, and 30%). The proposed framework is validated using real-world data from shrimp farming regions in Thailand. The results indicate that the grid-connected aquavoltaic system is the most preferable configuration, with installed PV capacities varying between 2.78 kWp and 144 kWp, and net present values (NPVs) ranging from –$12,728 to $2,627 per pond. In this configuration, only 2.6% of the pond area is utilized for PV installations. Furthermore, aquavoltaic systems with 30% coverage can significantly boost installed PV capacity by up to 1.32 MWp and the NPV by up to $2.31 billion, contributing to the district’s agricultural electricity consumption by approximately 25%. Remarkably, the results reveal that the proposed framework can enhance NPV by up to 4.41% compared to those of existing studies that do not consider spatial data and aerator requirements. This GIS-assisted framework offers a comprehensive and optimized strategy for implementing aquavoltaic systems in shrimp farming, highlighting substantial economic and sustainability benefits.",,,Bang Pakong District,,,,,,,,,,,,,,,,,,,,,,,,,,,,,"NPV = -1,834 USD. Optimal configuration for this pond.",Pond,6540,Pacific white shrimp Litopenaeus vannamei,7,Jinko Solar,Pontoon,44,15,0,0,"2,6%","88,5","67,27828746",1807,1500,66,,,,,"Aeration (primary), Grid sales (excess), Grid purchase (deficit)",
10.1016/j.egyr.2024.06.059,,,,,,,,,,,,,,,,,,,,,,,,,,,,,,,,,,,,,aquaculture,https://docs.google.com/spreadsheets/d/e/2PACX-1vSdqh15EIG4xIACOBaFtWbKamveCBj7QVPq2vkyVhjk0_F5mrrlRqMJROWCXXkKDr3aBzqA3GCNNHyt/pub?output=csv,22,A geographic information system-assisted techno-economic assessment framework for aquavoltaic systems in shrimp farming,"Aquavoltaic systems have garnered significant global interest as a solution to the land use conflicts posed by traditional photovoltaic (PV) systems while simultaneously offering benefits within the food–energy nexus. This study proposes a geographic information system (GIS)-assisted framework designed to determine the optimal techno-economic size and potential of aquavoltaic systems in shrimp farming. A GIS is employed to extract spatial information from shrimp ponds, including their locations and areas. Meteorological data pertinent to these locations are utilized as inputs for a PV-generation model. Additionally, optimal aerator operations, based on pond area and farmers’ expectations, are determined to create accurate load profiles. Two objectives are established: (1) to identify the optimal aquavoltaic system size considering different system configurations (grid-connected, grid-connected with battery energy storage [BES], and standalone with BES) and (2) to quantify the potential of aquavoltaic systems with varying pond coverage (10%, 20%, and 30%). The proposed framework is validated using real-world data from shrimp farming regions in Thailand. The results indicate that the grid-connected aquavoltaic system is the most preferable configuration, with installed PV capacities varying between 2.78 kWp and 144 kWp, and net present values (NPVs) ranging from –$12,728 to $2,627 per pond. In this configuration, only 2.6% of the pond area is utilized for PV installations. Furthermore, aquavoltaic systems with 30% coverage can significantly boost installed PV capacity by up to 1.32 MWp and the NPV by up to $2.31 billion, contributing to the district’s agricultural electricity consumption by approximately 25%. Remarkably, the results reveal that the proposed framework can enhance NPV by up to 4.41% compared to those of existing studies that do not consider spatial data and aerator requirements. This GIS-assisted framework offers a comprehensive and optimized strategy for implementing aquavoltaic systems in shrimp farming, highlighting substantial economic and sustainability benefits.",,,Bang Pakong District,,,,,,,,,,,,,,,,,,,,,,,,,,,,,NPV = -276 USD. Optimal configuration for this pond (closest to breakeven).,Pond,4760,Pacific white shrimp Litopenaeus vannamei,7,Jinko Solar,Pontoon,24,15,0,0,"2,6%","48,3","50,42016807",1807,1500,36,,,,,"Aeration (primary), Grid sales (excess), Grid purchase (deficit)",
10.1016/j.egyr.2024.06.059,,,,,,,,,,,,,,,,,,,,,,,,,,,,,,,,,,,,,aquaculture,https://docs.google.com/spreadsheets/d/e/2PACX-1vSdqh15EIG4xIACOBaFtWbKamveCBj7QVPq2vkyVhjk0_F5mrrlRqMJROWCXXkKDr3aBzqA3GCNNHyt/pub?output=csv,23,A geographic information system-assisted techno-economic assessment framework for aquavoltaic systems in shrimp farming,"Aquavoltaic systems have garnered significant global interest as a solution to the land use conflicts posed by traditional photovoltaic (PV) systems while simultaneously offering benefits within the food–energy nexus. This study proposes a geographic information system (GIS)-assisted framework designed to determine the optimal techno-economic size and potential of aquavoltaic systems in shrimp farming. A GIS is employed to extract spatial information from shrimp ponds, including their locations and areas. Meteorological data pertinent to these locations are utilized as inputs for a PV-generation model. Additionally, optimal aerator operations, based on pond area and farmers’ expectations, are determined to create accurate load profiles. Two objectives are established: (1) to identify the optimal aquavoltaic system size considering different system configurations (grid-connected, grid-connected with battery energy storage [BES], and standalone with BES) and (2) to quantify the potential of aquavoltaic systems with varying pond coverage (10%, 20%, and 30%). The proposed framework is validated using real-world data from shrimp farming regions in Thailand. The results indicate that the grid-connected aquavoltaic system is the most preferable configuration, with installed PV capacities varying between 2.78 kWp and 144 kWp, and net present values (NPVs) ranging from –$12,728 to $2,627 per pond. In this configuration, only 2.6% of the pond area is utilized for PV installations. Furthermore, aquavoltaic systems with 30% coverage can significantly boost installed PV capacity by up to 1.32 MWp and the NPV by up to $2.31 billion, contributing to the district’s agricultural electricity consumption by approximately 25%. Remarkably, the results reveal that the proposed framework can enhance NPV by up to 4.41% compared to those of existing studies that do not consider spatial data and aerator requirements. This GIS-assisted framework offers a comprehensive and optimized strategy for implementing aquavoltaic systems in shrimp farming, highlighting substantial economic and sustainability benefits.",,,Bang Pakong District,,,,,,,,,,,,,,,,,,,,,,,,,,,,,"NPV = -7,445 USD. BES capacity = 1 kWh (minimum selected by HOMER). Slightly worse than Experiment 1 due to battery cost.",Pond,9700,Pacific white shrimp Litopenaeus vannamei,7,Jinko Solar,Pontoon,97,15,0,0,"2,6%","195,1",100,1807,1500,"145,5",,,,,"Aeration (primary), Battery charging (excess storage), Battery discharging (nighttime aeration), Grid sales (excess after battery), Grid purchase (deficit after battery)",
10.1016/j.egyr.2024.06.059,,,,,,,,,,,,,,,,,,,,,,,,,,,,,,,,,,,,,aquaculture,https://docs.google.com/spreadsheets/d/e/2PACX-1vSdqh15EIG4xIACOBaFtWbKamveCBj7QVPq2vkyVhjk0_F5mrrlRqMJROWCXXkKDr3aBzqA3GCNNHyt/pub?output=csv,24,A geographic information system-assisted techno-economic assessment framework for aquavoltaic systems in shrimp farming,"Aquavoltaic systems have garnered significant global interest as a solution to the land use conflicts posed by traditional photovoltaic (PV) systems while simultaneously offering benefits within the food–energy nexus. This study proposes a geographic information system (GIS)-assisted framework designed to determine the optimal techno-economic size and potential of aquavoltaic systems in shrimp farming. A GIS is employed to extract spatial information from shrimp ponds, including their locations and areas. Meteorological data pertinent to these locations are utilized as inputs for a PV-generation model. Additionally, optimal aerator operations, based on pond area and farmers’ expectations, are determined to create accurate load profiles. Two objectives are established: (1) to identify the optimal aquavoltaic system size considering different system configurations (grid-connected, grid-connected with battery energy storage [BES], and standalone with BES) and (2) to quantify the potential of aquavoltaic systems with varying pond coverage (10%, 20%, and 30%). The proposed framework is validated using real-world data from shrimp farming regions in Thailand. The results indicate that the grid-connected aquavoltaic system is the most preferable configuration, with installed PV capacities varying between 2.78 kWp and 144 kWp, and net present values (NPVs) ranging from –$12,728 to $2,627 per pond. In this configuration, only 2.6% of the pond area is utilized for PV installations. Furthermore, aquavoltaic systems with 30% coverage can significantly boost installed PV capacity by up to 1.32 MWp and the NPV by up to $2.31 billion, contributing to the district’s agricultural electricity consumption by approximately 25%. Remarkably, the results reveal that the proposed framework can enhance NPV by up to 4.41% compared to those of existing studies that do not consider spatial data and aerator requirements. This GIS-assisted framework offers a comprehensive and optimized strategy for implementing aquavoltaic systems in shrimp farming, highlighting substantial economic and sustainability benefits.",,,Bang Pakong District,,,,,,,,,,,,,,,,,,,,,,,,,,,,,"NPV = -154,480 USD. BES capacity = 160 kWh. Worst economic outcome. Large battery required for nighttime aeration.",Pond,9700,Pacific white shrimp Litopenaeus vannamei,7,Jinko Solar,Pontoon,224,15,0,0,6%,"450,6","230,9278351",1807,1500,336,,,,,"Aeration (primary), Battery charging (daytime storage), Battery discharging (nighttime aeration). No grid interaction.",
10.1016/j.egyr.2024.06.059,,,,,,,,,,,,,,,,,,,,,,,,,,,,,,,,,,,,,aquaculture,https://docs.google.com/spreadsheets/d/e/2PACX-1vSdqh15EIG4xIACOBaFtWbKamveCBj7QVPq2vkyVhjk0_F5mrrlRqMJROWCXXkKDr3aBzqA3GCNNHyt/pub?output=csv,25,A geographic information system-assisted techno-economic assessment framework for aquavoltaic systems in shrimp farming,"Aquavoltaic systems have garnered significant global interest as a solution to the land use conflicts posed by traditional photovoltaic (PV) systems while simultaneously offering benefits within the food–energy nexus. This study proposes a geographic information system (GIS)-assisted framework designed to determine the optimal techno-economic size and potential of aquavoltaic systems in shrimp farming. A GIS is employed to extract spatial information from shrimp ponds, including their locations and areas. Meteorological data pertinent to these locations are utilized as inputs for a PV-generation model. Additionally, optimal aerator operations, based on pond area and farmers’ expectations, are determined to create accurate load profiles. Two objectives are established: (1) to identify the optimal aquavoltaic system size considering different system configurations (grid-connected, grid-connected with battery energy storage [BES], and standalone with BES) and (2) to quantify the potential of aquavoltaic systems with varying pond coverage (10%, 20%, and 30%). The proposed framework is validated using real-world data from shrimp farming regions in Thailand. The results indicate that the grid-connected aquavoltaic system is the most preferable configuration, with installed PV capacities varying between 2.78 kWp and 144 kWp, and net present values (NPVs) ranging from –$12,728 to $2,627 per pond. In this configuration, only 2.6% of the pond area is utilized for PV installations. Furthermore, aquavoltaic systems with 30% coverage can significantly boost installed PV capacity by up to 1.32 MWp and the NPV by up to $2.31 billion, contributing to the district’s agricultural electricity consumption by approximately 25%. Remarkably, the results reveal that the proposed framework can enhance NPV by up to 4.41% compared to those of existing studies that do not consider spatial data and aerator requirements. This GIS-assisted framework offers a comprehensive and optimized strategy for implementing aquavoltaic systems in shrimp farming, highlighting substantial economic and sustainability benefits.",,,Bang Pakong District,,,,,,,,,,,,,,,,,,,,,,,,,,,,,"NPV: 53,071 USD",Pond,9700,Pacific white shrimp Litopenaeus vannamei,7,Jinko Solar,Pontoon,177,15,0,0,10%,970,"182,4742268",1807,1500,"265,5",,,,,"Aeration (primary), Grid sales (excess). No battery. Grid purchase occurs during deficits (implied, though NPV is positive so excess generation dominates).",
10.1016/j.egyr.2024.06.059,,,,,,,,,,,,,,,,,,,,,,,,,,,,,,,,,,,,,aquaculture,https://docs.google.com/spreadsheets/d/e/2PACX-1vSdqh15EIG4xIACOBaFtWbKamveCBj7QVPq2vkyVhjk0_F5mrrlRqMJROWCXXkKDr3aBzqA3GCNNHyt/pub?output=csv,26,A geographic information system-assisted techno-economic assessment framework for aquavoltaic systems in shrimp farming,"Aquavoltaic systems have garnered significant global interest as a solution to the land use conflicts posed by traditional photovoltaic (PV) systems while simultaneously offering benefits within the food–energy nexus. This study proposes a geographic information system (GIS)-assisted framework designed to determine the optimal techno-economic size and potential of aquavoltaic systems in shrimp farming. A GIS is employed to extract spatial information from shrimp ponds, including their locations and areas. Meteorological data pertinent to these locations are utilized as inputs for a PV-generation model. Additionally, optimal aerator operations, based on pond area and farmers’ expectations, are determined to create accurate load profiles. Two objectives are established: (1) to identify the optimal aquavoltaic system size considering different system configurations (grid-connected, grid-connected with battery energy storage [BES], and standalone with BES) and (2) to quantify the potential of aquavoltaic systems with varying pond coverage (10%, 20%, and 30%). The proposed framework is validated using real-world data from shrimp farming regions in Thailand. The results indicate that the grid-connected aquavoltaic system is the most preferable configuration, with installed PV capacities varying between 2.78 kWp and 144 kWp, and net present values (NPVs) ranging from –$12,728 to $2,627 per pond. In this configuration, only 2.6% of the pond area is utilized for PV installations. Furthermore, aquavoltaic systems with 30% coverage can significantly boost installed PV capacity by up to 1.32 MWp and the NPV by up to $2.31 billion, contributing to the district’s agricultural electricity consumption by approximately 25%. Remarkably, the results reveal that the proposed framework can enhance NPV by up to 4.41% compared to those of existing studies that do not consider spatial data and aerator requirements. This GIS-assisted framework offers a comprehensive and optimized strategy for implementing aquavoltaic systems in shrimp farming, highlighting substantial economic and sustainability benefits.",,,Bang Pakong District,,,,,,,,,,,,,,,,,,,,,,,,,,,,,"NPV: 159,873 USD",Pond,9700,Pacific white shrimp Litopenaeus vannamei,7,Jinko Solar,Pontoon,354,15,0,0,20%,1940,"364,9484536",1807,1500,531,,,,,"Aeration (primary), Grid sales (excess). No battery. Grid purchase occurs during deficits (implied, though NPV is positive so excess generation dominates).",
10.1016/j.egyr.2024.06.059,,,,,,,,,,,,,,,,,,,,,,,,,,,,,,,,,,,,,aquaculture,https://docs.google.com/spreadsheets/d/e/2PACX-1vSdqh15EIG4xIACOBaFtWbKamveCBj7QVPq2vkyVhjk0_F5mrrlRqMJROWCXXkKDr3aBzqA3GCNNHyt/pub?output=csv,27,A geographic information system-assisted techno-economic assessment framework for aquavoltaic systems in shrimp farming,"Aquavoltaic systems have garnered significant global interest as a solution to the land use conflicts posed by traditional photovoltaic (PV) systems while simultaneously offering benefits within the food–energy nexus. This study proposes a geographic information system (GIS)-assisted framework designed to determine the optimal techno-economic size and potential of aquavoltaic systems in shrimp farming. A GIS is employed to extract spatial information from shrimp ponds, including their locations and areas. Meteorological data pertinent to these locations are utilized as inputs for a PV-generation model. Additionally, optimal aerator operations, based on pond area and farmers’ expectations, are determined to create accurate load profiles. Two objectives are established: (1) to identify the optimal aquavoltaic system size considering different system configurations (grid-connected, grid-connected with battery energy storage [BES], and standalone with BES) and (2) to quantify the potential of aquavoltaic systems with varying pond coverage (10%, 20%, and 30%). The proposed framework is validated using real-world data from shrimp farming regions in Thailand. The results indicate that the grid-connected aquavoltaic system is the most preferable configuration, with installed PV capacities varying between 2.78 kWp and 144 kWp, and net present values (NPVs) ranging from –$12,728 to $2,627 per pond. In this configuration, only 2.6% of the pond area is utilized for PV installations. Furthermore, aquavoltaic systems with 30% coverage can significantly boost installed PV capacity by up to 1.32 MWp and the NPV by up to $2.31 billion, contributing to the district’s agricultural electricity consumption by approximately 25%. Remarkably, the results reveal that the proposed framework can enhance NPV by up to 4.41% compared to those of existing studies that do not consider spatial data and aerator requirements. This GIS-assisted framework offers a comprehensive and optimized strategy for implementing aquavoltaic systems in shrimp farming, highlighting substantial economic and sustainability benefits.",,,Bang Pakong District,,,,,,,,,,,,,,,,,,,,,,,,,,,,,"NPV: 266,963 USD",Pond,9700,Pacific white shrimp Litopenaeus vannamei,7,Jinko Solar,Pontoon,531,15,0,0,30%,2910,"547,4226804",1807,1500,"796,5",,,,,"Aeration (primary), Grid sales (excess). No battery. Grid purchase occurs during deficits (implied, though NPV is positive so excess generation dominates).",
10.1016/j.egyr.2024.06.059,,,,,,,,,,,,,,,,,,,,,,,,,,,,,,,,,,,,,aquaculture,https://docs.google.com/spreadsheets/d/e/2PACX-1vSdqh15EIG4xIACOBaFtWbKamveCBj7QVPq2vkyVhjk0_F5mrrlRqMJROWCXXkKDr3aBzqA3GCNNHyt/pub?output=csv,28,A geographic information system-assisted techno-economic assessment framework for aquavoltaic systems in shrimp farming,"Aquavoltaic systems have garnered significant global interest as a solution to the land use conflicts posed by traditional photovoltaic (PV) systems while simultaneously offering benefits within the food–energy nexus. This study proposes a geographic information system (GIS)-assisted framework designed to determine the optimal techno-economic size and potential of aquavoltaic systems in shrimp farming. A GIS is employed to extract spatial information from shrimp ponds, including their locations and areas. Meteorological data pertinent to these locations are utilized as inputs for a PV-generation model. Additionally, optimal aerator operations, based on pond area and farmers’ expectations, are determined to create accurate load profiles. Two objectives are established: (1) to identify the optimal aquavoltaic system size considering different system configurations (grid-connected, grid-connected with battery energy storage [BES], and standalone with BES) and (2) to quantify the potential of aquavoltaic systems with varying pond coverage (10%, 20%, and 30%). The proposed framework is validated using real-world data from shrimp farming regions in Thailand. The results indicate that the grid-connected aquavoltaic system is the most preferable configuration, with installed PV capacities varying between 2.78 kWp and 144 kWp, and net present values (NPVs) ranging from –$12,728 to $2,627 per pond. In this configuration, only 2.6% of the pond area is utilized for PV installations. Furthermore, aquavoltaic systems with 30% coverage can significantly boost installed PV capacity by up to 1.32 MWp and the NPV by up to $2.31 billion, contributing to the district’s agricultural electricity consumption by approximately 25%. Remarkably, the results reveal that the proposed framework can enhance NPV by up to 4.41% compared to those of existing studies that do not consider spatial data and aerator requirements. This GIS-assisted framework offers a comprehensive and optimized strategy for implementing aquavoltaic systems in shrimp farming, highlighting substantial economic and sustainability benefits.",,,Bang Pakong District,,,,,,,,,,,,,,,,,,,,,,,,,,,,,Existing method NPV = 2.29 billion USD. Proposed method NPV = 2.31 billion USD. Improvement = +4.41%. Existing method does not account for on-site aeration load.,Pond,24470000,Pacific white shrimp Litopenaeus vannamei,7,Jinko Solar,Pontoon,1320,15,0,0,30%,26520,"0,5394360441",1807,1500,1980,,,,,"Grid sales (all PV generation), Grid purchase (all aeration energy). No direct PV-to-aeration path.",
10.1016/j.rineng.2024.102919,,,,,,,,,,,,,,,,,,,,,,,,,,,,,,,,,,,,,aquaculture,https://docs.google.com/spreadsheets/d/e/2PACX-1vSdqh15EIG4xIACOBaFtWbKamveCBj7QVPq2vkyVhjk0_F5mrrlRqMJROWCXXkKDr3aBzqA3GCNNHyt/pub?output=csv,29,Development and experimental performance evaluation of a small-scale aquavoltaic system for microalgae production,"The primary objective of this study is to develop a small aquavoltaic system and evaluate key parameters,
including dissolved oxygen (DO), pH, water temperature and dead zones in an open raceway pond to improve the
conditions for the production of microalgae while generating electricity. The key variable parameters examined
were the rotation speed of a paddle wheel at 10, 20 and 30 rpm, water depth at 15, 25 and 35 cm and response
time at 0.5, 1 and 1.5 h were evaluated during May 9–15, 2023. Response Surface Methodology (RSM) and
Central Composite Design (CCD) were used to optimize these parameters for acheiving DO levels suitable for
microalgae production. The findings showed that increasing the rotation speed of a paddlewheel at the appropriate water depth significantly influences the flow rate, thereby controling DO levels. A maximum DO value of
6.94 mg/l was achieved after 1 h at a water depth of 25 cm and the paddle wheel rotation speed of 20 rpm.
Increasing the rotation speed from 10 to 30 rpm resulted in DO values within the optimal range of 6–7 mg/l,
reducing dead zones from 21.05 % to 9.16 %. However, with a paddle wheel spinning at 10 rpm, DO decreased
below 5 mg/l with increasing water depth and minimal shading, with pH reaching a minimum of 6.8 ppm.
Addiotionally, the experiments revealed no significant difference in efficiency between modules installed in open
ponds and those installed on the ground over short time periods. The economic analysis indicated that spirulina
production costs are 7 % higher with the non-aquavoltaic system due to non-solar electricity use. Furtehrmore,
the cost of spirulina produced with the aquavoltaic system was 0.4975 USD/g at a 5 % interest rate and 0.331
USD/g at a 10 % interest rate in the fifth year. The current study underlines that aquavoltaics could have the
potential to further increase the production of microalgae and thus reduce production costs. This opens up
opportunities for long-term research leading to further optimization between energy production and environmental sustainability in aquaculture systems.",09.05.2023,15.05.2023,Tehran,,,,,,,,,,,,,,,,,,,,,,,,,,,,,"The system is an off-grid PV system (100Wp panel, 12V 60Ah battery) designed to power a paddle wheel in an open raceway pond for microalgae cultivation. The PV module is installed on a metal frame at 130cm height, not floating on water. Dead zones in the pond decreased from 21.05% to 9.16% when paddle wheel speed increased from 10 to 30 rpm. Optimal DO (6.841 mg/l) was achieved at 30 rpm, 31 cm water depth, 1.5h reaction time.",Pond,,Microalgae,,EU-M100,Elevated fixed-tilt on reinforced concrete columns,"0,1",36,0,,"91,05%",,,,2490,"0,249",2%,,,"Shading reduced water temperature by up to 5°C, preventing pH drops, maintaining pH 6.5-7.5, and helping control DO levels. Temperature difference between air and water increased from 1-3°C to 2-5°C.","This electricity is used to power the electrical equipment of the aquaculture facility. The primary energy end-use is the mechanical paddle wheel, which provides water mixing and circulation in the open raceway pond. This mixing prevents sedimentation of microalgae and helps control dissolved oxygen levels. The paddle wheel is driven by a DC motor with a gear ratio of 1:10 and a speed of 340 rpm, and its rotation speed is controlled using pulse width modulation (PWM). The system is completely off-grid and includes a 12 V battery with a capacity of 60 Ah and a 10 A charge controller. The annual electricity generation of the aquavoltaic module mounted above the pond was 249 kWh. The solar fraction reached 98.6%, meaning that nearly all of the facility's electricity demand is met by solar energy. Importantly, the article highlights an economic benefit: the production cost of Spirulina using this aquavoltaic system is 7% lower compared to a non-aquavoltaic system that uses non-solar electricity (i.e., grid electricity or fossil fuels). Other types of energy use, such as LED lighting or dedicated aeration systems, were not employed in this configuration.",
10.1016/j.aqrep.2025.102686,,,,,,,,,,,,,,,,,,,,,,,,,,,,,,,,,,,,,aquaculture,https://docs.google.com/spreadsheets/d/e/2PACX-1vSdqh15EIG4xIACOBaFtWbKamveCBj7QVPq2vkyVhjk0_F5mrrlRqMJROWCXXkKDr3aBzqA3GCNNHyt/pub?output=csv,30,Integrating photovoltaic with sea cucumber aquaculture: Environmental impacts and holothurian digestion and aestivation,"Aquavoltaics, which integrates solar power with aquaculture, offers a promising solution to land-use conflicts between food and energy production while aligning with sustainable development goals. Despite the burgeoning of aquavoltaics, the environmental impacts of photovoltaic (PV) in aquaculture remain poorly understood. We investigated annually the effects of PV on coastal pond environments and cultivated animals. Our results indicated that compared with non-PV pond (nPVP), light intensity in shaded areas of the PV pond (PVP) was significantly reduced by 80.5 ± 12.0 %, thereby water temperature decreased by 1.20 ± 1.25 °C. Plankton species composition showed no significant differences between the two groups. However, Pyrrophyta abundance increased significantly during spring, and zooplankton abundance was significantly reduced in PVP. Sea cucumbers digestive enzyme activities remained unaffected throughout the year. However, aestivation durations were shortened by 12 days in sub-adults and by 1 day in adults in PVP. Piecewise structural equation modeling revealed that light intensity negatively affected temperature, phytoplankton and organic matter (OM), while temperature and phytoplankton negatively affected zooplankton in PVP. Our study demonstrated that PV can effectively reduce water temperatures, enhance sea cucumbers growth by shortening aestivation durations, and have no impact on plankton compositions and sea cucumbers digestive physiology. However, the increased abundance of Pyrrophyta warrant further attention. These findings provide valuable insights into the sustainable development of integrating PV with sea cucumber aquaculture in coastal ponds.",01.03.2023,29.02.2024,Yellow River,,,,,,,,,,,,,,,,,,,,,,,,,,,,,"The study was conducted in ponds with a total installed capacity of 200 MWp covering 4.28 km². PV coverage was 40% of pond area. Panel height varies seasonally (minimum 1.5 m). No feed was applied. Stocking density approximately 4 t/hm². PV panels reduced light intensity by 80.5% in shaded areas, decreased water temperature, increased ice thickness in winter, decreased organic matter in sediments",Pond,200400,Apostichopus japonicus (Sea cucumber),"0,9",,Pontoon,200000,37,0,"1,5",40%,80160,"467,29",,,,,,"Temperature, dissolved oxygen (DO), pH, salinity, light intensity, nutrients (SiO3^2-, PO4^3-, NH4+, NO3-, NO2-), chlorophyll a, ice thickness","Reduced water temperature (by 1.20°C on average), shortened aestivation duration of sea cucumbers (by 12 days for sub-adults, 1 day for adults), increased Pyrrophyta abundance, reduced zooplankton abundance, no significant impact on digestive enzyme activities","The primary purpose of the system is renewable electricity generation through solar photovoltaic conversion, integrated with aquaculture in an aquavoltaic configuration. The article does not specify whether the generated electricity is used on-site, stored, or fed into the grid. Notably, while the on-site environmental monitoring system is described as ""powered by solar energy"" (likely via a separate small panel), the main 200 MWp PV installation is not reported to power any aquaculture equipment such as aeration systems, water circulation pumps, or LED lighting. No data is provided on annual energy output (MWh), specific yield (kWh/kWp), global horizontal irradiation (GHI), or performance gains compared to land-based PV systems. The energy use is therefore characterized solely as utility-scale solar power generation co-located with aquaculture, without active integration of PV-generated electricity into the aquaculture production processes themselves.",
10.1016/j.aqrep.2026.103678,,,,,,,,,,,,,,,,,,,,,,,,,,,,,,,,,,,,,aquaculture,https://docs.google.com/spreadsheets/d/e/2PACX-1vSdqh15EIG4xIACOBaFtWbKamveCBj7QVPq2vkyVhjk0_F5mrrlRqMJROWCXXkKDr3aBzqA3GCNNHyt/pub?output=csv,31,Photovoltaic coverage reshapes the bacterial communities and interaction networks in aquaculture ponds: Divergent responses between seawater and sediment,"The Fishery-Photovoltaic Complementarity (FPC), which integrates photovoltaic power generation with aquaculture, is a promising renewable energy solution that has gained increasing attention. However, the effects of these structural changes on the aquatic and sedimentary environment, as well as on prokaryotic communities, remain unclear. In the present study, the dynamics of bacterial communities and co-occurrence networks in both seawater and sediments were investigated across four different aquaculture ponds (with and without photovoltaic coverage). Results have shown that the photovoltaic (PV) coverage significantly reduced seawater temperature, salinity, and dissolved oxygen (DO), but enhancing nutrients (total organic carbon, TOC, total nitrogen, TN and total phosphorus, TP) accumulation in sediments. In seawater, both the composition and structure of bacterial communities were shaped by seasonal temperature variations rather than by the presence of PV. In contrast, in sediments, PV induced enhancement of nutrients significantly altered the bacterial communities, characterized by higher diversity, greater heterogeneity, and an increase in anaerobic bacteria such as Atribacteria and sulfate-reducing bacteria. Co-occurrence network analysis further revealed that photovoltaic shading induced distinct topological shifts in bacterial networks between seawater and sediments. The application of PV promoted the formation of modular associations among functionally related taxa, e.g., Alphaproteobacteria and Actinobacteria, resulting in decreased network connectivity and stability in seawater. In sediments, however, bacteria with diverse metabolic capabilities, e.g., Latescibacteria, Bacteroidetes, and Synergistetes, exhibited enhanced cooperative interactions, forming a more interconnected, tightly organized, and stable network structure. In summary, our present study demonstrates habitat-specific responses of bacterial communities, where the seawater communities were only affected by seasonal temperature, while sediment communities were directly reshaped by photovoltaic-induced nutrients enrichment. These findings provide critical insights for the ecological risk assessment and sustainable management of FPC, highlighting the importance of balancing renewable energy production with aquatic ecosystem health.",01.05.2023,31.03.2024,Shandong Province Wudi Lottery Citizens Association,,,,,,,,,,,,,,,,,,,,,,,,,,,,,"This study investigates ecological impacts of PV coverage on bacterial communities in shrimp aquaculture ponds. Three PV-covered ponds (P1: 42% coverage, 3 years operation with aquaculture; P2: 36% coverage, 3 years operation with aquaculture; P3: 42% coverage, 5 years operation without aquaculture) were compared to a control pond without PV. PV coverage significantly altered sediment bacterial communities (increased diversity, anaerobic bacteria enrichment) while seawater communities were primarily driven by seasonal temperature. Sediment networks showed higher connectivity and stability under PV, except for P2 which showed reduced stability due to intermediate stress. The study emphasizes monitoring sediment biogeochemistry and sulfide levels for sustainable FPC management.",Pond,,Litopenaeus vannamei (Pacific white shrimp),,,,,,,,42%,,,,,,,,"Temperature, pH, salinity, dissolved oxygen (DO), nitrate (NO3), nitrite (NO2), ammonium (NH4+), dissolved inorganic phosphorus (DIP), dissolved silicate (DSi), dissolved inorganic nitrogen (DIN), chlorophyll a (Chla)","PV shading reduced seawater temperature, salinity, and DO; decreased phytoplankton biomass (Chla); enhanced nutrient accumulation in sediments; promoted anaerobic bacteria (e.g., sulfate-reducing bacteria) that may produce toxic H2S affecting shrimp health",,
10.1016/j.aqrep.2026.103678,,,,,,,,,,,,,,,,,,,,,,,,,,,,,,,,,,,,,aquaculture,https://docs.google.com/spreadsheets/d/e/2PACX-1vSdqh15EIG4xIACOBaFtWbKamveCBj7QVPq2vkyVhjk0_F5mrrlRqMJROWCXXkKDr3aBzqA3GCNNHyt/pub?output=csv,32,Photovoltaic coverage reshapes the bacterial communities and interaction networks in aquaculture ponds: Divergent responses between seawater and sediment,"The Fishery-Photovoltaic Complementarity (FPC), which integrates photovoltaic power generation with aquaculture, is a promising renewable energy solution that has gained increasing attention. However, the effects of these structural changes on the aquatic and sedimentary environment, as well as on prokaryotic communities, remain unclear. In the present study, the dynamics of bacterial communities and co-occurrence networks in both seawater and sediments were investigated across four different aquaculture ponds (with and without photovoltaic coverage). Results have shown that the photovoltaic (PV) coverage significantly reduced seawater temperature, salinity, and dissolved oxygen (DO), but enhancing nutrients (total organic carbon, TOC, total nitrogen, TN and total phosphorus, TP) accumulation in sediments. In seawater, both the composition and structure of bacterial communities were shaped by seasonal temperature variations rather than by the presence of PV. In contrast, in sediments, PV induced enhancement of nutrients significantly altered the bacterial communities, characterized by higher diversity, greater heterogeneity, and an increase in anaerobic bacteria such as Atribacteria and sulfate-reducing bacteria. Co-occurrence network analysis further revealed that photovoltaic shading induced distinct topological shifts in bacterial networks between seawater and sediments. The application of PV promoted the formation of modular associations among functionally related taxa, e.g., Alphaproteobacteria and Actinobacteria, resulting in decreased network connectivity and stability in seawater. In sediments, however, bacteria with diverse metabolic capabilities, e.g., Latescibacteria, Bacteroidetes, and Synergistetes, exhibited enhanced cooperative interactions, forming a more interconnected, tightly organized, and stable network structure. In summary, our present study demonstrates habitat-specific responses of bacterial communities, where the seawater communities were only affected by seasonal temperature, while sediment communities were directly reshaped by photovoltaic-induced nutrients enrichment. These findings provide critical insights for the ecological risk assessment and sustainable management of FPC, highlighting the importance of balancing renewable energy production with aquatic ecosystem health.",01.05.2023,31.03.2024,Shandong Province Wudi Lottery Citizens Association,,,,,,,,,,,,,,,,,,,,,,,,,,,,,"This study investigates ecological impacts of PV coverage on bacterial communities in shrimp aquaculture ponds. Three PV-covered ponds (P1: 42% coverage, 3 years operation with aquaculture; P2: 36% coverage, 3 years operation with aquaculture; P3: 42% coverage, 5 years operation without aquaculture) were compared to a control pond without PV. PV coverage significantly altered sediment bacterial communities (increased diversity, anaerobic bacteria enrichment) while seawater communities were primarily driven by seasonal temperature. Sediment networks showed higher connectivity and stability under PV, except for P2 which showed reduced stability due to intermediate stress. The study emphasizes monitoring sediment biogeochemistry and sulfide levels for sustainable FPC management.",Pond,,Litopenaeus vannamei (Pacific white shrimp),,,,,,,,36%,,,,,,,,"Temperature, pH, salinity, dissolved oxygen (DO), nitrate (NO3), nitrite (NO2), ammonium (NH4+), dissolved inorganic phosphorus (DIP), dissolved silicate (DSi), dissolved inorganic nitrogen (DIN), chlorophyll a (Chla)","PV shading reduced seawater temperature, salinity, and DO; decreased phytoplankton biomass (Chla); enhanced nutrient accumulation in sediments; promoted anaerobic bacteria (e.g., sulfate-reducing bacteria) that may produce toxic H2S affecting shrimp health",,
10.1016/j.aqrep.2026.103678,,,,,,,,,,,,,,,,,,,,,,,,,,,,,,,,,,,,,aquaculture,https://docs.google.com/spreadsheets/d/e/2PACX-1vSdqh15EIG4xIACOBaFtWbKamveCBj7QVPq2vkyVhjk0_F5mrrlRqMJROWCXXkKDr3aBzqA3GCNNHyt/pub?output=csv,33,Photovoltaic coverage reshapes the bacterial communities and interaction networks in aquaculture ponds: Divergent responses between seawater and sediment,"The Fishery-Photovoltaic Complementarity (FPC), which integrates photovoltaic power generation with aquaculture, is a promising renewable energy solution that has gained increasing attention. However, the effects of these structural changes on the aquatic and sedimentary environment, as well as on prokaryotic communities, remain unclear. In the present study, the dynamics of bacterial communities and co-occurrence networks in both seawater and sediments were investigated across four different aquaculture ponds (with and without photovoltaic coverage). Results have shown that the photovoltaic (PV) coverage significantly reduced seawater temperature, salinity, and dissolved oxygen (DO), but enhancing nutrients (total organic carbon, TOC, total nitrogen, TN and total phosphorus, TP) accumulation in sediments. In seawater, both the composition and structure of bacterial communities were shaped by seasonal temperature variations rather than by the presence of PV. In contrast, in sediments, PV induced enhancement of nutrients significantly altered the bacterial communities, characterized by higher diversity, greater heterogeneity, and an increase in anaerobic bacteria such as Atribacteria and sulfate-reducing bacteria. Co-occurrence network analysis further revealed that photovoltaic shading induced distinct topological shifts in bacterial networks between seawater and sediments. The application of PV promoted the formation of modular associations among functionally related taxa, e.g., Alphaproteobacteria and Actinobacteria, resulting in decreased network connectivity and stability in seawater. In sediments, however, bacteria with diverse metabolic capabilities, e.g., Latescibacteria, Bacteroidetes, and Synergistetes, exhibited enhanced cooperative interactions, forming a more interconnected, tightly organized, and stable network structure. In summary, our present study demonstrates habitat-specific responses of bacterial communities, where the seawater communities were only affected by seasonal temperature, while sediment communities were directly reshaped by photovoltaic-induced nutrients enrichment. These findings provide critical insights for the ecological risk assessment and sustainable management of FPC, highlighting the importance of balancing renewable energy production with aquatic ecosystem health.",01.05.2023,31.03.2024,Shandong Province Wudi Lottery Citizens Association,,,,,,,,,,,,,,,,,,,,,,,,,,,,,"This study investigates ecological impacts of PV coverage on bacterial communities in shrimp aquaculture ponds. Three PV-covered ponds (P1: 42% coverage, 3 years operation with aquaculture; P2: 36% coverage, 3 years operation with aquaculture; P3: 42% coverage, 5 years operation without aquaculture) were compared to a control pond without PV. PV coverage significantly altered sediment bacterial communities (increased diversity, anaerobic bacteria enrichment) while seawater communities were primarily driven by seasonal temperature. Sediment networks showed higher connectivity and stability under PV, except for P2 which showed reduced stability due to intermediate stress. The study emphasizes monitoring sediment biogeochemistry and sulfide levels for sustainable FPC management.",Pond,,Litopenaeus vannamei (Pacific white shrimp),,,,,,,,42%,,,,,,,,"Temperature, pH, salinity, dissolved oxygen (DO), nitrate (NO3), nitrite (NO2), ammonium (NH4+), dissolved inorganic phosphorus (DIP), dissolved silicate (DSi), dissolved inorganic nitrogen (DIN), chlorophyll a (Chla)","PV shading reduced seawater temperature, salinity, and DO; decreased phytoplankton biomass (Chla); enhanced nutrient accumulation in sediments; promoted anaerobic bacteria (e.g., sulfate-reducing bacteria) that may produce toxic H2S affecting shrimp health",,
10.1016/j.rser.2025.116021,,,,,,,,,,,,,,,,,,,,,,,,,,,,,,,,,,,,,aquaculture,https://docs.google.com/spreadsheets/d/e/2PACX-1vSdqh15EIG4xIACOBaFtWbKamveCBj7QVPq2vkyVhjk0_F5mrrlRqMJROWCXXkKDr3aBzqA3GCNNHyt/pub?output=csv,34,Additional value of non-electricity generating services (co-benefits) provided by non-conventional dual use solar photovoltaic systems: A PRISMA review,"Solar photovoltaic (PV) systems play a pivotal role in the global transition to renewable energy, providing decentralized energy generation and socio-economic advantages. The land-use intensity of conventional PV, however, has led to growing interest in non-conventional systems such as floating PV (FPV), building-integrated PV (BIPV), agrivoltaics, PV carports, and grid-support applications. These alternatives offer additional non-electricity generation-related benefits, often overlooked by the prevailing evaluation metric in energy systems, the levelized cost of electricity (LCOE). While LCOE remains the dominant tool for assessing PV economics due to its simplicity, it fails to account for these non-electricity-related co-benefits, leading to an undervaluation of emerging PV technologies. To address this gap, a systematic review of 261 peer-reviewed articles was conducted using the Preferred Reporting Items for Systematic Reviews and Meta-Analyses (PRISMA) methodology. Thirteen categories of additional benefits were identified, with greenhouse gas emissions reduction (42.5 %) and water loss reduction (38.7 %) being the most frequently cited. Most studies, however, lacked a quantitative framework for integrating these benefits into overall PV economic evaluations. As a result, evaluation methods were discussed for each of these benefit categories, creating the foundation for a comprehensive framework that would evaluate non-conventional PV benefits. Additionally, significant inconsistencies in reporting critical PV attributes were identified, with only 25 % of studies reporting efficiency and 53 % specifying power ratings, making evaluation of PV co-benefits challenging. To address these shortcomings, this study proposes a standardized PV Nameplate Data table for academic PV studies encompassing key parameters such as location, module technology, efficiency, lifetime, power rating, and energy generation. Furthermore, the review underscores the necessity of developing open-source tools to systematically evaluate PV benefits; thereby enabling robust systems comparison, establishing comprehensive evaluation methodologies, improving system design, and informing policymakers’ decisions.",,,,,,,,,,,,,,,,,,,,,,,,,,,,,,,,"This article is a review, not a description of a specific project. All numerical data are provided as examples from cited studies (e.g., a study from China). Standardized reporting (PV Nameplate Data) is proposed.",Pond,,Fish,"0,41",,Thin-film floating,,,,0,75%,,,,,,,,"Referred to as Water quality improvement, this includes lowering water temperature, improving clarity, and reducing algae growth.",A positive effect on fish production in shaded ponds is mentioned,"The primary energy use highlighted across all non-conventional PV systems, including floating PV (FPV) and agrivoltaics, is grid-connected electricity generation for decentralized power supply and self-consumption. Specifically, the review mentions that PV carports supply electricity directly for electric vehicle (EV) charging (Section 4.1.2), reducing charging costs when power is fed directly into the vehicles. Additionally, FPV systems are explicitly noted for powering water pumping applications, particularly in water-stressed regions for irrigation or water supply purposes (Section 4.1.3, referencing study [141]). In the context of grid-support applications, PV systems provide ancillary energy services such as frequency support and voltage regulation to stabilize the electrical grid, as well as reducing transmission and distribution line losses (Section 4.1.8). The review also acknowledges that agrivoltaic systems can generate energy to support agricultural operations, though specific end-uses like aeration or feeding systems for aquaculture are not detailed. Overall, while the article extensively discusses electricity generation as the primary output, the only clearly specified direct end-uses are EV charging, water pumping, and grid ancillary services, with aquaculture applications mentioned conceptually but without detailed energy-use breakdowns",1
10.1016/j.apenergy.2026.128159,,,,,,,,,,,,,,,,,,,,,,,,,,,,,,,,,,,,,aquaculture,https://docs.google.com/spreadsheets/d/e/2PACX-1vSdqh15EIG4xIACOBaFtWbKamveCBj7QVPq2vkyVhjk0_F5mrrlRqMJROWCXXkKDr3aBzqA3GCNNHyt/pub?output=csv,35,Design and thermal-energy performance analysis of foam-based floating photovoltaic systems in a cold climate: experimental results from a 7 kW floatovoltaics in Canada,"Floating photovoltaics (FPV), or floatovoltaics, offers several synergistic benefits over land-based PV, but has not been investigated for cold climates. This study introduces a 7 kW semi-flexible monocrystalline foam-backed FPV system operating on a pond in the cold climate of Ontario Canada and equipped with an air bubbler system for ice prevention. The system is monitored using an open source data acquisition platform that records meteorological variables, water and module temperatures, electrical output and high resolution imagery in both summer and winter conditions. A comparison of measured FPV temperatures with those simulated by previous models revealed a notable discrepancy during the winter season. A regression model developed in this study indicated that the foam-based FPV system generated 7.7. MWh/year, representing up to 2.7% more energy than other PV models (e.g. Faiman FPV, Kamuyu et al., etc.). The FPV array storm water pond coverage scaled linearly with evaporation reduction, reaching a maximum of 927 m3/year if 50% of the pond is covered, demonstrating the potential for foam-based FPV to save water and support agricultural water needs. In addition, the deployed air-bubbler system successfully maintained ice-free open water throughout the winter season with negligible additional energy consumption, ranging from 0.02% (1.9 kWh) to 14.5% (893 kWh) of the total annual yield. The new methodological approach, detailed in this study, enables FPV operations of any kind in cold climates where ice formation has historically constrained deployment. Finally, the system achieved a positive net present value (∼57,000 $CAD) under a high electricity price scenario ($0.55 CAD/kWh) for off-grid systems, yielding a discounted payback period of 4.2 years. Overall, the results of this study established foam-based FPV as a promising and adaptable platform for renewable energy generation, introduces a transferable ice-melting model for cold-climate operations, and highlights the unique performance dynamics of flat-tilt FPV modules in icy environments. These advances provide a solid foundation for future research at larger scales and across diverse water bodies, thereby positioning FPV as a viable technology for sustainable energy expansion not only in warm climates but also in cold regions.",01.08.2024,30.06.2025,Ilderton,,,,,,,,,,,,,,,,,,,,,,,,,,,,,"The system is an off-grid 7 kW foam-based FPV installation on a 1475 m² pond in Ontario, Canada. It includes a 10 kWh LiFePO4 battery storage system and a three-phase inverter bank. The system features an air bubbler ice prevention system that successfully maintained ice-free conditions throughout winter with minimal energy consumption (1.9 kWh/year in controlled mode, up to 14.5% of PV output in worst-case scenario). The foam-based design uses closed-cell polyethylene foam slabs bonded to semi-flexible modules, allowing them to float approximately 1 cm above the water surface. The system is not integrated with aquaculture, but demonstrates water conservation (evaporation reduction scaling linearly with coverage) and potential co-benefits for aquatic ecosystems. The study highlights challenges including algae fouling on horizontal modules, snow accumulation, fluctuating water levels requiring mooring adjustments, and wildlife interactions (birds and small mammals landing on the array).",Pond,1475,,,Semi-flexible monocrystalline silicon Renogy 175 W,Pontoon,7,0,0,"0,01",3%,45,"47,46",,1100,"7,7",,3%,"Water temperature only (measured at 40 cm depth beneath PV modules). No other water quality parameters (DO, pH, nutrients) were monitored.","Not applicable (no aquaculture). However, it was observed that no algae grew directly under the PV modules, and fish frequently aggregated beneath the FPV array during hot summer days, suggesting the creation of shaded, thermally viable refuge.","The system does not power any LED lighting, and there is no aquaculture component, meaning the energy is used exclusively for electrical loads, experimental hydrogen production, and ice mitigation rather than for food production or water quality management in an aquavoltaic context. ",
