DOI,Название статьи,Аннотация,Начало эксперимента,Конец эксперимента,Геопозиция (страна и город с вшитыми координатами),Площадь прототипа (м^2),Коэффициент эквивалентности земли по биомассе,Коэффициент эквивалентности земли по урожайности,Открытость участка,Гигрометрия почвы,Неоднородность почвы,Культура,Расстояние между рядами посадки (м),Покрытие поверхности земли по вертикали,Тип СБ,Ориентация СБ (гр. на юг),Угол наклона СБ (гр.),Шаг между СБ (м),Высота над землей (м),Расстояние между рядами (м),ФАР (отн. нормальной),Горизонтальное глобальное облучение (кВт*ч/м^2/год),Горизонтальное глобальное облучение (кВт*ч/м^2/день),Эффективное глобальное облучение (кВт*ч/м^2/год) - на плоскости коллектора,Падающее глобальное облучение (кВт*ч/м^2),Удельная производительность (Вт/м^2),Полная производительность (кВт),Годовая выработка электроэнергии (кВт*ч/год),Удельная выработка электроэнергии (кВт*ч/(кВт(пик)*год),Сухое вещество,Урожайность,Снижение эвапотранспирации,Изменение влажности почвы,Изменение температуры почвы (гр.),Изменение температуры воздуха (гр.),Примечание,source_id,source_url,source_row,Article Title,Abstract,Beginning of the experiment,End of the experiment,Geolocation (country and city with embedded coordinates),Total_Land_Area_ha,Land_Use_Type,Forestry_to_Agriculture_Ratio,Woody_Species,Woody_Biomass_Yield_tDM_ha,Woody_Relative_Yield_vs_Monoculture_%,Agricultural_Crop,Crop_Yield_tDM_ha,Crop_Relative_Yield_vs_Monoculture_%,PV_System_Type,PV_Power_Density_kWp_ha,PV_Electricity_Yield_kWh_kWp,LCOE_ct_kWh,Tilt_Angle_deg,Orientation,Height_Above_Ground_m,Row_Spacing_m,Shading_Rate_%,Land_Loss_due_to_PV_%,Relative_Field_Yield_RFY_%,Biomass_Cost_EUR_tDM,Land_Equivalent_Ratio_LER,Optimal_Solution_Found,Cost_Reduction_Threshold_for_Competitiveness_%,Yield_Increase_Threshold_for_Competitiveness_%,Biodiversity_Impact,Soil_Protection_Benefit,Non_Monetized_Benefits,Notes,Water body type,Water surface area (m^2),Aquatic organism,Aquaculture production (t/ha),PV model,PV installation type,PV power (kWp),Tilt angle (deg),Azimuth angle (deg),Height above water (m),Coverage ratio,PV area (m^2),PV density (kWp/ha),GHI (kWh/(m2_year)),Specific yield (kWh/kWp),Annual energy output (MWh),Performance Gain vs Land,Water evaporation reduction,Water quality monitoring,Shading impact on organism,Types of energy use,LER_Food_Energy
10.1016/j.renene.2011.03.005,Combining solar photovoltaic panels and food crops for optimising land use: Towards new agrivoltaic schemes,"The need for new sources of renewable energies and the rising price of fossil fuels have induced the hope that agricultural crops may be a source of renewable energy for the future. We question in this paper the best strategies to convert solar radiation into both energy and food. The intrinsic efficiency of the photosynthetic process is quite low (around 3%) while commercially available monocristalline solar photovoltaic (PV) panels have an average yield of 15%. Therefore huge arrays of solar panels are now envisaged. Solar plants using PV panels will therefore compete with agriculture for land. In this paper, we suggest that a combination of solar panels and food crops on the same land unit may maximise the land use. We suggest to call this an agrivoltaic system. We used Land Equivalent Ratios to compare conventional options (separation of agriculture and energy harvesting) and two agrivoltaic systems with different densities of PV panels. We modelled the light transmission at the crop level by an array of solar panels and used a crop model to predict the productivity of the partially shaded crops. These preliminary results indicate that agrivoltaic systems may be very efficient: a 35–73% increase of global land productivity was predicted for the two densities of PV panels. Facilitation mechanisms similar to those evidenced in agroforestry systems may explain the advantage of such mixed systems. New solar plants may therefore combine electricity production with food production, especially in countries where cropping land is scarce. There is a need to validate the hypotheses included in our models and provide a proof of the concept by monitoring prototypes of agrivoltaic systems.",01.03.2010,01.03.2013,Монпелье,820,"1,64","1,73",Открытый грунт,Равномерное орошение,Низкая,Пшеница,,59%,JT185Wc,14,25,"1,64",4,"6,4",43%,,,,,72,"59,04",,,64%,73%,,,,,,crop_farming,https://docs.google.com/spreadsheets/d/e/2PACX-1vSrhKbZjKkGqSytiGNDciKhx5LYm9bubt-WFqbuASR48nvkC8yEg16fZKnbRgXeMdNPSAVJbZlnw-Sc/pub?output=csv,2,,,,,,,,,,,,,,,,,,,,,,,,,,,,,,,,,,,,,,,,,,,,,,,,,,,,,,,,
10.1016/j.renene.2011.03.006,Combining solar photovoltaic panels and food crops for optimising land use: Towards new agrivoltaic schemes,"The need for new sources of renewable energies and the rising price of fossil fuels have induced the hope that agricultural crops may be a source of renewable energy for the future. We question in this paper the best strategies to convert solar radiation into both energy and food. The intrinsic efficiency of the photosynthetic process is quite low (around 3%) while commercially available monocristalline solar photovoltaic (PV) panels have an average yield of 15%. Therefore huge arrays of solar panels are now envisaged. Solar plants using PV panels will therefore compete with agriculture for land. In this paper, we suggest that a combination of solar panels and food crops on the same land unit may maximise the land use. We suggest to call this an agrivoltaic system. We used Land Equivalent Ratios to compare conventional options (separation of agriculture and energy harvesting) and two agrivoltaic systems with different densities of PV panels. We modelled the light transmission at the crop level by an array of solar panels and used a crop model to predict the productivity of the partially shaded crops. These preliminary results indicate that agrivoltaic systems may be very efficient: a 35–73% increase of global land productivity was predicted for the two densities of PV panels. Facilitation mechanisms similar to those evidenced in agroforestry systems may explain the advantage of such mixed systems. New solar plants may therefore combine electricity production with food production, especially in countries where cropping land is scarce. There is a need to validate the hypotheses included in our models and provide a proof of the concept by monitoring prototypes of agrivoltaic systems.",01.03.2010,01.03.2013,Монпелье,820,"1,32","1,35",Открытый грунт,Равномерное орошение,Низкая,Пшеница,,"29,5%",JT185Wc,14,25,"3,28",4,"6,4",71%,,,,,36,"29,52",,,80%,83%,,,,,,crop_farming,https://docs.google.com/spreadsheets/d/e/2PACX-1vSrhKbZjKkGqSytiGNDciKhx5LYm9bubt-WFqbuASR48nvkC8yEg16fZKnbRgXeMdNPSAVJbZlnw-Sc/pub?output=csv,3,,,,,,,,,,,,,,,,,,,,,,,,,,,,,,,,,,,,,,,,,,,,,,,,,,,,,,,,
10.1016/j.eja.2012.08.003,Productivity and radiation use efficiency of lettuces grown in the partial shade of photovoltaic panels,"Combining photovoltaic panels (PVPs) and crops on the same land unit were recently proposed as an alternative to the conversion of cropland into photovoltaic plants. This could alleviate the increasing competition for land between food and energy production. In such agrivoltaic systems, an upper layer of PVPs partially shades crops at ground level. The aim of this work was to (i) assess the effect on crop yield of two PVPs densities, resulting in two shade levels equal to 50% and 70% of the incoming radiation and (ii) identify morphological and physiological determinants of the plant response to shade. Experiments were conducted on four varieties of lettuces (two crisphead lettuces and two cutting lettuces), during two seasons. In all cases, the relative lettuce yield at harvest was equal or higher than the available relative radiation. Lettuce yield was maintained through an improved Radiation Interception Efficiency (RIE) in the shade, while Radiation Conversion Efficiency (RCE) did not change significantly. Enhanced RIE was explained by (i) an increase in the total leaf area per plant, despite a decrease in the number of leaves and (ii) a different distribution of leaf area among the pool of leaves, the maximal size of leaves increasing in the shade. Our result provides a framework for the selection of adapted varieties according to their morphological traits and physiological responses to PVP shade, in order to optimize agrivoltaic systems.",22.07.2010,07.09.2011,Монпелье,200,,,Открытый грунт,Равномерное орошение,Низкая,Салат-латук,"0,33",59%,JT185Wc,14,25,"1,6",4,"6,4",53%,,,,,72,"14,4",,,58%,58%,,,,,,crop_farming,https://docs.google.com/spreadsheets/d/e/2PACX-1vSrhKbZjKkGqSytiGNDciKhx5LYm9bubt-WFqbuASR48nvkC8yEg16fZKnbRgXeMdNPSAVJbZlnw-Sc/pub?output=csv,4,,,,,,,,,,,,,,,,,,,,,,,,,,,,,,,,,,,,,,,,,,,,,,,,,,,,,,,,
10.1016/j.eja.2012.08.003,Productivity and radiation use efficiency of lettuces grown in the partial shade of photovoltaic panels,"Combining photovoltaic panels (PVPs) and crops on the same land unit were recently proposed as an alternative to the conversion of cropland into photovoltaic plants. This could alleviate the increasing competition for land between food and energy production. In such agrivoltaic systems, an upper layer of PVPs partially shades crops at ground level. The aim of this work was to (i) assess the effect on crop yield of two PVPs densities, resulting in two shade levels equal to 50% and 70% of the incoming radiation and (ii) identify morphological and physiological determinants of the plant response to shade. Experiments were conducted on four varieties of lettuces (two crisphead lettuces and two cutting lettuces), during two seasons. In all cases, the relative lettuce yield at harvest was equal or higher than the available relative radiation. Lettuce yield was maintained through an improved Radiation Interception Efficiency (RIE) in the shade, while Radiation Conversion Efficiency (RCE) did not change significantly. Enhanced RIE was explained by (i) an increase in the total leaf area per plant, despite a decrease in the number of leaves and (ii) a different distribution of leaf area among the pool of leaves, the maximal size of leaves increasing in the shade. Our result provides a framework for the selection of adapted varieties according to their morphological traits and physiological responses to PVP shade, in order to optimize agrivoltaic systems.",23.03.2011,25.05.2011,Монпелье,200,,,Открытый грунт,Равномерное орошение,Низкая,Салат-латук,"0,33",59%,JT185Wc,14,25,"1,6",4,"6,4",53%,,,,,72,"14,4",,,79%,79%,,,,,,crop_farming,https://docs.google.com/spreadsheets/d/e/2PACX-1vSrhKbZjKkGqSytiGNDciKhx5LYm9bubt-WFqbuASR48nvkC8yEg16fZKnbRgXeMdNPSAVJbZlnw-Sc/pub?output=csv,5,,,,,,,,,,,,,,,,,,,,,,,,,,,,,,,,,,,,,,,,,,,,,,,,,,,,,,,,
10.1016/j.eja.2012.08.003,Productivity and radiation use efficiency of lettuces grown in the partial shade of photovoltaic panels,"Combining photovoltaic panels (PVPs) and crops on the same land unit were recently proposed as an alternative to the conversion of cropland into photovoltaic plants. This could alleviate the increasing competition for land between food and energy production. In such agrivoltaic systems, an upper layer of PVPs partially shades crops at ground level. The aim of this work was to (i) assess the effect on crop yield of two PVPs densities, resulting in two shade levels equal to 50% and 70% of the incoming radiation and (ii) identify morphological and physiological determinants of the plant response to shade. Experiments were conducted on four varieties of lettuces (two crisphead lettuces and two cutting lettuces), during two seasons. In all cases, the relative lettuce yield at harvest was equal or higher than the available relative radiation. Lettuce yield was maintained through an improved Radiation Interception Efficiency (RIE) in the shade, while Radiation Conversion Efficiency (RCE) did not change significantly. Enhanced RIE was explained by (i) an increase in the total leaf area per plant, despite a decrease in the number of leaves and (ii) a different distribution of leaf area among the pool of leaves, the maximal size of leaves increasing in the shade. Our result provides a framework for the selection of adapted varieties according to their morphological traits and physiological responses to PVP shade, in order to optimize agrivoltaic systems.",22.07.2010,07.09.2011,Монпелье,200,,,Открытый грунт,Равномерное орошение,Низкая,Салат-латук,"0,33","29,5%",JT185Wc,14,25,"3,2",4,"6,4",68%,,,,,36,"7,2",,,81%,81%,,,,,,crop_farming,https://docs.google.com/spreadsheets/d/e/2PACX-1vSrhKbZjKkGqSytiGNDciKhx5LYm9bubt-WFqbuASR48nvkC8yEg16fZKnbRgXeMdNPSAVJbZlnw-Sc/pub?output=csv,6,,,,,,,,,,,,,,,,,,,,,,,,,,,,,,,,,,,,,,,,,,,,,,,,,,,,,,,,
10.1016/j.eja.2012.08.003,Productivity and radiation use efficiency of lettuces grown in the partial shade of photovoltaic panels,"Combining photovoltaic panels (PVPs) and crops on the same land unit were recently proposed as an alternative to the conversion of cropland into photovoltaic plants. This could alleviate the increasing competition for land between food and energy production. In such agrivoltaic systems, an upper layer of PVPs partially shades crops at ground level. The aim of this work was to (i) assess the effect on crop yield of two PVPs densities, resulting in two shade levels equal to 50% and 70% of the incoming radiation and (ii) identify morphological and physiological determinants of the plant response to shade. Experiments were conducted on four varieties of lettuces (two crisphead lettuces and two cutting lettuces), during two seasons. In all cases, the relative lettuce yield at harvest was equal or higher than the available relative radiation. Lettuce yield was maintained through an improved Radiation Interception Efficiency (RIE) in the shade, while Radiation Conversion Efficiency (RCE) did not change significantly. Enhanced RIE was explained by (i) an increase in the total leaf area per plant, despite a decrease in the number of leaves and (ii) a different distribution of leaf area among the pool of leaves, the maximal size of leaves increasing in the shade. Our result provides a framework for the selection of adapted varieties according to their morphological traits and physiological responses to PVP shade, in order to optimize agrivoltaic systems.",23.03.2011,25.05.2011,Монпелье,200,,,Открытый грунт,Равномерное орошение,Низкая,Салат-латук,"0,33","29,5%",JT185Wc,14,25,"3,2",4,"6,4",73%,,,,,36,"7,2",,,99%,99%,,,,,,crop_farming,https://docs.google.com/spreadsheets/d/e/2PACX-1vSrhKbZjKkGqSytiGNDciKhx5LYm9bubt-WFqbuASR48nvkC8yEg16fZKnbRgXeMdNPSAVJbZlnw-Sc/pub?output=csv,7,,,,,,,,,,,,,,,,,,,,,,,,,,,,,,,,,,,,,,,,,,,,,,,,,,,,,,,,
10.1016/j.rser.2015.10.024,The Potential of Agrivoltaic Systems,"In order to meet global energy demands with clean renewable energy such as with solar photovoltaic (PV) systems, large surface areas are needed because of the relatively diffuse nature of solar energy. Much of this demand can be matched with aggressive building integrated PV and rooftop PV, but the remainder can be met with land-based PV farms. Using large tracts of land for solar farms will increase competition for land resources as food production demand and energy demand are both growing and vie for the limited land resources. This land competition is exacerbated by the increasing population. These coupled land challenges can be ameliorated using the concept of agrivoltaics or co-developing the same area of land for both solar PV power as well as for conventional agriculture. In this paper, the agrivoltaic experiments to date are reviewed and summarized. A coupled simulation model is developed for both PV production (PVSyst) and agricultural production (Simulateur mulTIdisciplinaire les Cultures Standard (STICS) crop model), to gauge the technical potential of scaling agrivoltaic systems. The results showed that the value of solar generated electricity coupled to shade-tolerant crop production created an over 30% increase in economic value from farms deploying agrivoltaic systems instead of conventional agriculture. Utilizing shade tolerant crops enables crop yield losses to be minimized and thus maintain crop price stability. In addition, this dual use of agricultural land can have a significant effect on national PV production. The results showed an increase in PV power between over 40 and 70 GW if lettuce cultivation alone is converted to agrivoltaic systems in the U.S. It is clear, further work is warranted in this area and that the outputs for different crops and geographic areas should be explored to ascertain the potential of agrivoltaic farming throughout the globe.",,,Канзас Сити,,"1,65","1,65",Открытый грунт,,,Салат-латук,,,TSM300P14A,0,25,,1,6,0%,"1559,5",,"1713,6","1782,8",42,,22829,,0%,0%,,,,,,crop_farming,https://docs.google.com/spreadsheets/d/e/2PACX-1vSrhKbZjKkGqSytiGNDciKhx5LYm9bubt-WFqbuASR48nvkC8yEg16fZKnbRgXeMdNPSAVJbZlnw-Sc/pub?output=csv,8,,,,,,,,,,,,,,,,,,,,,,,,,,,,,,,,,,,,,,,,,,,,,,,,,,,,,,,,
10.1016/j.rser.2015.10.024,The Potential of Agrivoltaic Systems,"In order to meet global energy demands with clean renewable energy such as with solar photovoltaic (PV) systems, large surface areas are needed because of the relatively diffuse nature of solar energy. Much of this demand can be matched with aggressive building integrated PV and rooftop PV, but the remainder can be met with land-based PV farms. Using large tracts of land for solar farms will increase competition for land resources as food production demand and energy demand are both growing and vie for the limited land resources. This land competition is exacerbated by the increasing population. These coupled land challenges can be ameliorated using the concept of agrivoltaics or co-developing the same area of land for both solar PV power as well as for conventional agriculture. In this paper, the agrivoltaic experiments to date are reviewed and summarized. A coupled simulation model is developed for both PV production (PVSyst) and agricultural production (Simulateur mulTIdisciplinaire les Cultures Standard (STICS) crop model), to gauge the technical potential of scaling agrivoltaic systems. The results showed that the value of solar generated electricity coupled to shade-tolerant crop production created an over 30% increase in economic value from farms deploying agrivoltaic systems instead of conventional agriculture. Utilizing shade tolerant crops enables crop yield losses to be minimized and thus maintain crop price stability. In addition, this dual use of agricultural land can have a significant effect on national PV production. The results showed an increase in PV power between over 40 and 70 GW if lettuce cultivation alone is converted to agrivoltaic systems in the U.S. It is clear, further work is warranted in this area and that the outputs for different crops and geographic areas should be explored to ascertain the potential of agrivoltaic farming throughout the globe.",,,Канзас Сити,,"1,65","1,65",Открытый грунт,,,Салат-латук,,,TSM300P14A,0,25,,4,"3,2",,"1559,5",,"1707,9","1782,8",72,,22756,,58%,58%,,,,,,crop_farming,https://docs.google.com/spreadsheets/d/e/2PACX-1vSrhKbZjKkGqSytiGNDciKhx5LYm9bubt-WFqbuASR48nvkC8yEg16fZKnbRgXeMdNPSAVJbZlnw-Sc/pub?output=csv,9,,,,,,,,,,,,,,,,,,,,,,,,,,,,,,,,,,,,,,,,,,,,,,,,,,,,,,,,
10.1016/j.rser.2015.10.024,The Potential of Agrivoltaic Systems,"In order to meet global energy demands with clean renewable energy such as with solar photovoltaic (PV) systems, large surface areas are needed because of the relatively diffuse nature of solar energy. Much of this demand can be matched with aggressive building integrated PV and rooftop PV, but the remainder can be met with land-based PV farms. Using large tracts of land for solar farms will increase competition for land resources as food production demand and energy demand are both growing and vie for the limited land resources. This land competition is exacerbated by the increasing population. These coupled land challenges can be ameliorated using the concept of agrivoltaics or co-developing the same area of land for both solar PV power as well as for conventional agriculture. In this paper, the agrivoltaic experiments to date are reviewed and summarized. A coupled simulation model is developed for both PV production (PVSyst) and agricultural production (Simulateur mulTIdisciplinaire les Cultures Standard (STICS) crop model), to gauge the technical potential of scaling agrivoltaic systems. The results showed that the value of solar generated electricity coupled to shade-tolerant crop production created an over 30% increase in economic value from farms deploying agrivoltaic systems instead of conventional agriculture. Utilizing shade tolerant crops enables crop yield losses to be minimized and thus maintain crop price stability. In addition, this dual use of agricultural land can have a significant effect on national PV production. The results showed an increase in PV power between over 40 and 70 GW if lettuce cultivation alone is converted to agrivoltaic systems in the U.S. It is clear, further work is warranted in this area and that the outputs for different crops and geographic areas should be explored to ascertain the potential of agrivoltaic farming throughout the globe.",,,Канзас Сити,,"1,65","1,65",Открытый грунт,,,Салат-латук,,,TSM300P14A,0,25,,4,"6,4",,"1559,5",,"1718,7","1782,8",39,,13477,,81%,81%,,,,,,crop_farming,https://docs.google.com/spreadsheets/d/e/2PACX-1vSrhKbZjKkGqSytiGNDciKhx5LYm9bubt-WFqbuASR48nvkC8yEg16fZKnbRgXeMdNPSAVJbZlnw-Sc/pub?output=csv,10,,,,,,,,,,,,,,,,,,,,,,,,,,,,,,,,,,,,,,,,,,,,,,,,,,,,,,,,
10.1016/j.rser.2015.10.024,The Potential of Agrivoltaic Systems,"In order to meet global energy demands with clean renewable energy such as with solar photovoltaic (PV) systems, large surface areas are needed because of the relatively diffuse nature of solar energy. Much of this demand can be matched with aggressive building integrated PV and rooftop PV, but the remainder can be met with land-based PV farms. Using large tracts of land for solar farms will increase competition for land resources as food production demand and energy demand are both growing and vie for the limited land resources. This land competition is exacerbated by the increasing population. These coupled land challenges can be ameliorated using the concept of agrivoltaics or co-developing the same area of land for both solar PV power as well as for conventional agriculture. In this paper, the agrivoltaic experiments to date are reviewed and summarized. A coupled simulation model is developed for both PV production (PVSyst) and agricultural production (Simulateur mulTIdisciplinaire les Cultures Standard (STICS) crop model), to gauge the technical potential of scaling agrivoltaic systems. The results showed that the value of solar generated electricity coupled to shade-tolerant crop production created an over 30% increase in economic value from farms deploying agrivoltaic systems instead of conventional agriculture. Utilizing shade tolerant crops enables crop yield losses to be minimized and thus maintain crop price stability. In addition, this dual use of agricultural land can have a significant effect on national PV production. The results showed an increase in PV power between over 40 and 70 GW if lettuce cultivation alone is converted to agrivoltaic systems in the U.S. It is clear, further work is warranted in this area and that the outputs for different crops and geographic areas should be explored to ascertain the potential of agrivoltaic farming throughout the globe.",,,Канзас Сити,,"1,65","1,65",Открытый грунт,,,Салат-латук,,,TSM300P14A,0,25,,4,"3,2",,"1559,5",,"1707,9","1782,8",72,,22756,,79%,79%,,,,,,crop_farming,https://docs.google.com/spreadsheets/d/e/2PACX-1vSrhKbZjKkGqSytiGNDciKhx5LYm9bubt-WFqbuASR48nvkC8yEg16fZKnbRgXeMdNPSAVJbZlnw-Sc/pub?output=csv,11,,,,,,,,,,,,,,,,,,,,,,,,,,,,,,,,,,,,,,,,,,,,,,,,,,,,,,,,
10.1016/j.rser.2015.10.024,The Potential of Agrivoltaic Systems,"In order to meet global energy demands with clean renewable energy such as with solar photovoltaic (PV) systems, large surface areas are needed because of the relatively diffuse nature of solar energy. Much of this demand can be matched with aggressive building integrated PV and rooftop PV, but the remainder can be met with land-based PV farms. Using large tracts of land for solar farms will increase competition for land resources as food production demand and energy demand are both growing and vie for the limited land resources. This land competition is exacerbated by the increasing population. These coupled land challenges can be ameliorated using the concept of agrivoltaics or co-developing the same area of land for both solar PV power as well as for conventional agriculture. In this paper, the agrivoltaic experiments to date are reviewed and summarized. A coupled simulation model is developed for both PV production (PVSyst) and agricultural production (Simulateur mulTIdisciplinaire les Cultures Standard (STICS) crop model), to gauge the technical potential of scaling agrivoltaic systems. The results showed that the value of solar generated electricity coupled to shade-tolerant crop production created an over 30% increase in economic value from farms deploying agrivoltaic systems instead of conventional agriculture. Utilizing shade tolerant crops enables crop yield losses to be minimized and thus maintain crop price stability. In addition, this dual use of agricultural land can have a significant effect on national PV production. The results showed an increase in PV power between over 40 and 70 GW if lettuce cultivation alone is converted to agrivoltaic systems in the U.S. It is clear, further work is warranted in this area and that the outputs for different crops and geographic areas should be explored to ascertain the potential of agrivoltaic farming throughout the globe.",,,Канзас Сити,,"1,65","1,65",Открытый грунт,,,Салат-латук,,,TSM300P14A,0,25,,4,"6,4",,"1559,5",,"1718,7","1782,8",39,,13477,,99%,99%,,,,,,crop_farming,https://docs.google.com/spreadsheets/d/e/2PACX-1vSrhKbZjKkGqSytiGNDciKhx5LYm9bubt-WFqbuASR48nvkC8yEg16fZKnbRgXeMdNPSAVJbZlnw-Sc/pub?output=csv,12,,,,,,,,,,,,,,,,,,,,,,,,,,,,,,,,,,,,,,,,,,,,,,,,,,,,,,,,
10.3390/su13052850,A Case Study of Tomato (Solanum lycopersicon var. Legend) Production and Water Productivity in Agrivoltaic Systems,"The challenge of meeting growing food and energy demand while also mitigating climate change drives the development and adoption of renewable technologies ad approaches. Agrivoltaic systems are an approach that allows for both agricultural and electrical production on the same land area. These systems have the potential to reduced water demand and increase the overall water productivity of certain crops. We observed the microclimate and growth characteristics of Tomato plants (Solanum lycopersicon var. Legend) grown within three locations on an Agrivoltaic field (control, interrow, and below panels) and with two different irrigation treatments (full and deficit). Total crop yield was highest in the control fully irrigated areas a, b (88.42 kg/row, 68.13 kg/row), and decreased as shading increased, row full irrigated areas a, b had 53.59 kg/row, 32.76 kg/row, panel full irrigated areas a, b had (33.61 kg/row, 21.64 kg/row). Water productivity in the interrow deficit treatments was 53.98 kg/m3 greater than the control deficit, and 24.21 kg/m3 greater than the panel deficit, respectively. These results indicate the potential of Agrivoltaic systems to improve water productivity even for crops that are traditionally considered shade-intolerant.
",01.07.2019,10.10.2019,Орегонский университет,8000,"1,65","1,65",Открытый грунт,Неравномерное орошение,Низкая,Томат Solanum lycopersicon,"1,5",,,0,18,0,"0,8",3,,,,,,"60,25",482,,,38%,38%,,,,,,crop_farming,https://docs.google.com/spreadsheets/d/e/2PACX-1vSrhKbZjKkGqSytiGNDciKhx5LYm9bubt-WFqbuASR48nvkC8yEg16fZKnbRgXeMdNPSAVJbZlnw-Sc/pub?output=csv,13,,,,,,,,,,,,,,,,,,,,,,,,,,,,,,,,,,,,,,,,,,,,,,,,,,,,,,,,
10.52825/agripv.v3i.1396,A Comprehensive Life Cycle Assessment Framework for Agrivoltaic Systems,"This paper suggests a comprehensive life cycle assessment (LCA) framework for agrivoltaic systems - systems that integrate photovoltaic energy and agricultural production. Agrivoltaics proposes a solution that provides additional land for meeting renewable energy goals while supporting agricultural production and water and land use efficiency. This study contributes to the assessment of the dynamic life cycle improvements associated with agrivoltaics installations through applying the framework to a case study at Jack's Solar Garden in Boulder, Colorado. We utilize the ReCIPe midpoint hierarchist method and leverage data from existing OpenLCA databases to evaluate the environmental and economic impacts of co-located crop production and solar energy generation. The results highlight the potential for reduced land and water use, underscoring agrivoltaics' role in managing land conflicts and water scarce environments. However, challenges such as increased material demands, limited open-source data, and the need for tailored configurations remain. Our framework aims to guide researchers, producers, and policymakers in making informed decisions on the adoption of agrivoltaics.",,,Боулдер,16600,,,Открытый грунт,,,Картофель,"5,2",,,0,,,"2,1","5,2",,,,,,"57,8313253",960,2150000,"2239,583333",90%,90%,,,,,,crop_farming,https://docs.google.com/spreadsheets/d/e/2PACX-1vSrhKbZjKkGqSytiGNDciKhx5LYm9bubt-WFqbuASR48nvkC8yEg16fZKnbRgXeMdNPSAVJbZlnw-Sc/pub?output=csv,20,,,,,,,,,,,,,,,,,,,,,,,,,,,,,,,,,,,,,,,,,,,,,,,,,,,,,,,,
10.1016/j.rser.2024.114515,A multidisciplinary view on agrivoltaics: Future of energy and agriculture,"The increasing global population amplifies the demand for food and energy. Meeting these demands should be a priority and aligned with the Sustainable Development Goals (SDGs). Photovoltaic (PV) systems are one of the key technologies for a sustainable energy transition. However, PV farms are space-intensive, conflicting with other land-uses such as agriculture. Agrivoltaics (AV) offers a dual-land-use solution by combining solar energy and crop cultivation. Some pioneering AV production systems have been implemented in practice. However, optimizing the PV technology and -array design as well as understanding the impact of PV panels on crop selection and performance remains challenging. Determining the best PV technology and minimizing shading's negative effects on crops can make or break an AV system. This multidisciplinary review combines the latest findings in AV research, PV array designs and module technologies. This review also compares the agronomic potential of various crops for AV and presents a meta-analysis of crop performance under varying shading conditions. Findings from this review indicate that (1) AV systems mainly rely on crystalline silicon (c-Si) cell technology, however, wavelength selective, or spectral shifting PV technologies and diffusion coatings or H2 panels provide future opportunities. (2) AV systems can boost land use efficiency. (3) Shading of crops in AV systems can lead to crop losses but can also provide shelter and enhance crop yield or quality in select climates. (4) Site-specific AV system design is essential to guarantee profitable operation.",,,Бийрбек,,"1,64","1,64",Открытый грунт,,,Груша,,,,90,,,"4,6",,,,,,,,"13,3",,,"83,4%","83,4%",,,,,,crop_farming,https://docs.google.com/spreadsheets/d/e/2PACX-1vSrhKbZjKkGqSytiGNDciKhx5LYm9bubt-WFqbuASR48nvkC8yEg16fZKnbRgXeMdNPSAVJbZlnw-Sc/pub?output=csv,21,,,,,,,,,,,,,,,,,,,,,,,,,,,,,,,,,,,,,,,,,,,,,,,,,,,,,,,,
10.1016/j.rser.2024.114515,A multidisciplinary view on agrivoltaics: Future of energy and agriculture,"The increasing global population amplifies the demand for food and energy. Meeting these demands should be a priority and aligned with the Sustainable Development Goals (SDGs). Photovoltaic (PV) systems are one of the key technologies for a sustainable energy transition. However, PV farms are space-intensive, conflicting with other land-uses such as agriculture. Agrivoltaics (AV) offers a dual-land-use solution by combining solar energy and crop cultivation. Some pioneering AV production systems have been implemented in practice. However, optimizing the PV technology and -array design as well as understanding the impact of PV panels on crop selection and performance remains challenging. Determining the best PV technology and minimizing shading's negative effects on crops can make or break an AV system. This multidisciplinary review combines the latest findings in AV research, PV array designs and module technologies. This review also compares the agronomic potential of various crops for AV and presents a meta-analysis of crop performance under varying shading conditions. Findings from this review indicate that (1) AV systems mainly rely on crystalline silicon (c-Si) cell technology, however, wavelength selective, or spectral shifting PV technologies and diffusion coatings or H2 panels provide future opportunities. (2) AV systems can boost land use efficiency. (3) Shading of crops in AV systems can lead to crop losses but can also provide shelter and enhance crop yield or quality in select climates. (4) Site-specific AV system design is essential to guarantee profitable operation.",,,Герардсберген,,"1,64","1,64",Открытый грунт,,,Свекла,,,,0,90,,"0,6",,,,,,,45,,,,100%,100%,,,,,,crop_farming,https://docs.google.com/spreadsheets/d/e/2PACX-1vSrhKbZjKkGqSytiGNDciKhx5LYm9bubt-WFqbuASR48nvkC8yEg16fZKnbRgXeMdNPSAVJbZlnw-Sc/pub?output=csv,22,,,,,,,,,,,,,,,,,,,,,,,,,,,,,,,,,,,,,,,,,,,,,,,,,,,,,,,,
10.1016/j.rser.2024.114515,A multidisciplinary view on agrivoltaics: Future of energy and agriculture,"The increasing global population amplifies the demand for food and energy. Meeting these demands should be a priority and aligned with the Sustainable Development Goals (SDGs). Photovoltaic (PV) systems are one of the key technologies for a sustainable energy transition. However, PV farms are space-intensive, conflicting with other land-uses such as agriculture. Agrivoltaics (AV) offers a dual-land-use solution by combining solar energy and crop cultivation. Some pioneering AV production systems have been implemented in practice. However, optimizing the PV technology and -array design as well as understanding the impact of PV panels on crop selection and performance remains challenging. Determining the best PV technology and minimizing shading's negative effects on crops can make or break an AV system. This multidisciplinary review combines the latest findings in AV research, PV array designs and module technologies. This review also compares the agronomic potential of various crops for AV and presents a meta-analysis of crop performance under varying shading conditions. Findings from this review indicate that (1) AV systems mainly rely on crystalline silicon (c-Si) cell technology, however, wavelength selective, or spectral shifting PV technologies and diffusion coatings or H2 panels provide future opportunities. (2) AV systems can boost land use efficiency. (3) Shading of crops in AV systems can lead to crop losses but can also provide shelter and enhance crop yield or quality in select climates. (4) Site-specific AV system design is essential to guarantee profitable operation.",,,Герардсберген,,"1,64","1,64",Открытый грунт,,,Свекла,,,,0,,,"2,3",,,,,,,45,,,,90%,90%,,,,,,crop_farming,https://docs.google.com/spreadsheets/d/e/2PACX-1vSrhKbZjKkGqSytiGNDciKhx5LYm9bubt-WFqbuASR48nvkC8yEg16fZKnbRgXeMdNPSAVJbZlnw-Sc/pub?output=csv,23,,,,,,,,,,,,,,,,,,,,,,,,,,,,,,,,,,,,,,,,,,,,,,,,,,,,,,,,
10.1016/j.rser.2024.114515,A multidisciplinary view on agrivoltaics: Future of energy and agriculture,"The increasing global population amplifies the demand for food and energy. Meeting these demands should be a priority and aligned with the Sustainable Development Goals (SDGs). Photovoltaic (PV) systems are one of the key technologies for a sustainable energy transition. However, PV farms are space-intensive, conflicting with other land-uses such as agriculture. Agrivoltaics (AV) offers a dual-land-use solution by combining solar energy and crop cultivation. Some pioneering AV production systems have been implemented in practice. However, optimizing the PV technology and -array design as well as understanding the impact of PV panels on crop selection and performance remains challenging. Determining the best PV technology and minimizing shading's negative effects on crops can make or break an AV system. This multidisciplinary review combines the latest findings in AV research, PV array designs and module technologies. This review also compares the agronomic potential of various crops for AV and presents a meta-analysis of crop performance under varying shading conditions. Findings from this review indicate that (1) AV systems mainly rely on crystalline silicon (c-Si) cell technology, however, wavelength selective, or spectral shifting PV technologies and diffusion coatings or H2 panels provide future opportunities. (2) AV systems can boost land use efficiency. (3) Shading of crops in AV systems can lead to crop losses but can also provide shelter and enhance crop yield or quality in select climates. (4) Site-specific AV system design is essential to guarantee profitable operation.",,,Левен,,"1,64","1,64",Открытый грунт,,,Пшеница,,30%,,0,12,,5,,,,,,,,"81,6",,,66%,66%,,,,,,crop_farming,https://docs.google.com/spreadsheets/d/e/2PACX-1vSrhKbZjKkGqSytiGNDciKhx5LYm9bubt-WFqbuASR48nvkC8yEg16fZKnbRgXeMdNPSAVJbZlnw-Sc/pub?output=csv,24,,,,,,,,,,,,,,,,,,,,,,,,,,,,,,,,,,,,,,,,,,,,,,,,,,,,,,,,
10.1016/j.rser.2024.114515,A multidisciplinary view on agrivoltaics: Future of energy and agriculture,"The increasing global population amplifies the demand for food and energy. Meeting these demands should be a priority and aligned with the Sustainable Development Goals (SDGs). Photovoltaic (PV) systems are one of the key technologies for a sustainable energy transition. However, PV farms are space-intensive, conflicting with other land-uses such as agriculture. Agrivoltaics (AV) offers a dual-land-use solution by combining solar energy and crop cultivation. Some pioneering AV production systems have been implemented in practice. However, optimizing the PV technology and -array design as well as understanding the impact of PV panels on crop selection and performance remains challenging. Determining the best PV technology and minimizing shading's negative effects on crops can make or break an AV system. This multidisciplinary review combines the latest findings in AV research, PV array designs and module technologies. This review also compares the agronomic potential of various crops for AV and presents a meta-analysis of crop performance under varying shading conditions. Findings from this review indicate that (1) AV systems mainly rely on crystalline silicon (c-Si) cell technology, however, wavelength selective, or spectral shifting PV technologies and diffusion coatings or H2 panels provide future opportunities. (2) AV systems can boost land use efficiency. (3) Shading of crops in AV systems can lead to crop losses but can also provide shelter and enhance crop yield or quality in select climates. (4) Site-specific AV system design is essential to guarantee profitable operation.",,,Монпелье,,"1,25","1,25",Открытый грунт,,,Салат-латук,,,,0,,,4,,,,,,,,,,,80%,80%,,,,,,crop_farming,https://docs.google.com/spreadsheets/d/e/2PACX-1vSrhKbZjKkGqSytiGNDciKhx5LYm9bubt-WFqbuASR48nvkC8yEg16fZKnbRgXeMdNPSAVJbZlnw-Sc/pub?output=csv,25,,,,,,,,,,,,,,,,,,,,,,,,,,,,,,,,,,,,,,,,,,,,,,,,,,,,,,,,
10.1016/j.rser.2024.114515,A multidisciplinary view on agrivoltaics: Future of energy and agriculture,"The increasing global population amplifies the demand for food and energy. Meeting these demands should be a priority and aligned with the Sustainable Development Goals (SDGs). Photovoltaic (PV) systems are one of the key technologies for a sustainable energy transition. However, PV farms are space-intensive, conflicting with other land-uses such as agriculture. Agrivoltaics (AV) offers a dual-land-use solution by combining solar energy and crop cultivation. Some pioneering AV production systems have been implemented in practice. However, optimizing the PV technology and -array design as well as understanding the impact of PV panels on crop selection and performance remains challenging. Determining the best PV technology and minimizing shading's negative effects on crops can make or break an AV system. This multidisciplinary review combines the latest findings in AV research, PV array designs and module technologies. This review also compares the agronomic potential of various crops for AV and presents a meta-analysis of crop performance under varying shading conditions. Findings from this review indicate that (1) AV systems mainly rely on crystalline silicon (c-Si) cell technology, however, wavelength selective, or spectral shifting PV technologies and diffusion coatings or H2 panels provide future opportunities. (2) AV systems can boost land use efficiency. (3) Shading of crops in AV systems can lead to crop losses but can also provide shelter and enhance crop yield or quality in select climates. (4) Site-specific AV system design is essential to guarantee profitable operation.",,,Аризона,,"1,64","1,64",Открытый грунт,,,Перец Чильтепин,1,,,0,32,,"3,3",,,,,,,,,,,200%,200%,,,,,,crop_farming,https://docs.google.com/spreadsheets/d/e/2PACX-1vSrhKbZjKkGqSytiGNDciKhx5LYm9bubt-WFqbuASR48nvkC8yEg16fZKnbRgXeMdNPSAVJbZlnw-Sc/pub?output=csv,26,,,,,,,,,,,,,,,,,,,,,,,,,,,,,,,,,,,,,,,,,,,,,,,,,,,,,,,,
10.1016/j.rser.2024.114515,A multidisciplinary view on agrivoltaics: Future of energy and agriculture,"The increasing global population amplifies the demand for food and energy. Meeting these demands should be a priority and aligned with the Sustainable Development Goals (SDGs). Photovoltaic (PV) systems are one of the key technologies for a sustainable energy transition. However, PV farms are space-intensive, conflicting with other land-uses such as agriculture. Agrivoltaics (AV) offers a dual-land-use solution by combining solar energy and crop cultivation. Some pioneering AV production systems have been implemented in practice. However, optimizing the PV technology and -array design as well as understanding the impact of PV panels on crop selection and performance remains challenging. Determining the best PV technology and minimizing shading's negative effects on crops can make or break an AV system. This multidisciplinary review combines the latest findings in AV research, PV array designs and module technologies. This review also compares the agronomic potential of various crops for AV and presents a meta-analysis of crop performance under varying shading conditions. Findings from this review indicate that (1) AV systems mainly rely on crystalline silicon (c-Si) cell technology, however, wavelength selective, or spectral shifting PV technologies and diffusion coatings or H2 panels provide future opportunities. (2) AV systems can boost land use efficiency. (3) Shading of crops in AV systems can lead to crop losses but can also provide shelter and enhance crop yield or quality in select climates. (4) Site-specific AV system design is essential to guarantee profitable operation.",,,Аризона,,"1,64","1,64",Открытый грунт,,,Халапеньо,1,,,0,32,,"3,3",,,,,,,,,,,100%,100%,,,,,,crop_farming,https://docs.google.com/spreadsheets/d/e/2PACX-1vSrhKbZjKkGqSytiGNDciKhx5LYm9bubt-WFqbuASR48nvkC8yEg16fZKnbRgXeMdNPSAVJbZlnw-Sc/pub?output=csv,27,,,,,,,,,,,,,,,,,,,,,,,,,,,,,,,,,,,,,,,,,,,,,,,,,,,,,,,,
10.1016/j.rser.2024.114515,A multidisciplinary view on agrivoltaics: Future of energy and agriculture,"The increasing global population amplifies the demand for food and energy. Meeting these demands should be a priority and aligned with the Sustainable Development Goals (SDGs). Photovoltaic (PV) systems are one of the key technologies for a sustainable energy transition. However, PV farms are space-intensive, conflicting with other land-uses such as agriculture. Agrivoltaics (AV) offers a dual-land-use solution by combining solar energy and crop cultivation. Some pioneering AV production systems have been implemented in practice. However, optimizing the PV technology and -array design as well as understanding the impact of PV panels on crop selection and performance remains challenging. Determining the best PV technology and minimizing shading's negative effects on crops can make or break an AV system. This multidisciplinary review combines the latest findings in AV research, PV array designs and module technologies. This review also compares the agronomic potential of various crops for AV and presents a meta-analysis of crop performance under varying shading conditions. Findings from this review indicate that (1) AV systems mainly rely on crystalline silicon (c-Si) cell technology, however, wavelength selective, or spectral shifting PV technologies and diffusion coatings or H2 panels provide future opportunities. (2) AV systems can boost land use efficiency. (3) Shading of crops in AV systems can lead to crop losses but can also provide shelter and enhance crop yield or quality in select climates. (4) Site-specific AV system design is essential to guarantee profitable operation.",,,Аризона,,"1,64","1,64",Открытый грунт,,,Томат,1,,,0,32,,"3,3",,,,,,,,,,,100%,100%,,,,,,crop_farming,https://docs.google.com/spreadsheets/d/e/2PACX-1vSrhKbZjKkGqSytiGNDciKhx5LYm9bubt-WFqbuASR48nvkC8yEg16fZKnbRgXeMdNPSAVJbZlnw-Sc/pub?output=csv,28,,,,,,,,,,,,,,,,,,,,,,,,,,,,,,,,,,,,,,,,,,,,,,,,,,,,,,,,
10.1016/j.rser.2024.114515,A multidisciplinary view on agrivoltaics: Future of energy and agriculture,"The increasing global population amplifies the demand for food and energy. Meeting these demands should be a priority and aligned with the Sustainable Development Goals (SDGs). Photovoltaic (PV) systems are one of the key technologies for a sustainable energy transition. However, PV farms are space-intensive, conflicting with other land-uses such as agriculture. Agrivoltaics (AV) offers a dual-land-use solution by combining solar energy and crop cultivation. Some pioneering AV production systems have been implemented in practice. However, optimizing the PV technology and -array design as well as understanding the impact of PV panels on crop selection and performance remains challenging. Determining the best PV technology and minimizing shading's negative effects on crops can make or break an AV system. This multidisciplinary review combines the latest findings in AV research, PV array designs and module technologies. This review also compares the agronomic potential of various crops for AV and presents a meta-analysis of crop performance under varying shading conditions. Findings from this review indicate that (1) AV systems mainly rely on crystalline silicon (c-Si) cell technology, however, wavelength selective, or spectral shifting PV technologies and diffusion coatings or H2 panels provide future opportunities. (2) AV systems can boost land use efficiency. (3) Shading of crops in AV systems can lead to crop losses but can also provide shelter and enhance crop yield or quality in select climates. (4) Site-specific AV system design is essential to guarantee profitable operation.",,,Кафр-Кара,,"1,64","1,64",Теплица,,,Томат,,37%,,0,,,,,,,,,,,2670,,,109%,136%,,,,,,crop_farming,https://docs.google.com/spreadsheets/d/e/2PACX-1vSrhKbZjKkGqSytiGNDciKhx5LYm9bubt-WFqbuASR48nvkC8yEg16fZKnbRgXeMdNPSAVJbZlnw-Sc/pub?output=csv,29,,,,,,,,,,,,,,,,,,,,,,,,,,,,,,,,,,,,,,,,,,,,,,,,,,,,,,,,
10.1016/j.rser.2024.114515,A multidisciplinary view on agrivoltaics: Future of energy and agriculture,"The increasing global population amplifies the demand for food and energy. Meeting these demands should be a priority and aligned with the Sustainable Development Goals (SDGs). Photovoltaic (PV) systems are one of the key technologies for a sustainable energy transition. However, PV farms are space-intensive, conflicting with other land-uses such as agriculture. Agrivoltaics (AV) offers a dual-land-use solution by combining solar energy and crop cultivation. Some pioneering AV production systems have been implemented in practice. However, optimizing the PV technology and -array design as well as understanding the impact of PV panels on crop selection and performance remains challenging. Determining the best PV technology and minimizing shading's negative effects on crops can make or break an AV system. This multidisciplinary review combines the latest findings in AV research, PV array designs and module technologies. This review also compares the agronomic potential of various crops for AV and presents a meta-analysis of crop performance under varying shading conditions. Findings from this review indicate that (1) AV systems mainly rely on crystalline silicon (c-Si) cell technology, however, wavelength selective, or spectral shifting PV technologies and diffusion coatings or H2 panels provide future opportunities. (2) AV systems can boost land use efficiency. (3) Shading of crops in AV systems can lead to crop losses but can also provide shelter and enhance crop yield or quality in select climates. (4) Site-specific AV system design is essential to guarantee profitable operation.",,,Хильхенбах,,"1,73","1,73",Открытый грунт,,,Пшеница,,,,-45,,,5,"9,5",,,,,,,"194,4",,,80%,80%,,,,,,crop_farming,https://docs.google.com/spreadsheets/d/e/2PACX-1vSrhKbZjKkGqSytiGNDciKhx5LYm9bubt-WFqbuASR48nvkC8yEg16fZKnbRgXeMdNPSAVJbZlnw-Sc/pub?output=csv,30,,,,,,,,,,,,,,,,,,,,,,,,,,,,,,,,,,,,,,,,,,,,,,,,,,,,,,,,
10.1016/j.rser.2024.114515,A multidisciplinary view on agrivoltaics: Future of energy and agriculture,"The increasing global population amplifies the demand for food and energy. Meeting these demands should be a priority and aligned with the Sustainable Development Goals (SDGs). Photovoltaic (PV) systems are one of the key technologies for a sustainable energy transition. However, PV farms are space-intensive, conflicting with other land-uses such as agriculture. Agrivoltaics (AV) offers a dual-land-use solution by combining solar energy and crop cultivation. Some pioneering AV production systems have been implemented in practice. However, optimizing the PV technology and -array design as well as understanding the impact of PV panels on crop selection and performance remains challenging. Determining the best PV technology and minimizing shading's negative effects on crops can make or break an AV system. This multidisciplinary review combines the latest findings in AV research, PV array designs and module technologies. This review also compares the agronomic potential of various crops for AV and presents a meta-analysis of crop performance under varying shading conditions. Findings from this review indicate that (1) AV systems mainly rely on crystalline silicon (c-Si) cell technology, however, wavelength selective, or spectral shifting PV technologies and diffusion coatings or H2 panels provide future opportunities. (2) AV systems can boost land use efficiency. (3) Shading of crops in AV systems can lead to crop losses but can also provide shelter and enhance crop yield or quality in select climates. (4) Site-specific AV system design is essential to guarantee profitable operation.",,,Хильхенбах,,"1,73","1,73",Открытый грунт,,,Картофель,,,,-45,,,5,"9,5",,,,,,,"194,4",,,80%,80%,,,,,,crop_farming,https://docs.google.com/spreadsheets/d/e/2PACX-1vSrhKbZjKkGqSytiGNDciKhx5LYm9bubt-WFqbuASR48nvkC8yEg16fZKnbRgXeMdNPSAVJbZlnw-Sc/pub?output=csv,31,,,,,,,,,,,,,,,,,,,,,,,,,,,,,,,,,,,,,,,,,,,,,,,,,,,,,,,,
10.1016/j.rser.2024.114515,A multidisciplinary view on agrivoltaics: Future of energy and agriculture,"The increasing global population amplifies the demand for food and energy. Meeting these demands should be a priority and aligned with the Sustainable Development Goals (SDGs). Photovoltaic (PV) systems are one of the key technologies for a sustainable energy transition. However, PV farms are space-intensive, conflicting with other land-uses such as agriculture. Agrivoltaics (AV) offers a dual-land-use solution by combining solar energy and crop cultivation. Some pioneering AV production systems have been implemented in practice. However, optimizing the PV technology and -array design as well as understanding the impact of PV panels on crop selection and performance remains challenging. Determining the best PV technology and minimizing shading's negative effects on crops can make or break an AV system. This multidisciplinary review combines the latest findings in AV research, PV array designs and module technologies. This review also compares the agronomic potential of various crops for AV and presents a meta-analysis of crop performance under varying shading conditions. Findings from this review indicate that (1) AV systems mainly rely on crystalline silicon (c-Si) cell technology, however, wavelength selective, or spectral shifting PV technologies and diffusion coatings or H2 panels provide future opportunities. (2) AV systems can boost land use efficiency. (3) Shading of crops in AV systems can lead to crop losses but can also provide shelter and enhance crop yield or quality in select climates. (4) Site-specific AV system design is essential to guarantee profitable operation.",,,Хильхенбах,,"1,73","1,73",Открытый грунт,,,Сельдерей,,,,-45,,,5,"9,5",,,,,,,"194,4",,,80%,80%,,,,,,crop_farming,https://docs.google.com/spreadsheets/d/e/2PACX-1vSrhKbZjKkGqSytiGNDciKhx5LYm9bubt-WFqbuASR48nvkC8yEg16fZKnbRgXeMdNPSAVJbZlnw-Sc/pub?output=csv,32,,,,,,,,,,,,,,,,,,,,,,,,,,,,,,,,,,,,,,,,,,,,,,,,,,,,,,,,
10.1016/j.rser.2024.114515,A multidisciplinary view on agrivoltaics: Future of energy and agriculture,"The increasing global population amplifies the demand for food and energy. Meeting these demands should be a priority and aligned with the Sustainable Development Goals (SDGs). Photovoltaic (PV) systems are one of the key technologies for a sustainable energy transition. However, PV farms are space-intensive, conflicting with other land-uses such as agriculture. Agrivoltaics (AV) offers a dual-land-use solution by combining solar energy and crop cultivation. Some pioneering AV production systems have been implemented in practice. However, optimizing the PV technology and -array design as well as understanding the impact of PV panels on crop selection and performance remains challenging. Determining the best PV technology and minimizing shading's negative effects on crops can make or break an AV system. This multidisciplinary review combines the latest findings in AV research, PV array designs and module technologies. This review also compares the agronomic potential of various crops for AV and presents a meta-analysis of crop performance under varying shading conditions. Findings from this review indicate that (1) AV systems mainly rely on crystalline silicon (c-Si) cell technology, however, wavelength selective, or spectral shifting PV technologies and diffusion coatings or H2 panels provide future opportunities. (2) AV systems can boost land use efficiency. (3) Shading of crops in AV systems can lead to crop losses but can also provide shelter and enhance crop yield or quality in select climates. (4) Site-specific AV system design is essential to guarantee profitable operation.",,,Хильхенбах,,"1,73","1,73",Открытый грунт,,,Клевер,,,,-45,,,5,"9,5",,,,,,,"194,4",,,80%,80%,,,,,,crop_farming,https://docs.google.com/spreadsheets/d/e/2PACX-1vSrhKbZjKkGqSytiGNDciKhx5LYm9bubt-WFqbuASR48nvkC8yEg16fZKnbRgXeMdNPSAVJbZlnw-Sc/pub?output=csv,33,,,,,,,,,,,,,,,,,,,,,,,,,,,,,,,,,,,,,,,,,,,,,,,,,,,,,,,,
10.1016/j.rser.2024.114515,A multidisciplinary view on agrivoltaics: Future of energy and agriculture,"The increasing global population amplifies the demand for food and energy. Meeting these demands should be a priority and aligned with the Sustainable Development Goals (SDGs). Photovoltaic (PV) systems are one of the key technologies for a sustainable energy transition. However, PV farms are space-intensive, conflicting with other land-uses such as agriculture. Agrivoltaics (AV) offers a dual-land-use solution by combining solar energy and crop cultivation. Some pioneering AV production systems have been implemented in practice. However, optimizing the PV technology and -array design as well as understanding the impact of PV panels on crop selection and performance remains challenging. Determining the best PV technology and minimizing shading's negative effects on crops can make or break an AV system. This multidisciplinary review combines the latest findings in AV research, PV array designs and module technologies. This review also compares the agronomic potential of various crops for AV and presents a meta-analysis of crop performance under varying shading conditions. Findings from this review indicate that (1) AV systems mainly rely on crystalline silicon (c-Si) cell technology, however, wavelength selective, or spectral shifting PV technologies and diffusion coatings or H2 panels provide future opportunities. (2) AV systems can boost land use efficiency. (3) Shading of crops in AV systems can lead to crop losses but can also provide shelter and enhance crop yield or quality in select climates. (4) Site-specific AV system design is essential to guarantee profitable operation.",,,Нидерланды,,"1,64","1,64",Открытый грунт,,,Малина,,,,0,,,,,,,,,,,,,,95%,95%,,,,,,crop_farming,https://docs.google.com/spreadsheets/d/e/2PACX-1vSrhKbZjKkGqSytiGNDciKhx5LYm9bubt-WFqbuASR48nvkC8yEg16fZKnbRgXeMdNPSAVJbZlnw-Sc/pub?output=csv,34,,,,,,,,,,,,,,,,,,,,,,,,,,,,,,,,,,,,,,,,,,,,,,,,,,,,,,,,
10.1016/j.heliyon.2023.e17824,A non-traditional Agrophotovoltaic installation and its impact on cereal crops: A case of the BRRI-33 rice variety in Bangladesh,"Traditional Agrophotovoltaic (APV) installation (i.e., basic row layout with minimum or no usage of the space underneath the solar PV panels) is responsible for a vast amount of agricultural land waste as no regular crops are grown under the shade of APV. Bangladesh is no exception to this trend. A primary in-person survey of about 50 solar irrigation pumps (SIPs), i.e., APVs, in Bangladesh, shows that on average, 13.77 decimal or 7,200 sq.ft. of land is used for each APV system installation. If 10,000 SIPs are installed by 2027 in Bangladesh, as targeted by the government through Infrastructure Development Company Limited (IDCOL) by employing the same procedure, the land wastage would be 1,652 acres. Notably, this is a critical issue for a country like Bangladesh with a scarcity of agricultural lands. According to World Bank data, agricultural land in Bangladesh was about 80% in 1989 and reduced to 76% in 2020 due to population growth and urbanization. Therefore, to reduce agricultural land waste a non-traditional APV installation procedure, along with its shading impact on the BRRI-33 rice variety (a major crop in Bangladesh), has been investigated in this study. The results show that discontinuous sunlight has an insignificant impact on BRRI-33 rice production, and APV might be installed in the cultivating area for irrigation purposes. This non-traditional APV installation has a statistically insignificant impact on rice yield. For instance, the 100 grains’ yield variation was between 1.45 and 4.82%, which is insignificant. Additionally, the APV shade does not negatively impact soil pH level, and shadow helps keep the soil temperature low and ensures less irrigation. Hence, the proposed non-traditional APV installation could achieve sustainable agriculture and energy development through efficient land use at least in the case of the BRRI-33 rice variety.",25.08.2022,16.02.2022,Магура,,,,Открытый грунт,Равномерное орошение,,Рис BRRI-33,,,,0,23,,4,,,,,,,,,,,102%,102%,,,,,Вместо реальных панелей использовался макет из бамбука и полиэтелена.,crop_farming,https://docs.google.com/spreadsheets/d/e/2PACX-1vSrhKbZjKkGqSytiGNDciKhx5LYm9bubt-WFqbuASR48nvkC8yEg16fZKnbRgXeMdNPSAVJbZlnw-Sc/pub?output=csv,35,,,,,,,,,,,,,,,,,,,,,,,,,,,,,,,,,,,,,,,,,,,,,,,,,,,,,,,,
10.3390/en12132589,A Photovoltaic Greenhouse with Variable Shading for the Optimization of Agricultural and Energy Production,"The cultivation of plants in greenhouses currently plays a role of primary importance in modern agriculture, both for the value obtained with the products made and because it favors the development of highly innovative technologies and production techniques. An intense research effort in the field of energy production from renewable sources has increasingly led to the development of greenhouses which are partially covered by photovoltaic elements. The purpose of this study is to present the potentiality of an innovative prototype photovoltaic greenhouse with variable shading to optimize energy production by photovoltaic panels and agricultural production. With this prototype, it is possible to vary the shading inside the greenhouse by panel rotation, in relation to the climatic conditions external to the greenhouse. An analysis was made for the solar radiation available during the year, for cases of completely clear sky and partial cloud, by considering the 15th day of each month. In this paper, the results show how the shading variation enabled regulation of the internal radiation, choosing the minimum value of necessary radiation, because the internal microclimatic parameters must be compatible with the needs of the plant species grown in the greenhouses.",,,Витербо,"9,13",,,Теплица,,,Томат,,,,0,78,,,,,,,700,1225,400,,,,,,,,,,,crop_farming,https://docs.google.com/spreadsheets/d/e/2PACX-1vSrhKbZjKkGqSytiGNDciKhx5LYm9bubt-WFqbuASR48nvkC8yEg16fZKnbRgXeMdNPSAVJbZlnw-Sc/pub?output=csv,36,,,,,,,,,,,,,,,,,,,,,,,,,,,,,,,,,,,,,,,,,,,,,,,,,,,,,,,,
10.3390/en12132589,A Photovoltaic Greenhouse with Variable Shading for the Optimization of Agricultural and Energy Production,"The cultivation of plants in greenhouses currently plays a role of primary importance in modern agriculture, both for the value obtained with the products made and because it favors the development of highly innovative technologies and production techniques. An intense research effort in the field of energy production from renewable sources has increasingly led to the development of greenhouses which are partially covered by photovoltaic elements. The purpose of this study is to present the potentiality of an innovative prototype photovoltaic greenhouse with variable shading to optimize energy production by photovoltaic panels and agricultural production. With this prototype, it is possible to vary the shading inside the greenhouse by panel rotation, in relation to the climatic conditions external to the greenhouse. An analysis was made for the solar radiation available during the year, for cases of completely clear sky and partial cloud, by considering the 15th day of each month. In this paper, the results show how the shading variation enabled regulation of the internal radiation, choosing the minimum value of necessary radiation, because the internal microclimatic parameters must be compatible with the needs of the plant species grown in the greenhouses.",,,Витербо,"9,13",,,Теплица,,,Салат-латук,,,,0,78,,,,,,,700,1225,400,,,,,,,,,,,crop_farming,https://docs.google.com/spreadsheets/d/e/2PACX-1vSrhKbZjKkGqSytiGNDciKhx5LYm9bubt-WFqbuASR48nvkC8yEg16fZKnbRgXeMdNPSAVJbZlnw-Sc/pub?output=csv,37,,,,,,,,,,,,,,,,,,,,,,,,,,,,,,,,,,,,,,,,,,,,,,,,,,,,,,,,
10.3390/en12132589,A Photovoltaic Greenhouse with Variable Shading for the Optimization of Agricultural and Energy Production,"The cultivation of plants in greenhouses currently plays a role of primary importance in modern agriculture, both for the value obtained with the products made and because it favors the development of highly innovative technologies and production techniques. An intense research effort in the field of energy production from renewable sources has increasingly led to the development of greenhouses which are partially covered by photovoltaic elements. The purpose of this study is to present the potentiality of an innovative prototype photovoltaic greenhouse with variable shading to optimize energy production by photovoltaic panels and agricultural production. With this prototype, it is possible to vary the shading inside the greenhouse by panel rotation, in relation to the climatic conditions external to the greenhouse. An analysis was made for the solar radiation available during the year, for cases of completely clear sky and partial cloud, by considering the 15th day of each month. In this paper, the results show how the shading variation enabled regulation of the internal radiation, choosing the minimum value of necessary radiation, because the internal microclimatic parameters must be compatible with the needs of the plant species grown in the greenhouses.",,,Витербо,"9,13",,,Теплица,,,Руккола,,,,0,78,,,,,,,700,1225,400,,,,,,,,,,,crop_farming,https://docs.google.com/spreadsheets/d/e/2PACX-1vSrhKbZjKkGqSytiGNDciKhx5LYm9bubt-WFqbuASR48nvkC8yEg16fZKnbRgXeMdNPSAVJbZlnw-Sc/pub?output=csv,38,,,,,,,,,,,,,,,,,,,,,,,,,,,,,,,,,,,,,,,,,,,,,,,,,,,,,,,,
10.3390/en12132589,A Photovoltaic Greenhouse with Variable Shading for the Optimization of Agricultural and Energy Production,"The cultivation of plants in greenhouses currently plays a role of primary importance in modern agriculture, both for the value obtained with the products made and because it favors the development of highly innovative technologies and production techniques. An intense research effort in the field of energy production from renewable sources has increasingly led to the development of greenhouses which are partially covered by photovoltaic elements. The purpose of this study is to present the potentiality of an innovative prototype photovoltaic greenhouse with variable shading to optimize energy production by photovoltaic panels and agricultural production. With this prototype, it is possible to vary the shading inside the greenhouse by panel rotation, in relation to the climatic conditions external to the greenhouse. An analysis was made for the solar radiation available during the year, for cases of completely clear sky and partial cloud, by considering the 15th day of each month. In this paper, the results show how the shading variation enabled regulation of the internal radiation, choosing the minimum value of necessary radiation, because the internal microclimatic parameters must be compatible with the needs of the plant species grown in the greenhouses.",,,Витербо,"9,13",,,Теплица,,,Лук-батун,,,,0,78,,,,,,,700,1225,400,,,,,,,,,,,crop_farming,https://docs.google.com/spreadsheets/d/e/2PACX-1vSrhKbZjKkGqSytiGNDciKhx5LYm9bubt-WFqbuASR48nvkC8yEg16fZKnbRgXeMdNPSAVJbZlnw-Sc/pub?output=csv,39,,,,,,,,,,,,,,,,,,,,,,,,,,,,,,,,,,,,,,,,,,,,,,,,,,,,,,,,
10.52825/agripv.v3i.1403,A Public-Private Partnership to Develop Agrivoltaics in the US Midwest,"The expansion of solar energy at a utility scale in the Midwest of the USA will include land currently being used for farming.  This development does not have to remove this land from agricultural use, if agrivoltaic practices are considered.  However, there is a lack of data and recommendations for how solar facilities can be used for agricultural purposes. To address this gap, Iowa State University (ISU) and Alliant Energy have entered into a public-private partnership to explore the agronomic, economic and social aspects of agrivoltaic practices. This partnership models future interactions between landowner and utility companies interested in siting solar farms on land currently used for agricultural purposes. In this presentation, we describe how this partnership was developed and led to the construction of a solar farm that can measure both the value of crop production and the impact of understory vegetation on energy production. Through a series of meetings with Alliant Energy representatives and faculty at ISU, a site design was implemented, officially titled the Alliant Energy Solar Farm at Iowa State University. We summarize preliminary results from our initial field season, noting how a common vegetable crop, summer squash, was produced and responded to the conditions at this solar farm.",01.09.2023,,Айова,40400,,,Открытый грунт,Равномерное орошение,Средняя,Кабачок,"0,61",,,,,,"1,52",,,,,,,,,,,,128%,,,,,"Документ является описанием начального этапа многолетнего исследовательского проекта, поэтому многие технические и итоговые данные (такие как выработка энергии, LER, PAR) еще не представлены или находятся в процессе сбора. Для получения некоторых отсутствующих данных (например, угла наклона фиксированных панелей, шага между панелями) может потребоваться обращение к авторам или дополнительным техническим отчетам.",crop_farming,https://docs.google.com/spreadsheets/d/e/2PACX-1vSrhKbZjKkGqSytiGNDciKhx5LYm9bubt-WFqbuASR48nvkC8yEg16fZKnbRgXeMdNPSAVJbZlnw-Sc/pub?output=csv,40,,,,,,,,,,,,,,,,,,,,,,,,,,,,,,,,,,,,,,,,,,,,,,,,,,,,,,,,
10.52825/agripv.v3i.1403,A Public-Private Partnership to Develop Agrivoltaics in the US Midwest,"The expansion of solar energy at a utility scale in the Midwest of the USA will include land currently being used for farming.  This development does not have to remove this land from agricultural use, if agrivoltaic practices are considered.  However, there is a lack of data and recommendations for how solar facilities can be used for agricultural purposes. To address this gap, Iowa State University (ISU) and Alliant Energy have entered into a public-private partnership to explore the agronomic, economic and social aspects of agrivoltaic practices. This partnership models future interactions between landowner and utility companies interested in siting solar farms on land currently used for agricultural purposes. In this presentation, we describe how this partnership was developed and led to the construction of a solar farm that can measure both the value of crop production and the impact of understory vegetation on energy production. Through a series of meetings with Alliant Energy representatives and faculty at ISU, a site design was implemented, officially titled the Alliant Energy Solar Farm at Iowa State University. We summarize preliminary results from our initial field season, noting how a common vegetable crop, summer squash, was produced and responded to the conditions at this solar farm.",01.09.2023,,Айова,40400,,,Открытый грунт,Равномерное орошение,Средняя,Кабачок,"0,61",,,,,,"2,44",,,,,,,,,,,,128%,,,,,"Документ является описанием начального этапа многолетнего исследовательского проекта, поэтому многие технические и итоговые данные (такие как выработка энергии, LER, PAR) еще не представлены или находятся в процессе сбора. Для получения некоторых отсутствующих данных (например, угла наклона фиксированных панелей, шага между панелями) может потребоваться обращение к авторам или дополнительным техническим отчетам.",crop_farming,https://docs.google.com/spreadsheets/d/e/2PACX-1vSrhKbZjKkGqSytiGNDciKhx5LYm9bubt-WFqbuASR48nvkC8yEg16fZKnbRgXeMdNPSAVJbZlnw-Sc/pub?output=csv,41,,,,,,,,,,,,,,,,,,,,,,,,,,,,,,,,,,,,,,,,,,,,,,,,,,,,,,,,
10.52825/agripv.v3i.1403,A Public-Private Partnership to Develop Agrivoltaics in the US Midwest,"The expansion of solar energy at a utility scale in the Midwest of the USA will include land currently being used for farming.  This development does not have to remove this land from agricultural use, if agrivoltaic practices are considered.  However, there is a lack of data and recommendations for how solar facilities can be used for agricultural purposes. To address this gap, Iowa State University (ISU) and Alliant Energy have entered into a public-private partnership to explore the agronomic, economic and social aspects of agrivoltaic practices. This partnership models future interactions between landowner and utility companies interested in siting solar farms on land currently used for agricultural purposes. In this presentation, we describe how this partnership was developed and led to the construction of a solar farm that can measure both the value of crop production and the impact of understory vegetation on energy production. Through a series of meetings with Alliant Energy representatives and faculty at ISU, a site design was implemented, officially titled the Alliant Energy Solar Farm at Iowa State University. We summarize preliminary results from our initial field season, noting how a common vegetable crop, summer squash, was produced and responded to the conditions at this solar farm.",01.09.2023,,Айова,40400,,,Открытый грунт,Равномерное орошение,Средняя,Кабачок,"0,61",,,,,,"0,762",,,,,,,,,,,,128%,,,,,"Документ является описанием начального этапа многолетнего исследовательского проекта, поэтому многие технические и итоговые данные (такие как выработка энергии, LER, PAR) еще не представлены или находятся в процессе сбора. Для получения некоторых отсутствующих данных (например, угла наклона фиксированных панелей, шага между панелями) может потребоваться обращение к авторам или дополнительным техническим отчетам.",crop_farming,https://docs.google.com/spreadsheets/d/e/2PACX-1vSrhKbZjKkGqSytiGNDciKhx5LYm9bubt-WFqbuASR48nvkC8yEg16fZKnbRgXeMdNPSAVJbZlnw-Sc/pub?output=csv,42,,,,,,,,,,,,,,,,,,,,,,,,,,,,,,,,,,,,,,,,,,,,,,,,,,,,,,,,
10.52825/agripv.v3i.1403,A Public-Private Partnership to Develop Agrivoltaics in the US Midwest,"The expansion of solar energy at a utility scale in the Midwest of the USA will include land currently being used for farming.  This development does not have to remove this land from agricultural use, if agrivoltaic practices are considered.  However, there is a lack of data and recommendations for how solar facilities can be used for agricultural purposes. To address this gap, Iowa State University (ISU) and Alliant Energy have entered into a public-private partnership to explore the agronomic, economic and social aspects of agrivoltaic practices. This partnership models future interactions between landowner and utility companies interested in siting solar farms on land currently used for agricultural purposes. In this presentation, we describe how this partnership was developed and led to the construction of a solar farm that can measure both the value of crop production and the impact of understory vegetation on energy production. Through a series of meetings with Alliant Energy representatives and faculty at ISU, a site design was implemented, officially titled the Alliant Energy Solar Farm at Iowa State University. We summarize preliminary results from our initial field season, noting how a common vegetable crop, summer squash, was produced and responded to the conditions at this solar farm.",01.09.2023,,Айова,40400,,,Открытый грунт,Равномерное орошение,Средняя,Кабачок,"0,61",,,,,,"1,68",,,,,,,,,,,,128%,,,,,"Документ является описанием начального этапа многолетнего исследовательского проекта, поэтому многие технические и итоговые данные (такие как выработка энергии, LER, PAR) еще не представлены или находятся в процессе сбора. Для получения некоторых отсутствующих данных (например, угла наклона фиксированных панелей, шага между панелями) может потребоваться обращение к авторам или дополнительным техническим отчетам.",crop_farming,https://docs.google.com/spreadsheets/d/e/2PACX-1vSrhKbZjKkGqSytiGNDciKhx5LYm9bubt-WFqbuASR48nvkC8yEg16fZKnbRgXeMdNPSAVJbZlnw-Sc/pub?output=csv,43,,,,,,,,,,,,,,,,,,,,,,,,,,,,,,,,,,,,,,,,,,,,,,,,,,,,,,,,
10.52825/agripv.v3i.1403,A Public-Private Partnership to Develop Agrivoltaics in the US Midwest,"The expansion of solar energy at a utility scale in the Midwest of the USA will include land currently being used for farming.  This development does not have to remove this land from agricultural use, if agrivoltaic practices are considered.  However, there is a lack of data and recommendations for how solar facilities can be used for agricultural purposes. To address this gap, Iowa State University (ISU) and Alliant Energy have entered into a public-private partnership to explore the agronomic, economic and social aspects of agrivoltaic practices. This partnership models future interactions between landowner and utility companies interested in siting solar farms on land currently used for agricultural purposes. In this presentation, we describe how this partnership was developed and led to the construction of a solar farm that can measure both the value of crop production and the impact of understory vegetation on energy production. Through a series of meetings with Alliant Energy representatives and faculty at ISU, a site design was implemented, officially titled the Alliant Energy Solar Farm at Iowa State University. We summarize preliminary results from our initial field season, noting how a common vegetable crop, summer squash, was produced and responded to the conditions at this solar farm.",01.09.2023,,Айова,40400,,,Открытый грунт,Равномерное орошение,Средняя,Брокколи,,,,,,,,,,,,,,,,,,,,,,,,"Документ является описанием начального этапа многолетнего исследовательского проекта, поэтому многие технические и итоговые данные (такие как выработка энергии, LER, PAR) еще не представлены или находятся в процессе сбора. Для получения некоторых отсутствующих данных (например, угла наклона фиксированных панелей, шага между панелями) может потребоваться обращение к авторам или дополнительным техническим отчетам.",crop_farming,https://docs.google.com/spreadsheets/d/e/2PACX-1vSrhKbZjKkGqSytiGNDciKhx5LYm9bubt-WFqbuASR48nvkC8yEg16fZKnbRgXeMdNPSAVJbZlnw-Sc/pub?output=csv,44,,,,,,,,,,,,,,,,,,,,,,,,,,,,,,,,,,,,,,,,,,,,,,,,,,,,,,,,
10.52825/agripv.v3i.1403,A Public-Private Partnership to Develop Agrivoltaics in the US Midwest,"The expansion of solar energy at a utility scale in the Midwest of the USA will include land currently being used for farming.  This development does not have to remove this land from agricultural use, if agrivoltaic practices are considered.  However, there is a lack of data and recommendations for how solar facilities can be used for agricultural purposes. To address this gap, Iowa State University (ISU) and Alliant Energy have entered into a public-private partnership to explore the agronomic, economic and social aspects of agrivoltaic practices. This partnership models future interactions between landowner and utility companies interested in siting solar farms on land currently used for agricultural purposes. In this presentation, we describe how this partnership was developed and led to the construction of a solar farm that can measure both the value of crop production and the impact of understory vegetation on energy production. Through a series of meetings with Alliant Energy representatives and faculty at ISU, a site design was implemented, officially titled the Alliant Energy Solar Farm at Iowa State University. We summarize preliminary results from our initial field season, noting how a common vegetable crop, summer squash, was produced and responded to the conditions at this solar farm.",01.09.2023,,Айова,40400,,,Открытый грунт,Равномерное орошение,Средняя,Сладкий перец,,,,,,,,,,,,,,,,,,,,,,,,"Документ является описанием начального этапа многолетнего исследовательского проекта, поэтому многие технические и итоговые данные (такие как выработка энергии, LER, PAR) еще не представлены или находятся в процессе сбора. Для получения некоторых отсутствующих данных (например, угла наклона фиксированных панелей, шага между панелями) может потребоваться обращение к авторам или дополнительным техническим отчетам.",crop_farming,https://docs.google.com/spreadsheets/d/e/2PACX-1vSrhKbZjKkGqSytiGNDciKhx5LYm9bubt-WFqbuASR48nvkC8yEg16fZKnbRgXeMdNPSAVJbZlnw-Sc/pub?output=csv,45,,,,,,,,,,,,,,,,,,,,,,,,,,,,,,,,,,,,,,,,,,,,,,,,,,,,,,,,
10.52825/agripv.v3i.1403,A Public-Private Partnership to Develop Agrivoltaics in the US Midwest,"The expansion of solar energy at a utility scale in the Midwest of the USA will include land currently being used for farming.  This development does not have to remove this land from agricultural use, if agrivoltaic practices are considered.  However, there is a lack of data and recommendations for how solar facilities can be used for agricultural purposes. To address this gap, Iowa State University (ISU) and Alliant Energy have entered into a public-private partnership to explore the agronomic, economic and social aspects of agrivoltaic practices. This partnership models future interactions between landowner and utility companies interested in siting solar farms on land currently used for agricultural purposes. In this presentation, we describe how this partnership was developed and led to the construction of a solar farm that can measure both the value of crop production and the impact of understory vegetation on energy production. Through a series of meetings with Alliant Energy representatives and faculty at ISU, a site design was implemented, officially titled the Alliant Energy Solar Farm at Iowa State University. We summarize preliminary results from our initial field season, noting how a common vegetable crop, summer squash, was produced and responded to the conditions at this solar farm.",01.09.2023,,Айова,40400,,,Открытый грунт,Равномерное орошение,Средняя,Малина без шипов,,,,,,,,,,,,,,,,,,,,,,,,"Документ является описанием начального этапа многолетнего исследовательского проекта, поэтому многие технические и итоговые данные (такие как выработка энергии, LER, PAR) еще не представлены или находятся в процессе сбора. Для получения некоторых отсутствующих данных (например, угла наклона фиксированных панелей, шага между панелями) может потребоваться обращение к авторам или дополнительным техническим отчетам.",crop_farming,https://docs.google.com/spreadsheets/d/e/2PACX-1vSrhKbZjKkGqSytiGNDciKhx5LYm9bubt-WFqbuASR48nvkC8yEg16fZKnbRgXeMdNPSAVJbZlnw-Sc/pub?output=csv,46,,,,,,,,,,,,,,,,,,,,,,,,,,,,,,,,,,,,,,,,,,,,,,,,,,,,,,,,
10.52825/agripv.v3i.1403,A Public-Private Partnership to Develop Agrivoltaics in the US Midwest,"The expansion of solar energy at a utility scale in the Midwest of the USA will include land currently being used for farming.  This development does not have to remove this land from agricultural use, if agrivoltaic practices are considered.  However, there is a lack of data and recommendations for how solar facilities can be used for agricultural purposes. To address this gap, Iowa State University (ISU) and Alliant Energy have entered into a public-private partnership to explore the agronomic, economic and social aspects of agrivoltaic practices. This partnership models future interactions between landowner and utility companies interested in siting solar farms on land currently used for agricultural purposes. In this presentation, we describe how this partnership was developed and led to the construction of a solar farm that can measure both the value of crop production and the impact of understory vegetation on energy production. Through a series of meetings with Alliant Energy representatives and faculty at ISU, a site design was implemented, officially titled the Alliant Energy Solar Farm at Iowa State University. We summarize preliminary results from our initial field season, noting how a common vegetable crop, summer squash, was produced and responded to the conditions at this solar farm.",01.09.2023,,Айова,40400,,,Открытый грунт,Равномерное орошение,Средняя,Нейтрально-дневная клубника,,,,,,,,,,,,,,,,,,,,,,,,"Документ является описанием начального этапа многолетнего исследовательского проекта, поэтому многие технические и итоговые данные (такие как выработка энергии, LER, PAR) еще не представлены или находятся в процессе сбора. Для получения некоторых отсутствующих данных (например, угла наклона фиксированных панелей, шага между панелями) может потребоваться обращение к авторам или дополнительным техническим отчетам.",crop_farming,https://docs.google.com/spreadsheets/d/e/2PACX-1vSrhKbZjKkGqSytiGNDciKhx5LYm9bubt-WFqbuASR48nvkC8yEg16fZKnbRgXeMdNPSAVJbZlnw-Sc/pub?output=csv,47,,,,,,,,,,,,,,,,,,,,,,,,,,,,,,,,,,,,,,,,,,,,,,,,,,,,,,,,
10.52825/agripv.v3i.1403,A Public-Private Partnership to Develop Agrivoltaics in the US Midwest,"The expansion of solar energy at a utility scale in the Midwest of the USA will include land currently being used for farming.  This development does not have to remove this land from agricultural use, if agrivoltaic practices are considered.  However, there is a lack of data and recommendations for how solar facilities can be used for agricultural purposes. To address this gap, Iowa State University (ISU) and Alliant Energy have entered into a public-private partnership to explore the agronomic, economic and social aspects of agrivoltaic practices. This partnership models future interactions between landowner and utility companies interested in siting solar farms on land currently used for agricultural purposes. In this presentation, we describe how this partnership was developed and led to the construction of a solar farm that can measure both the value of crop production and the impact of understory vegetation on energy production. Through a series of meetings with Alliant Energy representatives and faculty at ISU, a site design was implemented, officially titled the Alliant Energy Solar Farm at Iowa State University. We summarize preliminary results from our initial field season, noting how a common vegetable crop, summer squash, was produced and responded to the conditions at this solar farm.",01.09.2023,,Айова,40400,,,Открытый грунт,Равномерное орошение,Средняя,Смеси трав и медоносных растений,,,,,,,,,,,,,,,,,,,,,,,,"Документ является описанием начального этапа многолетнего исследовательского проекта, поэтому многие технические и итоговые данные (такие как выработка энергии, LER, PAR) еще не представлены или находятся в процессе сбора. Для получения некоторых отсутствующих данных (например, угла наклона фиксированных панелей, шага между панелями) может потребоваться обращение к авторам или дополнительным техническим отчетам.",crop_farming,https://docs.google.com/spreadsheets/d/e/2PACX-1vSrhKbZjKkGqSytiGNDciKhx5LYm9bubt-WFqbuASR48nvkC8yEg16fZKnbRgXeMdNPSAVJbZlnw-Sc/pub?output=csv,48,,,,,,,,,,,,,,,,,,,,,,,,,,,,,,,,,,,,,,,,,,,,,,,,,,,,,,,,
10.52825/agripv.v3i.1356,A Study of Agrivoltaics Peanut Production With Single-Axis Tracking Systems,"This study investigates the application of single-axis solar tracking systems in peanut production, a crucial crop for global food security and economic sustainability. The experiment was conducted at the FIT Solar Laboratory in Sorocaba, Brazil, from May to September 2023. Peanut plants were cultivated under two conditions: an Agrivoltaic system with bifacial solar modules with a single axis tracking system, and in a conventional agricultural setup. Key findings indicate that peanut biomass yield under Agrivoltaic systems was 17.02% lower than in traditional agricultural systems, primarily due to shading effects inherent to the dual-use configuration. Despite this reduction, the morpho-physiological parameters of peanut plants, including plant height (31.2 ± 1.5 cm), stem diameter (5.3 ± 0.3 mm), stomatal conductivity (0.24 ± 0.02 mol/m²·s), and chlorophyll index (34.6 ± 2.1 SPAD units), remained stable under the Agrivoltaic system, demonstrating the adaptability of peanut plants to lower light conditions. Photosynthetically active radiation (PAR) measurements varied significantly depending on the position under the trackers, with values ranging from 150 to 1,200 µmol/m²·s, reflecting the heterogeneity of light distribution. The Agrivoltaic system achieved an energy production of 2,354.82 kWh/kWp, reflecting a minimal deviation of 4.36% compared to the PV-only control system, which recorded 2,462.26 kWh/kWp. The Energy Performance Index (EPI) for the Agrivoltaic system was calculated at 0.96, demonstrating its efficiency in converting available solar energy under real-world conditions. This performance aligns with industry standards, underscoring the efficiency of single axis tracking systems in balancing agricultural and energy outputs.",22.05.2023,15.09.2023,Сорокаба,500,"0,3147","0,3147",Открытый грунт,Равномерное орошение,,Арахис IAC-385,,,CS3W-385PB-AG,0,,,"1,5","6,1",,,,,,,,,"2354,82","76,45%","76,45%",,,,,,crop_farming,https://docs.google.com/spreadsheets/d/e/2PACX-1vSrhKbZjKkGqSytiGNDciKhx5LYm9bubt-WFqbuASR48nvkC8yEg16fZKnbRgXeMdNPSAVJbZlnw-Sc/pub?output=csv,49,,,,,,,,,,,,,,,,,,,,,,,,,,,,,,,,,,,,,,,,,,,,,,,,,,,,,,,,
10.52825/agripv.v1i.632,Agri-Horti-PV Research System in North Rhine-Westphalia Including PV Trackers and Integrated Rainwater Harvesting,"We present a new Agri-Horti-PV system installed at the end of 2021 in the brown coal area of North Rhine-Westphalia near Jülich, Germany. The system contains different PV installations: Standard south oriented PV modules with a rainwater harvesting set up and east-west tracker modules, of which one is equipped with a rainwater harvesting setup. For the investigation of plant growth under the PV panels and on the reference areas without PV installations a novel rail system allowing for automatic camera movement is integrated in the Agri-Horti-PV park. Using the camera setup plant growth measurements with high spatio-temporal resolution will be possible. The scientific investigations of crop growth and the influence of variable shading conditions controlled by the tracking system started in the growth season of 2022. Here we present the technical details of the system as well as first results of an experiment carried out with faba beans, assessing impact of the Horti-PV system on growth dynamics and leaf morphology.",,,Юлих,1000,,,Открытый грунт,Неравномерное орошение,,Конские бобы Tiffany,,,,0,20,,"4,3",4,,,,,,,295,,,,,,,,,"Включает участки с различными покрытиями между панелями (противоградовая сетка, стеклянная крыша) для изучения управления водными ресурсами. Один участок полностью открыт для дождя. Сбор дождевой воды: интегрированная система для сбора и использования дождевой воды. Алгоритмы слежения с двойной целью: разрабатываются специальные алгоритмы для управления трекерами, которые балансируют между максимизацией производства электроэнергии и оптимизацией условий для роста сельскохозяйственных культур. Автоматизированная система фенотипирования: уникальная рельсовая система с камерами и датчиками для автоматического высокочастотного мониторинга роста растений с высоким пространственным разрешением. Комбинация агро- и хорти-ФЭП: платформа позволяет изучать как низкие (овощные), так и высокие (полевые) культуры на одной площадке. Скорость ежедневного роста растений в системе была ниже, чем на контрольном участке. Рост в зоне ""APV-closed"" (под панелями) значительно замедлился после 49 дней после посева, предположительно из-за нехватки воды и света. Морфология листьев (Specific Leaf Area - SLA): У растений под ФЭП (""APV-open"" и ""APV-closed"") удельная площадь листа (SLA) была выше, чем у контрольных растений. Более высокий SLA обычно указывает на адаптацию к условиям затенения.",crop_farming,https://docs.google.com/spreadsheets/d/e/2PACX-1vSrhKbZjKkGqSytiGNDciKhx5LYm9bubt-WFqbuASR48nvkC8yEg16fZKnbRgXeMdNPSAVJbZlnw-Sc/pub?output=csv,50,,,,,,,,,,,,,,,,,,,,,,,,,,,,,,,,,,,,,,,,,,,,,,,,,,,,,,,,
10.52825/agripv.v1i.632,Agri-Horti-PV Research System in North Rhine-Westphalia Including PV Trackers and Integrated Rainwater Harvesting,"We present a new Agri-Horti-PV system installed at the end of 2021 in the brown coal area of North Rhine-Westphalia near Jülich, Germany. The system contains different PV installations: Standard south oriented PV modules with a rainwater harvesting set up and east-west tracker modules, of which one is equipped with a rainwater harvesting setup. For the investigation of plant growth under the PV panels and on the reference areas without PV installations a novel rail system allowing for automatic camera movement is integrated in the Agri-Horti-PV park. Using the camera setup plant growth measurements with high spatio-temporal resolution will be possible. The scientific investigations of crop growth and the influence of variable shading conditions controlled by the tracking system started in the growth season of 2022. Here we present the technical details of the system as well as first results of an experiment carried out with faba beans, assessing impact of the Horti-PV system on growth dynamics and leaf morphology.",,,Юлих,1000,"0,33","0,33",Открытый грунт,Неравномерное орошение,,Конские бобы Tiffany,,,,,,,"5,75",11,,,,,,,295,,,,,,,,,"Трекер A (с сбором дождевой воды): модули установлены под углом друг к другу, образуя V-образную форму для сбора воды в желоб. Трекер B (традиционный): модули установлены плоско. Сбор дождевой воды: интегрированная система для сбора и использования дождевой воды. Алгоритмы слежения с двойной целью: разрабатываются специальные алгоритмы для управления трекерами, которые балансируют между максимизацией производства электроэнергии и оптимизацией условий для роста сельскохозяйственных культур. Автоматизированная система фенотипирования: уникальная рельсовая система с камерами и датчиками для автоматического высокочастотного мониторинга роста растений с высоким пространственным разрешением. Комбинация агро- и хорти-ФЭП: платформа позволяет изучать как низкие (овощные), так и высокие (полевые) культуры на одной площадке. Скорость ежедневного роста растений в системе была ниже, чем на контрольном участке. Рост в зоне ""APV-closed"" (под панелями) значительно замедлился после 49 дней после посева, предположительно из-за нехватки воды и света. Морфология листьев (Specific Leaf Area - SLA): У растений под ФЭП (""APV-open"" и ""APV-closed"") удельная площадь листа (SLA) была выше, чем у контрольных растений. Более высокий SLA обычно указывает на адаптацию к условиям затенения.",crop_farming,https://docs.google.com/spreadsheets/d/e/2PACX-1vSrhKbZjKkGqSytiGNDciKhx5LYm9bubt-WFqbuASR48nvkC8yEg16fZKnbRgXeMdNPSAVJbZlnw-Sc/pub?output=csv,51,,,,,,,,,,,,,,,,,,,,,,,,,,,,,,,,,,,,,,,,,,,,,,,,,,,,,,,,
10.52825/agripv.v1i.607,"Agrivoltaic in a Semi-Aride Climate: Co-Existence of Agricultural Activities in Utility-Scale Plants of EGP for Multiple and Sustainable Land Use: A Case Study of Pepper, Aloe Vera and Thyme","The benefits deriving from the coexistence of energy production from a photovoltaic plant and crops growth on the same land have been investigated in Enel Green Power photovoltaic plant of Totana, in the semi-arid region of Murcia, in Spain. In this area, scarcity of water resources and high temperatures can have a major impact on production and agrivoltaic can be relevant for the potential benefits of shading on crops. Pepper “Bola”, aloe vera and thyme have been selected for their economic importance and adaptation to the conditions of the area. The results reported are related to the testing areas in the corridors between two modules rows and to the control area. For pepper, an increase of more than 60% in the agricultural yield and in fresh mean weight and of more than 30% for the fruits number have been observed in the corridors, with respect to the control area. For aloe and thyme in the corridor zone a higher plant biomass (more than 30% and 20%, respectively) has been recorded, compared to the control area. An increase of 11% in weight of the fresh biomass has also been detected for thyme in the corridor after about one year from the implementation. The results obtained in the first year have shown that the intermittent shade and microclimate generated by the photovoltaic panels in the corridor area could benefit pepper, aloe vera and thyme cultivation. These trials will continue in next crop cycles, to confirm the preliminary results.",31.03.2021,31.05.2022,Totana,45000,,,Открытый грунт,Равномерное орошение,Средняя,Перец Bola,,,,,,,,"5,5",,,"5,7",,,,,,,160%,160%,,,,,,crop_farming,https://docs.google.com/spreadsheets/d/e/2PACX-1vSrhKbZjKkGqSytiGNDciKhx5LYm9bubt-WFqbuASR48nvkC8yEg16fZKnbRgXeMdNPSAVJbZlnw-Sc/pub?output=csv,52,,,,,,,,,,,,,,,,,,,,,,,,,,,,,,,,,,,,,,,,,,,,,,,,,,,,,,,,
10.52825/agripv.v1i.607,"Agrivoltaic in a Semi-Aride Climate: Co-Existence of Agricultural Activities in Utility-Scale Plants of EGP for Multiple and Sustainable Land Use: A Case Study of Pepper, Aloe Vera and Thyme","The benefits deriving from the coexistence of energy production from a photovoltaic plant and crops growth on the same land have been investigated in Enel Green Power photovoltaic plant of Totana, in the semi-arid region of Murcia, in Spain. In this area, scarcity of water resources and high temperatures can have a major impact on production and agrivoltaic can be relevant for the potential benefits of shading on crops. Pepper “Bola”, aloe vera and thyme have been selected for their economic importance and adaptation to the conditions of the area. The results reported are related to the testing areas in the corridors between two modules rows and to the control area. For pepper, an increase of more than 60% in the agricultural yield and in fresh mean weight and of more than 30% for the fruits number have been observed in the corridors, with respect to the control area. For aloe and thyme in the corridor zone a higher plant biomass (more than 30% and 20%, respectively) has been recorded, compared to the control area. An increase of 11% in weight of the fresh biomass has also been detected for thyme in the corridor after about one year from the implementation. The results obtained in the first year have shown that the intermittent shade and microclimate generated by the photovoltaic panels in the corridor area could benefit pepper, aloe vera and thyme cultivation. These trials will continue in next crop cycles, to confirm the preliminary results.",31.03.2021,31.05.2022,Totana,45000,,,Открытый грунт,Равномерное орошение,Средняя,Алоэ вера,,,,,,,,"5,5",,,"5,7",,,,,,,130%,130%,,,,,,crop_farming,https://docs.google.com/spreadsheets/d/e/2PACX-1vSrhKbZjKkGqSytiGNDciKhx5LYm9bubt-WFqbuASR48nvkC8yEg16fZKnbRgXeMdNPSAVJbZlnw-Sc/pub?output=csv,53,,,,,,,,,,,,,,,,,,,,,,,,,,,,,,,,,,,,,,,,,,,,,,,,,,,,,,,,
10.52825/agripv.v1i.607,"Agrivoltaic in a Semi-Aride Climate: Co-Existence of Agricultural Activities in Utility-Scale Plants of EGP for Multiple and Sustainable Land Use: A Case Study of Pepper, Aloe Vera and Thyme","The benefits deriving from the coexistence of energy production from a photovoltaic plant and crops growth on the same land have been investigated in Enel Green Power photovoltaic plant of Totana, in the semi-arid region of Murcia, in Spain. In this area, scarcity of water resources and high temperatures can have a major impact on production and agrivoltaic can be relevant for the potential benefits of shading on crops. Pepper “Bola”, aloe vera and thyme have been selected for their economic importance and adaptation to the conditions of the area. The results reported are related to the testing areas in the corridors between two modules rows and to the control area. For pepper, an increase of more than 60% in the agricultural yield and in fresh mean weight and of more than 30% for the fruits number have been observed in the corridors, with respect to the control area. For aloe and thyme in the corridor zone a higher plant biomass (more than 30% and 20%, respectively) has been recorded, compared to the control area. An increase of 11% in weight of the fresh biomass has also been detected for thyme in the corridor after about one year from the implementation. The results obtained in the first year have shown that the intermittent shade and microclimate generated by the photovoltaic panels in the corridor area could benefit pepper, aloe vera and thyme cultivation. These trials will continue in next crop cycles, to confirm the preliminary results.",31.03.2021,31.05.2022,Totana,45000,,,Открытый грунт,Равномерное орошение,Средняя,Тимьян,,,,,,,,"5,5",,,"5,7",,,,,,,111%,120%,,,,,,crop_farming,https://docs.google.com/spreadsheets/d/e/2PACX-1vSrhKbZjKkGqSytiGNDciKhx5LYm9bubt-WFqbuASR48nvkC8yEg16fZKnbRgXeMdNPSAVJbZlnw-Sc/pub?output=csv,54,,,,,,,,,,,,,,,,,,,,,,,,,,,,,,,,,,,,,,,,,,,,,,,,,,,,,,,,
10.1016/j.seta.2017.08.004,Agrivoltaic potential on grape farms in India,"Aggressive growth of land-based solar photovoltaic (PV) farms can create a land use conflict with agricultural production. Fortunately, this issue can be resolved using the concept of agrivoltaics, which is co-development of land area for both solar PV and agriculture. To investigate and quantify PV generation potential, without significantly harming agriculture output, this study explores the viability of agrivoltaic farms deployment on existing grape farms in India. Considering the shade tolerance of grapes, an techno-economicanalysis is run for the installation of PV systems in the area available between the trellises on a grape farm. The electrical energy generation potential is determined per unit area and economic benefits for the cultivators is quantified over a number of design options. The results show the economic value of the grape farms deploying the proposed agrivoltaic systems may increase more than 15 times as compared to conventional farming, while maintaining approximately the same grape production. If this dual use of land is implemented nationwide, it can make a significant impact by generating over 16,000 GWh electricity, which has the potential of meeting the energy demands of more than 15 million people. In addition, grape-based agrivoltaics can be implemented in rural areas to enable village electrification.",,,Насик,4046,"0,26","0,26",Открытый грунт,Равномерное орошение,,Виноград,"1,8",,TSM-310-PD14,0,21,,,"1,8",,,"5,5",,,"41,68067227","168,64",259826,"1540,713947",100%,100%,,,,,,crop_farming,https://docs.google.com/spreadsheets/d/e/2PACX-1vSrhKbZjKkGqSytiGNDciKhx5LYm9bubt-WFqbuASR48nvkC8yEg16fZKnbRgXeMdNPSAVJbZlnw-Sc/pub?output=csv,55,,,,,,,,,,,,,,,,,,,,,,,,,,,,,,,,,,,,,,,,,,,,,,,,,,,,,,,,
10.1016/j.apenergy.2023.121130,Agrivoltaic system designing for sustainability and smart farming: Agronomic aspects and design criteria with safety assessment,"An agrivoltaic system (AVS) offers a potential strategy for meeting global demands for renewable energy and sustainability by integrating photovoltaics and agriculture. Many empirical studies have installed facilities and cultivated actual crops, revealing that AVSs improve land use efficiency. However, it is rare for actual end-users and farmsteads to adopt AVSs owing to a lack of standardised models and design criteria. In this study, we conducted a comprehensive AVS design considering agronomic aspects and structural safety along with an analysis of design criteria to promote the dissemination of AVSs. Based on the photovoltaic module arrangement and adjusting installation conditions, various design types were considered to reflect on-site conditions and user preferences. In addition, safety standards for disaster resistance and trade-offs among shading ratio, power generation capacity, and quantity of structural members were analysed. The safety assessment results demonstrated that the column of the AVS structure was vulnerable to wind loads, and the safety standards varied according to the adjusted column spacing. The narrower the column design, the more advantageous the safety and power generation and the more disadvantageous the crop cultivation environment and installation cost. The sequentially mounted type allowed relatively less solar radiation to reach the crop and generated more solar energy. When the modules were mounted at a distance, the structural safety was slightly reduced; however, more solar radiation and economic feasibility were secured. These results will support decision-making regarding AVS designs, help in identifying the sensitivity of crops to shading, and be utilised for the establishment of a standardised AVS model to promote dissemination.",,,Южная Корея,10000,"1,35","1,35",Открытый грунт,,,Салат-латук,"1,05",,,0,30,0,"3,8",4,"49,4%",,,,,"100,98","1009,8",,,80%,80%,,,,,,crop_farming,https://docs.google.com/spreadsheets/d/e/2PACX-1vSrhKbZjKkGqSytiGNDciKhx5LYm9bubt-WFqbuASR48nvkC8yEg16fZKnbRgXeMdNPSAVJbZlnw-Sc/pub?output=csv,56,,,,,,,,,,,,,,,,,,,,,,,,,,,,,,,,,,,,,,,,,,,,,,,,,,,,,,,,
10.1016/j.apenergy.2023.121130,Agrivoltaic system designing for sustainability and smart farming: Agronomic aspects and design criteria with safety assessment,"An agrivoltaic system (AVS) offers a potential strategy for meeting global demands for renewable energy and sustainability by integrating photovoltaics and agriculture. Many empirical studies have installed facilities and cultivated actual crops, revealing that AVSs improve land use efficiency. However, it is rare for actual end-users and farmsteads to adopt AVSs owing to a lack of standardised models and design criteria. In this study, we conducted a comprehensive AVS design considering agronomic aspects and structural safety along with an analysis of design criteria to promote the dissemination of AVSs. Based on the photovoltaic module arrangement and adjusting installation conditions, various design types were considered to reflect on-site conditions and user preferences. In addition, safety standards for disaster resistance and trade-offs among shading ratio, power generation capacity, and quantity of structural members were analysed. The safety assessment results demonstrated that the column of the AVS structure was vulnerable to wind loads, and the safety standards varied according to the adjusted column spacing. The narrower the column design, the more advantageous the safety and power generation and the more disadvantageous the crop cultivation environment and installation cost. The sequentially mounted type allowed relatively less solar radiation to reach the crop and generated more solar energy. When the modules were mounted at a distance, the structural safety was slightly reduced; however, more solar radiation and economic feasibility were secured. These results will support decision-making regarding AVS designs, help in identifying the sensitivity of crops to shading, and be utilised for the establishment of a standardised AVS model to promote dissemination.",,,Южная Корея,10000,"1,35","1,35",Открытый грунт,,,Салат-латук,"2,75",,,0,30,"0,09","3,8",4,"61,9%",,,,,"84,04","840,4",,,80%,80%,,,,,,crop_farming,https://docs.google.com/spreadsheets/d/e/2PACX-1vSrhKbZjKkGqSytiGNDciKhx5LYm9bubt-WFqbuASR48nvkC8yEg16fZKnbRgXeMdNPSAVJbZlnw-Sc/pub?output=csv,57,,,,,,,,,,,,,,,,,,,,,,,,,,,,,,,,,,,,,,,,,,,,,,,,,,,,,,,,
10.1016/j.apenergy.2023.121130,Agrivoltaic system designing for sustainability and smart farming: Agronomic aspects and design criteria with safety assessment,"An agrivoltaic system (AVS) offers a potential strategy for meeting global demands for renewable energy and sustainability by integrating photovoltaics and agriculture. Many empirical studies have installed facilities and cultivated actual crops, revealing that AVSs improve land use efficiency. However, it is rare for actual end-users and farmsteads to adopt AVSs owing to a lack of standardised models and design criteria. In this study, we conducted a comprehensive AVS design considering agronomic aspects and structural safety along with an analysis of design criteria to promote the dissemination of AVSs. Based on the photovoltaic module arrangement and adjusting installation conditions, various design types were considered to reflect on-site conditions and user preferences. In addition, safety standards for disaster resistance and trade-offs among shading ratio, power generation capacity, and quantity of structural members were analysed. The safety assessment results demonstrated that the column of the AVS structure was vulnerable to wind loads, and the safety standards varied according to the adjusted column spacing. The narrower the column design, the more advantageous the safety and power generation and the more disadvantageous the crop cultivation environment and installation cost. The sequentially mounted type allowed relatively less solar radiation to reach the crop and generated more solar energy. When the modules were mounted at a distance, the structural safety was slightly reduced; however, more solar radiation and economic feasibility were secured. These results will support decision-making regarding AVS designs, help in identifying the sensitivity of crops to shading, and be utilised for the establishment of a standardised AVS model to promote dissemination.",,,Южная Корея,10000,"1,35","1,35",Открытый грунт,,,Виноград,"1,05",,,0,30,0,"3,8",4,"49,4%",,,,,"100,98","1009,8",,,80%,80%,,,,,,crop_farming,https://docs.google.com/spreadsheets/d/e/2PACX-1vSrhKbZjKkGqSytiGNDciKhx5LYm9bubt-WFqbuASR48nvkC8yEg16fZKnbRgXeMdNPSAVJbZlnw-Sc/pub?output=csv,58,,,,,,,,,,,,,,,,,,,,,,,,,,,,,,,,,,,,,,,,,,,,,,,,,,,,,,,,
10.1016/j.apenergy.2023.121130,Agrivoltaic system designing for sustainability and smart farming: Agronomic aspects and design criteria with safety assessment,"An agrivoltaic system (AVS) offers a potential strategy for meeting global demands for renewable energy and sustainability by integrating photovoltaics and agriculture. Many empirical studies have installed facilities and cultivated actual crops, revealing that AVSs improve land use efficiency. However, it is rare for actual end-users and farmsteads to adopt AVSs owing to a lack of standardised models and design criteria. In this study, we conducted a comprehensive AVS design considering agronomic aspects and structural safety along with an analysis of design criteria to promote the dissemination of AVSs. Based on the photovoltaic module arrangement and adjusting installation conditions, various design types were considered to reflect on-site conditions and user preferences. In addition, safety standards for disaster resistance and trade-offs among shading ratio, power generation capacity, and quantity of structural members were analysed. The safety assessment results demonstrated that the column of the AVS structure was vulnerable to wind loads, and the safety standards varied according to the adjusted column spacing. The narrower the column design, the more advantageous the safety and power generation and the more disadvantageous the crop cultivation environment and installation cost. The sequentially mounted type allowed relatively less solar radiation to reach the crop and generated more solar energy. When the modules were mounted at a distance, the structural safety was slightly reduced; however, more solar radiation and economic feasibility were secured. These results will support decision-making regarding AVS designs, help in identifying the sensitivity of crops to shading, and be utilised for the establishment of a standardised AVS model to promote dissemination.",,,Южная Корея,10000,"1,35","1,35",Открытый грунт,,,Виноград,"2,75",,,0,30,"0,09","3,8",4,"61,9%",,,,,"84,04","840,4",,,80%,80%,,,,,,crop_farming,https://docs.google.com/spreadsheets/d/e/2PACX-1vSrhKbZjKkGqSytiGNDciKhx5LYm9bubt-WFqbuASR48nvkC8yEg16fZKnbRgXeMdNPSAVJbZlnw-Sc/pub?output=csv,59,,,,,,,,,,,,,,,,,,,,,,,,,,,,,,,,,,,,,,,,,,,,,,,,,,,,,,,,
10.1016/j.apenergy.2023.121130,Agrivoltaic system designing for sustainability and smart farming: Agronomic aspects and design criteria with safety assessment,"An agrivoltaic system (AVS) offers a potential strategy for meeting global demands for renewable energy and sustainability by integrating photovoltaics and agriculture. Many empirical studies have installed facilities and cultivated actual crops, revealing that AVSs improve land use efficiency. However, it is rare for actual end-users and farmsteads to adopt AVSs owing to a lack of standardised models and design criteria. In this study, we conducted a comprehensive AVS design considering agronomic aspects and structural safety along with an analysis of design criteria to promote the dissemination of AVSs. Based on the photovoltaic module arrangement and adjusting installation conditions, various design types were considered to reflect on-site conditions and user preferences. In addition, safety standards for disaster resistance and trade-offs among shading ratio, power generation capacity, and quantity of structural members were analysed. The safety assessment results demonstrated that the column of the AVS structure was vulnerable to wind loads, and the safety standards varied according to the adjusted column spacing. The narrower the column design, the more advantageous the safety and power generation and the more disadvantageous the crop cultivation environment and installation cost. The sequentially mounted type allowed relatively less solar radiation to reach the crop and generated more solar energy. When the modules were mounted at a distance, the structural safety was slightly reduced; however, more solar radiation and economic feasibility were secured. These results will support decision-making regarding AVS designs, help in identifying the sensitivity of crops to shading, and be utilised for the establishment of a standardised AVS model to promote dissemination.",,,Южная Корея,10000,"1,35","1,35",Открытый грунт,,,Салат-латук,"1,05",,,0,30,0,"3,8","4,5","54,725%",,,,,"92,565","925,65",,,80%,80%,,,,,,crop_farming,https://docs.google.com/spreadsheets/d/e/2PACX-1vSrhKbZjKkGqSytiGNDciKhx5LYm9bubt-WFqbuASR48nvkC8yEg16fZKnbRgXeMdNPSAVJbZlnw-Sc/pub?output=csv,60,,,,,,,,,,,,,,,,,,,,,,,,,,,,,,,,,,,,,,,,,,,,,,,,,,,,,,,,
10.1016/j.apenergy.2023.121130,Agrivoltaic system designing for sustainability and smart farming: Agronomic aspects and design criteria with safety assessment,"An agrivoltaic system (AVS) offers a potential strategy for meeting global demands for renewable energy and sustainability by integrating photovoltaics and agriculture. Many empirical studies have installed facilities and cultivated actual crops, revealing that AVSs improve land use efficiency. However, it is rare for actual end-users and farmsteads to adopt AVSs owing to a lack of standardised models and design criteria. In this study, we conducted a comprehensive AVS design considering agronomic aspects and structural safety along with an analysis of design criteria to promote the dissemination of AVSs. Based on the photovoltaic module arrangement and adjusting installation conditions, various design types were considered to reflect on-site conditions and user preferences. In addition, safety standards for disaster resistance and trade-offs among shading ratio, power generation capacity, and quantity of structural members were analysed. The safety assessment results demonstrated that the column of the AVS structure was vulnerable to wind loads, and the safety standards varied according to the adjusted column spacing. The narrower the column design, the more advantageous the safety and power generation and the more disadvantageous the crop cultivation environment and installation cost. The sequentially mounted type allowed relatively less solar radiation to reach the crop and generated more solar energy. When the modules were mounted at a distance, the structural safety was slightly reduced; however, more solar radiation and economic feasibility were secured. These results will support decision-making regarding AVS designs, help in identifying the sensitivity of crops to shading, and be utilised for the establishment of a standardised AVS model to promote dissemination.",,,Южная Корея,10000,"1,35","1,35",Открытый грунт,,,Салат-латук,"2,75",,,0,30,"0,09","3,8","4,5","65,075%",,,,,"77,0375","770,375",,,80%,80%,,,,,,crop_farming,https://docs.google.com/spreadsheets/d/e/2PACX-1vSrhKbZjKkGqSytiGNDciKhx5LYm9bubt-WFqbuASR48nvkC8yEg16fZKnbRgXeMdNPSAVJbZlnw-Sc/pub?output=csv,61,,,,,,,,,,,,,,,,,,,,,,,,,,,,,,,,,,,,,,,,,,,,,,,,,,,,,,,,
10.1016/j.apenergy.2023.121130,Agrivoltaic system designing for sustainability and smart farming: Agronomic aspects and design criteria with safety assessment,"An agrivoltaic system (AVS) offers a potential strategy for meeting global demands for renewable energy and sustainability by integrating photovoltaics and agriculture. Many empirical studies have installed facilities and cultivated actual crops, revealing that AVSs improve land use efficiency. However, it is rare for actual end-users and farmsteads to adopt AVSs owing to a lack of standardised models and design criteria. In this study, we conducted a comprehensive AVS design considering agronomic aspects and structural safety along with an analysis of design criteria to promote the dissemination of AVSs. Based on the photovoltaic module arrangement and adjusting installation conditions, various design types were considered to reflect on-site conditions and user preferences. In addition, safety standards for disaster resistance and trade-offs among shading ratio, power generation capacity, and quantity of structural members were analysed. The safety assessment results demonstrated that the column of the AVS structure was vulnerable to wind loads, and the safety standards varied according to the adjusted column spacing. The narrower the column design, the more advantageous the safety and power generation and the more disadvantageous the crop cultivation environment and installation cost. The sequentially mounted type allowed relatively less solar radiation to reach the crop and generated more solar energy. When the modules were mounted at a distance, the structural safety was slightly reduced; however, more solar radiation and economic feasibility were secured. These results will support decision-making regarding AVS designs, help in identifying the sensitivity of crops to shading, and be utilised for the establishment of a standardised AVS model to promote dissemination.",,,Южная Корея,10000,"1,35","1,35",Открытый грунт,,,Виноград,"1,05",,,0,30,0,"3,8","4,5","54,725%",,,,,"92,565","925,65",,,80%,80%,,,,,,crop_farming,https://docs.google.com/spreadsheets/d/e/2PACX-1vSrhKbZjKkGqSytiGNDciKhx5LYm9bubt-WFqbuASR48nvkC8yEg16fZKnbRgXeMdNPSAVJbZlnw-Sc/pub?output=csv,62,,,,,,,,,,,,,,,,,,,,,,,,,,,,,,,,,,,,,,,,,,,,,,,,,,,,,,,,
10.1016/j.apenergy.2023.121130,Agrivoltaic system designing for sustainability and smart farming: Agronomic aspects and design criteria with safety assessment,"An agrivoltaic system (AVS) offers a potential strategy for meeting global demands for renewable energy and sustainability by integrating photovoltaics and agriculture. Many empirical studies have installed facilities and cultivated actual crops, revealing that AVSs improve land use efficiency. However, it is rare for actual end-users and farmsteads to adopt AVSs owing to a lack of standardised models and design criteria. In this study, we conducted a comprehensive AVS design considering agronomic aspects and structural safety along with an analysis of design criteria to promote the dissemination of AVSs. Based on the photovoltaic module arrangement and adjusting installation conditions, various design types were considered to reflect on-site conditions and user preferences. In addition, safety standards for disaster resistance and trade-offs among shading ratio, power generation capacity, and quantity of structural members were analysed. The safety assessment results demonstrated that the column of the AVS structure was vulnerable to wind loads, and the safety standards varied according to the adjusted column spacing. The narrower the column design, the more advantageous the safety and power generation and the more disadvantageous the crop cultivation environment and installation cost. The sequentially mounted type allowed relatively less solar radiation to reach the crop and generated more solar energy. When the modules were mounted at a distance, the structural safety was slightly reduced; however, more solar radiation and economic feasibility were secured. These results will support decision-making regarding AVS designs, help in identifying the sensitivity of crops to shading, and be utilised for the establishment of a standardised AVS model to promote dissemination.",,,Южная Корея,10000,"1,35","1,35",Открытый грунт,,,Виноград,"2,75",,,0,30,"0,09","3,8","4,5","65,075%",,,,,"77,0375","770,375",,,80%,80%,,,,,,crop_farming,https://docs.google.com/spreadsheets/d/e/2PACX-1vSrhKbZjKkGqSytiGNDciKhx5LYm9bubt-WFqbuASR48nvkC8yEg16fZKnbRgXeMdNPSAVJbZlnw-Sc/pub?output=csv,63,,,,,,,,,,,,,,,,,,,,,,,,,,,,,,,,,,,,,,,,,,,,,,,,,,,,,,,,
10.1016/j.apenergy.2023.121130,Agrivoltaic system designing for sustainability and smart farming: Agronomic aspects and design criteria with safety assessment,"An agrivoltaic system (AVS) offers a potential strategy for meeting global demands for renewable energy and sustainability by integrating photovoltaics and agriculture. Many empirical studies have installed facilities and cultivated actual crops, revealing that AVSs improve land use efficiency. However, it is rare for actual end-users and farmsteads to adopt AVSs owing to a lack of standardised models and design criteria. In this study, we conducted a comprehensive AVS design considering agronomic aspects and structural safety along with an analysis of design criteria to promote the dissemination of AVSs. Based on the photovoltaic module arrangement and adjusting installation conditions, various design types were considered to reflect on-site conditions and user preferences. In addition, safety standards for disaster resistance and trade-offs among shading ratio, power generation capacity, and quantity of structural members were analysed. The safety assessment results demonstrated that the column of the AVS structure was vulnerable to wind loads, and the safety standards varied according to the adjusted column spacing. The narrower the column design, the more advantageous the safety and power generation and the more disadvantageous the crop cultivation environment and installation cost. The sequentially mounted type allowed relatively less solar radiation to reach the crop and generated more solar energy. When the modules were mounted at a distance, the structural safety was slightly reduced; however, more solar radiation and economic feasibility were secured. These results will support decision-making regarding AVS designs, help in identifying the sensitivity of crops to shading, and be utilised for the establishment of a standardised AVS model to promote dissemination.",,,Южная Корея,10000,"1,35","1,35",Открытый грунт,,,Салат-латук,"1,05",,,0,30,0,"3,8",5,"58,85%",,,,,"84,15","841,5",,,80%,80%,,,,,,crop_farming,https://docs.google.com/spreadsheets/d/e/2PACX-1vSrhKbZjKkGqSytiGNDciKhx5LYm9bubt-WFqbuASR48nvkC8yEg16fZKnbRgXeMdNPSAVJbZlnw-Sc/pub?output=csv,64,,,,,,,,,,,,,,,,,,,,,,,,,,,,,,,,,,,,,,,,,,,,,,,,,,,,,,,,
10.1016/j.apenergy.2023.121130,Agrivoltaic system designing for sustainability and smart farming: Agronomic aspects and design criteria with safety assessment,"An agrivoltaic system (AVS) offers a potential strategy for meeting global demands for renewable energy and sustainability by integrating photovoltaics and agriculture. Many empirical studies have installed facilities and cultivated actual crops, revealing that AVSs improve land use efficiency. However, it is rare for actual end-users and farmsteads to adopt AVSs owing to a lack of standardised models and design criteria. In this study, we conducted a comprehensive AVS design considering agronomic aspects and structural safety along with an analysis of design criteria to promote the dissemination of AVSs. Based on the photovoltaic module arrangement and adjusting installation conditions, various design types were considered to reflect on-site conditions and user preferences. In addition, safety standards for disaster resistance and trade-offs among shading ratio, power generation capacity, and quantity of structural members were analysed. The safety assessment results demonstrated that the column of the AVS structure was vulnerable to wind loads, and the safety standards varied according to the adjusted column spacing. The narrower the column design, the more advantageous the safety and power generation and the more disadvantageous the crop cultivation environment and installation cost. The sequentially mounted type allowed relatively less solar radiation to reach the crop and generated more solar energy. When the modules were mounted at a distance, the structural safety was slightly reduced; however, more solar radiation and economic feasibility were secured. These results will support decision-making regarding AVS designs, help in identifying the sensitivity of crops to shading, and be utilised for the establishment of a standardised AVS model to promote dissemination.",,,Южная Корея,10000,"1,35","1,35",Открытый грунт,,,Салат-латук,"2,75",,,0,30,"0,09","3,8",5,"68,25%",,,,,"70,035","700,35",,,80%,80%,,,,,,crop_farming,https://docs.google.com/spreadsheets/d/e/2PACX-1vSrhKbZjKkGqSytiGNDciKhx5LYm9bubt-WFqbuASR48nvkC8yEg16fZKnbRgXeMdNPSAVJbZlnw-Sc/pub?output=csv,65,,,,,,,,,,,,,,,,,,,,,,,,,,,,,,,,,,,,,,,,,,,,,,,,,,,,,,,,
10.1016/j.apenergy.2023.121130,Agrivoltaic system designing for sustainability and smart farming: Agronomic aspects and design criteria with safety assessment,"An agrivoltaic system (AVS) offers a potential strategy for meeting global demands for renewable energy and sustainability by integrating photovoltaics and agriculture. Many empirical studies have installed facilities and cultivated actual crops, revealing that AVSs improve land use efficiency. However, it is rare for actual end-users and farmsteads to adopt AVSs owing to a lack of standardised models and design criteria. In this study, we conducted a comprehensive AVS design considering agronomic aspects and structural safety along with an analysis of design criteria to promote the dissemination of AVSs. Based on the photovoltaic module arrangement and adjusting installation conditions, various design types were considered to reflect on-site conditions and user preferences. In addition, safety standards for disaster resistance and trade-offs among shading ratio, power generation capacity, and quantity of structural members were analysed. The safety assessment results demonstrated that the column of the AVS structure was vulnerable to wind loads, and the safety standards varied according to the adjusted column spacing. The narrower the column design, the more advantageous the safety and power generation and the more disadvantageous the crop cultivation environment and installation cost. The sequentially mounted type allowed relatively less solar radiation to reach the crop and generated more solar energy. When the modules were mounted at a distance, the structural safety was slightly reduced; however, more solar radiation and economic feasibility were secured. These results will support decision-making regarding AVS designs, help in identifying the sensitivity of crops to shading, and be utilised for the establishment of a standardised AVS model to promote dissemination.",,,Южная Корея,10000,"1,35","1,35",Открытый грунт,,,Виноград,"1,05",,,0,30,0,"3,8",5,"58,85%",,,,,"84,15","841,5",,,80%,80%,,,,,,crop_farming,https://docs.google.com/spreadsheets/d/e/2PACX-1vSrhKbZjKkGqSytiGNDciKhx5LYm9bubt-WFqbuASR48nvkC8yEg16fZKnbRgXeMdNPSAVJbZlnw-Sc/pub?output=csv,66,,,,,,,,,,,,,,,,,,,,,,,,,,,,,,,,,,,,,,,,,,,,,,,,,,,,,,,,
10.1016/j.apenergy.2023.121130,Agrivoltaic system designing for sustainability and smart farming: Agronomic aspects and design criteria with safety assessment,"An agrivoltaic system (AVS) offers a potential strategy for meeting global demands for renewable energy and sustainability by integrating photovoltaics and agriculture. Many empirical studies have installed facilities and cultivated actual crops, revealing that AVSs improve land use efficiency. However, it is rare for actual end-users and farmsteads to adopt AVSs owing to a lack of standardised models and design criteria. In this study, we conducted a comprehensive AVS design considering agronomic aspects and structural safety along with an analysis of design criteria to promote the dissemination of AVSs. Based on the photovoltaic module arrangement and adjusting installation conditions, various design types were considered to reflect on-site conditions and user preferences. In addition, safety standards for disaster resistance and trade-offs among shading ratio, power generation capacity, and quantity of structural members were analysed. The safety assessment results demonstrated that the column of the AVS structure was vulnerable to wind loads, and the safety standards varied according to the adjusted column spacing. The narrower the column design, the more advantageous the safety and power generation and the more disadvantageous the crop cultivation environment and installation cost. The sequentially mounted type allowed relatively less solar radiation to reach the crop and generated more solar energy. When the modules were mounted at a distance, the structural safety was slightly reduced; however, more solar radiation and economic feasibility were secured. These results will support decision-making regarding AVS designs, help in identifying the sensitivity of crops to shading, and be utilised for the establishment of a standardised AVS model to promote dissemination.",,,Южная Корея,10000,"1,35","1,35",Открытый грунт,,,Виноград,"2,75",,,0,30,"0,09","3,8",5,"68,25%",,,,,"70,035","700,35",,,80%,80%,,,,,,crop_farming,https://docs.google.com/spreadsheets/d/e/2PACX-1vSrhKbZjKkGqSytiGNDciKhx5LYm9bubt-WFqbuASR48nvkC8yEg16fZKnbRgXeMdNPSAVJbZlnw-Sc/pub?output=csv,67,,,,,,,,,,,,,,,,,,,,,,,,,,,,,,,,,,,,,,,,,,,,,,,,,,,,,,,,
10.1016/j.apenergy.2023.121130,Agrivoltaic system designing for sustainability and smart farming: Agronomic aspects and design criteria with safety assessment,"An agrivoltaic system (AVS) offers a potential strategy for meeting global demands for renewable energy and sustainability by integrating photovoltaics and agriculture. Many empirical studies have installed facilities and cultivated actual crops, revealing that AVSs improve land use efficiency. However, it is rare for actual end-users and farmsteads to adopt AVSs owing to a lack of standardised models and design criteria. In this study, we conducted a comprehensive AVS design considering agronomic aspects and structural safety along with an analysis of design criteria to promote the dissemination of AVSs. Based on the photovoltaic module arrangement and adjusting installation conditions, various design types were considered to reflect on-site conditions and user preferences. In addition, safety standards for disaster resistance and trade-offs among shading ratio, power generation capacity, and quantity of structural members were analysed. The safety assessment results demonstrated that the column of the AVS structure was vulnerable to wind loads, and the safety standards varied according to the adjusted column spacing. The narrower the column design, the more advantageous the safety and power generation and the more disadvantageous the crop cultivation environment and installation cost. The sequentially mounted type allowed relatively less solar radiation to reach the crop and generated more solar energy. When the modules were mounted at a distance, the structural safety was slightly reduced; however, more solar radiation and economic feasibility were secured. These results will support decision-making regarding AVS designs, help in identifying the sensitivity of crops to shading, and be utilised for the establishment of a standardised AVS model to promote dissemination.",,,Южная Корея,10000,"1,35","1,35",Открытый грунт,,,Салат-латук,"1,05",,,0,30,0,"3,8","5,5","62,975%",,,,,"75,735","757,35",,,80%,80%,,,,,,crop_farming,https://docs.google.com/spreadsheets/d/e/2PACX-1vSrhKbZjKkGqSytiGNDciKhx5LYm9bubt-WFqbuASR48nvkC8yEg16fZKnbRgXeMdNPSAVJbZlnw-Sc/pub?output=csv,68,,,,,,,,,,,,,,,,,,,,,,,,,,,,,,,,,,,,,,,,,,,,,,,,,,,,,,,,
10.1016/j.apenergy.2023.121130,Agrivoltaic system designing for sustainability and smart farming: Agronomic aspects and design criteria with safety assessment,"An agrivoltaic system (AVS) offers a potential strategy for meeting global demands for renewable energy and sustainability by integrating photovoltaics and agriculture. Many empirical studies have installed facilities and cultivated actual crops, revealing that AVSs improve land use efficiency. However, it is rare for actual end-users and farmsteads to adopt AVSs owing to a lack of standardised models and design criteria. In this study, we conducted a comprehensive AVS design considering agronomic aspects and structural safety along with an analysis of design criteria to promote the dissemination of AVSs. Based on the photovoltaic module arrangement and adjusting installation conditions, various design types were considered to reflect on-site conditions and user preferences. In addition, safety standards for disaster resistance and trade-offs among shading ratio, power generation capacity, and quantity of structural members were analysed. The safety assessment results demonstrated that the column of the AVS structure was vulnerable to wind loads, and the safety standards varied according to the adjusted column spacing. The narrower the column design, the more advantageous the safety and power generation and the more disadvantageous the crop cultivation environment and installation cost. The sequentially mounted type allowed relatively less solar radiation to reach the crop and generated more solar energy. When the modules were mounted at a distance, the structural safety was slightly reduced; however, more solar radiation and economic feasibility were secured. These results will support decision-making regarding AVS designs, help in identifying the sensitivity of crops to shading, and be utilised for the establishment of a standardised AVS model to promote dissemination.",,,Южная Корея,10000,"1,35","1,35",Открытый грунт,,,Салат-латук,"2,75",,,0,30,"0,09","3,8","5,5","71,425%",,,,,"63,0325","630,325",,,80%,80%,,,,,,crop_farming,https://docs.google.com/spreadsheets/d/e/2PACX-1vSrhKbZjKkGqSytiGNDciKhx5LYm9bubt-WFqbuASR48nvkC8yEg16fZKnbRgXeMdNPSAVJbZlnw-Sc/pub?output=csv,69,,,,,,,,,,,,,,,,,,,,,,,,,,,,,,,,,,,,,,,,,,,,,,,,,,,,,,,,
10.1016/j.apenergy.2023.121130,Agrivoltaic system designing for sustainability and smart farming: Agronomic aspects and design criteria with safety assessment,"An agrivoltaic system (AVS) offers a potential strategy for meeting global demands for renewable energy and sustainability by integrating photovoltaics and agriculture. Many empirical studies have installed facilities and cultivated actual crops, revealing that AVSs improve land use efficiency. However, it is rare for actual end-users and farmsteads to adopt AVSs owing to a lack of standardised models and design criteria. In this study, we conducted a comprehensive AVS design considering agronomic aspects and structural safety along with an analysis of design criteria to promote the dissemination of AVSs. Based on the photovoltaic module arrangement and adjusting installation conditions, various design types were considered to reflect on-site conditions and user preferences. In addition, safety standards for disaster resistance and trade-offs among shading ratio, power generation capacity, and quantity of structural members were analysed. The safety assessment results demonstrated that the column of the AVS structure was vulnerable to wind loads, and the safety standards varied according to the adjusted column spacing. The narrower the column design, the more advantageous the safety and power generation and the more disadvantageous the crop cultivation environment and installation cost. The sequentially mounted type allowed relatively less solar radiation to reach the crop and generated more solar energy. When the modules were mounted at a distance, the structural safety was slightly reduced; however, more solar radiation and economic feasibility were secured. These results will support decision-making regarding AVS designs, help in identifying the sensitivity of crops to shading, and be utilised for the establishment of a standardised AVS model to promote dissemination.",,,Южная Корея,10000,"1,35","1,35",Открытый грунт,,,Виноград,"1,05",,,0,30,0,"3,8","5,5","62,975%",,,,,"75,735","757,35",,,80%,80%,,,,,,crop_farming,https://docs.google.com/spreadsheets/d/e/2PACX-1vSrhKbZjKkGqSytiGNDciKhx5LYm9bubt-WFqbuASR48nvkC8yEg16fZKnbRgXeMdNPSAVJbZlnw-Sc/pub?output=csv,70,,,,,,,,,,,,,,,,,,,,,,,,,,,,,,,,,,,,,,,,,,,,,,,,,,,,,,,,
10.1016/j.apenergy.2023.121130,Agrivoltaic system designing for sustainability and smart farming: Agronomic aspects and design criteria with safety assessment,"An agrivoltaic system (AVS) offers a potential strategy for meeting global demands for renewable energy and sustainability by integrating photovoltaics and agriculture. Many empirical studies have installed facilities and cultivated actual crops, revealing that AVSs improve land use efficiency. However, it is rare for actual end-users and farmsteads to adopt AVSs owing to a lack of standardised models and design criteria. In this study, we conducted a comprehensive AVS design considering agronomic aspects and structural safety along with an analysis of design criteria to promote the dissemination of AVSs. Based on the photovoltaic module arrangement and adjusting installation conditions, various design types were considered to reflect on-site conditions and user preferences. In addition, safety standards for disaster resistance and trade-offs among shading ratio, power generation capacity, and quantity of structural members were analysed. The safety assessment results demonstrated that the column of the AVS structure was vulnerable to wind loads, and the safety standards varied according to the adjusted column spacing. The narrower the column design, the more advantageous the safety and power generation and the more disadvantageous the crop cultivation environment and installation cost. The sequentially mounted type allowed relatively less solar radiation to reach the crop and generated more solar energy. When the modules were mounted at a distance, the structural safety was slightly reduced; however, more solar radiation and economic feasibility were secured. These results will support decision-making regarding AVS designs, help in identifying the sensitivity of crops to shading, and be utilised for the establishment of a standardised AVS model to promote dissemination.",,,Южная Корея,10000,"1,35","1,35",Открытый грунт,,,Виноград,"2,75",,,0,30,"0,09","3,8","5,5","71,425%",,,,,"63,0325","630,325",,,80%,80%,,,,,,crop_farming,https://docs.google.com/spreadsheets/d/e/2PACX-1vSrhKbZjKkGqSytiGNDciKhx5LYm9bubt-WFqbuASR48nvkC8yEg16fZKnbRgXeMdNPSAVJbZlnw-Sc/pub?output=csv,71,,,,,,,,,,,,,,,,,,,,,,,,,,,,,,,,,,,,,,,,,,,,,,,,,,,,,,,,
10.1016/j.apenergy.2023.121130,Agrivoltaic system designing for sustainability and smart farming: Agronomic aspects and design criteria with safety assessment,"An agrivoltaic system (AVS) offers a potential strategy for meeting global demands for renewable energy and sustainability by integrating photovoltaics and agriculture. Many empirical studies have installed facilities and cultivated actual crops, revealing that AVSs improve land use efficiency. However, it is rare for actual end-users and farmsteads to adopt AVSs owing to a lack of standardised models and design criteria. In this study, we conducted a comprehensive AVS design considering agronomic aspects and structural safety along with an analysis of design criteria to promote the dissemination of AVSs. Based on the photovoltaic module arrangement and adjusting installation conditions, various design types were considered to reflect on-site conditions and user preferences. In addition, safety standards for disaster resistance and trade-offs among shading ratio, power generation capacity, and quantity of structural members were analysed. The safety assessment results demonstrated that the column of the AVS structure was vulnerable to wind loads, and the safety standards varied according to the adjusted column spacing. The narrower the column design, the more advantageous the safety and power generation and the more disadvantageous the crop cultivation environment and installation cost. The sequentially mounted type allowed relatively less solar radiation to reach the crop and generated more solar energy. When the modules were mounted at a distance, the structural safety was slightly reduced; however, more solar radiation and economic feasibility were secured. These results will support decision-making regarding AVS designs, help in identifying the sensitivity of crops to shading, and be utilised for the establishment of a standardised AVS model to promote dissemination.",,,Южная Корея,10000,"1,35","1,35",Открытый грунт,,,Салат-латук,"1,05",,,0,30,0,"3,8",6,"67,1%",,,,,"67,32","673,2",,,80%,80%,,,,,,crop_farming,https://docs.google.com/spreadsheets/d/e/2PACX-1vSrhKbZjKkGqSytiGNDciKhx5LYm9bubt-WFqbuASR48nvkC8yEg16fZKnbRgXeMdNPSAVJbZlnw-Sc/pub?output=csv,72,,,,,,,,,,,,,,,,,,,,,,,,,,,,,,,,,,,,,,,,,,,,,,,,,,,,,,,,
10.1016/j.apenergy.2023.121130,Agrivoltaic system designing for sustainability and smart farming: Agronomic aspects and design criteria with safety assessment,"An agrivoltaic system (AVS) offers a potential strategy for meeting global demands for renewable energy and sustainability by integrating photovoltaics and agriculture. Many empirical studies have installed facilities and cultivated actual crops, revealing that AVSs improve land use efficiency. However, it is rare for actual end-users and farmsteads to adopt AVSs owing to a lack of standardised models and design criteria. In this study, we conducted a comprehensive AVS design considering agronomic aspects and structural safety along with an analysis of design criteria to promote the dissemination of AVSs. Based on the photovoltaic module arrangement and adjusting installation conditions, various design types were considered to reflect on-site conditions and user preferences. In addition, safety standards for disaster resistance and trade-offs among shading ratio, power generation capacity, and quantity of structural members were analysed. The safety assessment results demonstrated that the column of the AVS structure was vulnerable to wind loads, and the safety standards varied according to the adjusted column spacing. The narrower the column design, the more advantageous the safety and power generation and the more disadvantageous the crop cultivation environment and installation cost. The sequentially mounted type allowed relatively less solar radiation to reach the crop and generated more solar energy. When the modules were mounted at a distance, the structural safety was slightly reduced; however, more solar radiation and economic feasibility were secured. These results will support decision-making regarding AVS designs, help in identifying the sensitivity of crops to shading, and be utilised for the establishment of a standardised AVS model to promote dissemination.",,,Южная Корея,10000,"1,35","1,35",Открытый грунт,,,Салат-латук,"2,75",,,0,30,"0,09","3,8",6,"74,6%",,,,,"56,03","560,3",,,80%,80%,,,,,,crop_farming,https://docs.google.com/spreadsheets/d/e/2PACX-1vSrhKbZjKkGqSytiGNDciKhx5LYm9bubt-WFqbuASR48nvkC8yEg16fZKnbRgXeMdNPSAVJbZlnw-Sc/pub?output=csv,73,,,,,,,,,,,,,,,,,,,,,,,,,,,,,,,,,,,,,,,,,,,,,,,,,,,,,,,,
10.1016/j.apenergy.2023.121130,Agrivoltaic system designing for sustainability and smart farming: Agronomic aspects and design criteria with safety assessment,"An agrivoltaic system (AVS) offers a potential strategy for meeting global demands for renewable energy and sustainability by integrating photovoltaics and agriculture. Many empirical studies have installed facilities and cultivated actual crops, revealing that AVSs improve land use efficiency. However, it is rare for actual end-users and farmsteads to adopt AVSs owing to a lack of standardised models and design criteria. In this study, we conducted a comprehensive AVS design considering agronomic aspects and structural safety along with an analysis of design criteria to promote the dissemination of AVSs. Based on the photovoltaic module arrangement and adjusting installation conditions, various design types were considered to reflect on-site conditions and user preferences. In addition, safety standards for disaster resistance and trade-offs among shading ratio, power generation capacity, and quantity of structural members were analysed. The safety assessment results demonstrated that the column of the AVS structure was vulnerable to wind loads, and the safety standards varied according to the adjusted column spacing. The narrower the column design, the more advantageous the safety and power generation and the more disadvantageous the crop cultivation environment and installation cost. The sequentially mounted type allowed relatively less solar radiation to reach the crop and generated more solar energy. When the modules were mounted at a distance, the structural safety was slightly reduced; however, more solar radiation and economic feasibility were secured. These results will support decision-making regarding AVS designs, help in identifying the sensitivity of crops to shading, and be utilised for the establishment of a standardised AVS model to promote dissemination.",,,Южная Корея,10000,"1,35","1,35",Открытый грунт,,,Виноград,"1,05",,,0,30,0,"3,8",6,"67,1%",,,,,"67,32","673,2",,,80%,80%,,,,,,crop_farming,https://docs.google.com/spreadsheets/d/e/2PACX-1vSrhKbZjKkGqSytiGNDciKhx5LYm9bubt-WFqbuASR48nvkC8yEg16fZKnbRgXeMdNPSAVJbZlnw-Sc/pub?output=csv,74,,,,,,,,,,,,,,,,,,,,,,,,,,,,,,,,,,,,,,,,,,,,,,,,,,,,,,,,
10.1016/j.apenergy.2023.121130,Agrivoltaic system designing for sustainability and smart farming: Agronomic aspects and design criteria with safety assessment,"An agrivoltaic system (AVS) offers a potential strategy for meeting global demands for renewable energy and sustainability by integrating photovoltaics and agriculture. Many empirical studies have installed facilities and cultivated actual crops, revealing that AVSs improve land use efficiency. However, it is rare for actual end-users and farmsteads to adopt AVSs owing to a lack of standardised models and design criteria. In this study, we conducted a comprehensive AVS design considering agronomic aspects and structural safety along with an analysis of design criteria to promote the dissemination of AVSs. Based on the photovoltaic module arrangement and adjusting installation conditions, various design types were considered to reflect on-site conditions and user preferences. In addition, safety standards for disaster resistance and trade-offs among shading ratio, power generation capacity, and quantity of structural members were analysed. The safety assessment results demonstrated that the column of the AVS structure was vulnerable to wind loads, and the safety standards varied according to the adjusted column spacing. The narrower the column design, the more advantageous the safety and power generation and the more disadvantageous the crop cultivation environment and installation cost. The sequentially mounted type allowed relatively less solar radiation to reach the crop and generated more solar energy. When the modules were mounted at a distance, the structural safety was slightly reduced; however, more solar radiation and economic feasibility were secured. These results will support decision-making regarding AVS designs, help in identifying the sensitivity of crops to shading, and be utilised for the establishment of a standardised AVS model to promote dissemination.",,,Южная Корея,10000,"1,35","1,35",Открытый грунт,,,Виноград,"2,75",,,0,30,"0,09","3,8",6,"74,6%",,,,,"56,03","560,3",,,80%,80%,,,,,,crop_farming,https://docs.google.com/spreadsheets/d/e/2PACX-1vSrhKbZjKkGqSytiGNDciKhx5LYm9bubt-WFqbuASR48nvkC8yEg16fZKnbRgXeMdNPSAVJbZlnw-Sc/pub?output=csv,75,,,,,,,,,,,,,,,,,,,,,,,,,,,,,,,,,,,,,,,,,,,,,,,,,,,,,,,,
10.1007/s13593-021-00714-y,Agrivoltaic system impacts on microclimate and yield of different crops within an organic crop rotation in a temperate climate,"Agrivoltaic (AV) systems integrate the production of agricultural crops and electric power on the same land area through the installation of solar panels several meters above the soil surface. It has been demonstrated that AV can increase land productivity and contribute to the expansion of renewable energy production. Its utilization is expected to affect crop production by altering microclimatic conditions but has so far hardly been investigated. The present study aimed to determine for the first time how changes in microclimatic conditions through AV affect selected agricultural crops within an organic crop rotation. For this purpose, an AV research plant was installed near Lake Constance in south-west Germany in 2016. A field experiment was established with four crops (celeriac, winter wheat, potato and grass-clover) cultivated both underneath the AV system and on an adjacent reference site without solar panels. Microclimatic parameters, crop development and harvestable yields were monitored in 2017 and 2018. Overall, an alteration in microclimatic conditions and crop production under AV was confirmed. Photosynthetic active radiation was on average reduced by about 30% under AV. During summertime, soil temperature was decreased under AV in both years. Furthermore, reduced soil moisture and air temperatures as well as an altered rain distribution have been found under AV. In both years, plant height of all crops was increased under AV. In 2017 and 2018, yield ranges of the crops cultivated under AV compared to the reference site were −19 to +3% for winter wheat, −20 to +11% for potato and −8 to −5% for grass-clover. In the hot, dry summer 2018, crop yields of winter wheat and potato were increased by AV by 2.7% and 11%, respectively. These findings show that yield reductions under AV are likely, but under hot and dry weather conditions, growing conditions can become favorable.",01.12.2016,01.10.2018,Хердванген-Шёнах,3000,,,Открытый грунт,Неравномерное орошение,Низкая,Озимая пшеница,,,,-45,20,,5,"6,3",70%,1180,,,,"64,66666667",194,,,97%,"81,3%",,,,,Смягчение стресса от засухи и жары,crop_farming,https://docs.google.com/spreadsheets/d/e/2PACX-1vSrhKbZjKkGqSytiGNDciKhx5LYm9bubt-WFqbuASR48nvkC8yEg16fZKnbRgXeMdNPSAVJbZlnw-Sc/pub?output=csv,76,,,,,,,,,,,,,,,,,,,,,,,,,,,,,,,,,,,,,,,,,,,,,,,,,,,,,,,,
10.1007/s13593-021-00714-y,Agrivoltaic system impacts on microclimate and yield of different crops within an organic crop rotation in a temperate climate,"Agrivoltaic (AV) systems integrate the production of agricultural crops and electric power on the same land area through the installation of solar panels several meters above the soil surface. It has been demonstrated that AV can increase land productivity and contribute to the expansion of renewable energy production. Its utilization is expected to affect crop production by altering microclimatic conditions but has so far hardly been investigated. The present study aimed to determine for the first time how changes in microclimatic conditions through AV affect selected agricultural crops within an organic crop rotation. For this purpose, an AV research plant was installed near Lake Constance in south-west Germany in 2016. A field experiment was established with four crops (celeriac, winter wheat, potato and grass-clover) cultivated both underneath the AV system and on an adjacent reference site without solar panels. Microclimatic parameters, crop development and harvestable yields were monitored in 2017 and 2018. Overall, an alteration in microclimatic conditions and crop production under AV was confirmed. Photosynthetic active radiation was on average reduced by about 30% under AV. During summertime, soil temperature was decreased under AV in both years. Furthermore, reduced soil moisture and air temperatures as well as an altered rain distribution have been found under AV. In both years, plant height of all crops was increased under AV. In 2017 and 2018, yield ranges of the crops cultivated under AV compared to the reference site were −19 to +3% for winter wheat, −20 to +11% for potato and −8 to −5% for grass-clover. In the hot, dry summer 2018, crop yields of winter wheat and potato were increased by AV by 2.7% and 11%, respectively. These findings show that yield reductions under AV are likely, but under hot and dry weather conditions, growing conditions can become favorable.",01.12.2016,01.10.2018,Хердванген-Шёнах,3000,,,Открытый грунт,Неравномерное орошение,Низкая,Озимая пшеница,,,,-45,20,,5,"6,3",70%,1204,,,,"64,66666667",194,,,96%,"102,7%",,,,,Смягчение стресса от засухи и жары,crop_farming,https://docs.google.com/spreadsheets/d/e/2PACX-1vSrhKbZjKkGqSytiGNDciKhx5LYm9bubt-WFqbuASR48nvkC8yEg16fZKnbRgXeMdNPSAVJbZlnw-Sc/pub?output=csv,77,,,,,,,,,,,,,,,,,,,,,,,,,,,,,,,,,,,,,,,,,,,,,,,,,,,,,,,,
10.1007/s13593-021-00714-y,Agrivoltaic system impacts on microclimate and yield of different crops within an organic crop rotation in a temperate climate,"Agrivoltaic (AV) systems integrate the production of agricultural crops and electric power on the same land area through the installation of solar panels several meters above the soil surface. It has been demonstrated that AV can increase land productivity and contribute to the expansion of renewable energy production. Its utilization is expected to affect crop production by altering microclimatic conditions but has so far hardly been investigated. The present study aimed to determine for the first time how changes in microclimatic conditions through AV affect selected agricultural crops within an organic crop rotation. For this purpose, an AV research plant was installed near Lake Constance in south-west Germany in 2016. A field experiment was established with four crops (celeriac, winter wheat, potato and grass-clover) cultivated both underneath the AV system and on an adjacent reference site without solar panels. Microclimatic parameters, crop development and harvestable yields were monitored in 2017 and 2018. Overall, an alteration in microclimatic conditions and crop production under AV was confirmed. Photosynthetic active radiation was on average reduced by about 30% under AV. During summertime, soil temperature was decreased under AV in both years. Furthermore, reduced soil moisture and air temperatures as well as an altered rain distribution have been found under AV. In both years, plant height of all crops was increased under AV. In 2017 and 2018, yield ranges of the crops cultivated under AV compared to the reference site were −19 to +3% for winter wheat, −20 to +11% for potato and −8 to −5% for grass-clover. In the hot, dry summer 2018, crop yields of winter wheat and potato were increased by AV by 2.7% and 11%, respectively. These findings show that yield reductions under AV are likely, but under hot and dry weather conditions, growing conditions can become favorable.",01.12.2016,01.10.2018,Хердванген-Шёнах,3000,,,Открытый грунт,Неравномерное орошение,Низкая,Картофель,,,,-45,20,,5,"6,3",70%,1180,,,,"64,66666667",194,,,97%,"81,8%",,,,,Смягчение стресса от засухи и жары,crop_farming,https://docs.google.com/spreadsheets/d/e/2PACX-1vSrhKbZjKkGqSytiGNDciKhx5LYm9bubt-WFqbuASR48nvkC8yEg16fZKnbRgXeMdNPSAVJbZlnw-Sc/pub?output=csv,78,,,,,,,,,,,,,,,,,,,,,,,,,,,,,,,,,,,,,,,,,,,,,,,,,,,,,,,,
10.1007/s13593-021-00714-y,Agrivoltaic system impacts on microclimate and yield of different crops within an organic crop rotation in a temperate climate,"Agrivoltaic (AV) systems integrate the production of agricultural crops and electric power on the same land area through the installation of solar panels several meters above the soil surface. It has been demonstrated that AV can increase land productivity and contribute to the expansion of renewable energy production. Its utilization is expected to affect crop production by altering microclimatic conditions but has so far hardly been investigated. The present study aimed to determine for the first time how changes in microclimatic conditions through AV affect selected agricultural crops within an organic crop rotation. For this purpose, an AV research plant was installed near Lake Constance in south-west Germany in 2016. A field experiment was established with four crops (celeriac, winter wheat, potato and grass-clover) cultivated both underneath the AV system and on an adjacent reference site without solar panels. Microclimatic parameters, crop development and harvestable yields were monitored in 2017 and 2018. Overall, an alteration in microclimatic conditions and crop production under AV was confirmed. Photosynthetic active radiation was on average reduced by about 30% under AV. During summertime, soil temperature was decreased under AV in both years. Furthermore, reduced soil moisture and air temperatures as well as an altered rain distribution have been found under AV. In both years, plant height of all crops was increased under AV. In 2017 and 2018, yield ranges of the crops cultivated under AV compared to the reference site were −19 to +3% for winter wheat, −20 to +11% for potato and −8 to −5% for grass-clover. In the hot, dry summer 2018, crop yields of winter wheat and potato were increased by AV by 2.7% and 11%, respectively. These findings show that yield reductions under AV are likely, but under hot and dry weather conditions, growing conditions can become favorable.",01.12.2016,01.10.2018,Хердванген-Шёнах,3000,,,Открытый грунт,Неравномерное орошение,Низкая,Картофель,,,,-45,20,,5,"6,3",70%,1204,,,,"64,66666667",194,,,96%,111%,,,,,Смягчение стресса от засухи и жары,crop_farming,https://docs.google.com/spreadsheets/d/e/2PACX-1vSrhKbZjKkGqSytiGNDciKhx5LYm9bubt-WFqbuASR48nvkC8yEg16fZKnbRgXeMdNPSAVJbZlnw-Sc/pub?output=csv,79,,,,,,,,,,,,,,,,,,,,,,,,,,,,,,,,,,,,,,,,,,,,,,,,,,,,,,,,
10.1007/s13593-021-00714-y,Agrivoltaic system impacts on microclimate and yield of different crops within an organic crop rotation in a temperate climate,"Agrivoltaic (AV) systems integrate the production of agricultural crops and electric power on the same land area through the installation of solar panels several meters above the soil surface. It has been demonstrated that AV can increase land productivity and contribute to the expansion of renewable energy production. Its utilization is expected to affect crop production by altering microclimatic conditions but has so far hardly been investigated. The present study aimed to determine for the first time how changes in microclimatic conditions through AV affect selected agricultural crops within an organic crop rotation. For this purpose, an AV research plant was installed near Lake Constance in south-west Germany in 2016. A field experiment was established with four crops (celeriac, winter wheat, potato and grass-clover) cultivated both underneath the AV system and on an adjacent reference site without solar panels. Microclimatic parameters, crop development and harvestable yields were monitored in 2017 and 2018. Overall, an alteration in microclimatic conditions and crop production under AV was confirmed. Photosynthetic active radiation was on average reduced by about 30% under AV. During summertime, soil temperature was decreased under AV in both years. Furthermore, reduced soil moisture and air temperatures as well as an altered rain distribution have been found under AV. In both years, plant height of all crops was increased under AV. In 2017 and 2018, yield ranges of the crops cultivated under AV compared to the reference site were −19 to +3% for winter wheat, −20 to +11% for potato and −8 to −5% for grass-clover. In the hot, dry summer 2018, crop yields of winter wheat and potato were increased by AV by 2.7% and 11%, respectively. These findings show that yield reductions under AV are likely, but under hot and dry weather conditions, growing conditions can become favorable.",01.12.2016,01.10.2018,Хердванген-Шёнах,3000,,,Открытый грунт,Неравномерное орошение,Низкая,Травяно-клеверная смесь,,,,-45,20,,5,"6,3",70%,1180,,,,"64,66666667",194,,,97%,"94,7%",,,,,Смягчение стресса от засухи и жары,crop_farming,https://docs.google.com/spreadsheets/d/e/2PACX-1vSrhKbZjKkGqSytiGNDciKhx5LYm9bubt-WFqbuASR48nvkC8yEg16fZKnbRgXeMdNPSAVJbZlnw-Sc/pub?output=csv,80,,,,,,,,,,,,,,,,,,,,,,,,,,,,,,,,,,,,,,,,,,,,,,,,,,,,,,,,
10.1007/s13593-021-00714-y,Agrivoltaic system impacts on microclimate and yield of different crops within an organic crop rotation in a temperate climate,"Agrivoltaic (AV) systems integrate the production of agricultural crops and electric power on the same land area through the installation of solar panels several meters above the soil surface. It has been demonstrated that AV can increase land productivity and contribute to the expansion of renewable energy production. Its utilization is expected to affect crop production by altering microclimatic conditions but has so far hardly been investigated. The present study aimed to determine for the first time how changes in microclimatic conditions through AV affect selected agricultural crops within an organic crop rotation. For this purpose, an AV research plant was installed near Lake Constance in south-west Germany in 2016. A field experiment was established with four crops (celeriac, winter wheat, potato and grass-clover) cultivated both underneath the AV system and on an adjacent reference site without solar panels. Microclimatic parameters, crop development and harvestable yields were monitored in 2017 and 2018. Overall, an alteration in microclimatic conditions and crop production under AV was confirmed. Photosynthetic active radiation was on average reduced by about 30% under AV. During summertime, soil temperature was decreased under AV in both years. Furthermore, reduced soil moisture and air temperatures as well as an altered rain distribution have been found under AV. In both years, plant height of all crops was increased under AV. In 2017 and 2018, yield ranges of the crops cultivated under AV compared to the reference site were −19 to +3% for winter wheat, −20 to +11% for potato and −8 to −5% for grass-clover. In the hot, dry summer 2018, crop yields of winter wheat and potato were increased by AV by 2.7% and 11%, respectively. These findings show that yield reductions under AV are likely, but under hot and dry weather conditions, growing conditions can become favorable.",01.12.2016,01.10.2018,Хердванген-Шёнах,3000,,,Открытый грунт,Неравномерное орошение,Низкая,Травяно-клеверная смесь,,,,-45,20,,5,"6,3",70%,1204,,,,"64,66666667",194,,,96%,"92,2%",,,,,Смягчение стресса от засухи и жары,crop_farming,https://docs.google.com/spreadsheets/d/e/2PACX-1vSrhKbZjKkGqSytiGNDciKhx5LYm9bubt-WFqbuASR48nvkC8yEg16fZKnbRgXeMdNPSAVJbZlnw-Sc/pub?output=csv,81,,,,,,,,,,,,,,,,,,,,,,,,,,,,,,,,,,,,,,,,,,,,,,,,,,,,,,,,
10.3390/agronomy12061415,"Agrivoltaic Systems Enhance Farmers’ Profits through Broccoli Visual Quality and Electricity Production without Dramatic Changes in Yield, Antioxidant Capacity, and Glucosinolates","The increase in world population by an average rate of 2% per year causes critical issues on energy and foods. By 2050, food demand will increase to 35~56% more than in 2010 due to the growing population. Agrivoltaic systems allow us to reach sustainable food and electricity-production goals with high land-use efficiency. In this study, the yield, antioxidant capacity, and secondary metabolite of broccoli and electricity production were analyzed under an agrivoltaic system over 3 cultivation periods. Based on energy production, an economic analysis of agrivoltaic was carried out. In addition, our study also reported that agrivoltaic with additional shading treatment produced greener broccoli with a higher level of consumer preference than open-field grown ones. The yield, antioxidant capacity, some glucosinolates and hydrolysis products of broccoli grown under an agrivoltaic system were not significantly different from those of broccoli grown in the open-field.",01.07.2019,01.11.2020,Наджу,,,,Открытый грунт,Равномерное орошение,Низкая,Брокколи,"0,45",,,0,30,,"3,5",,58%,,"4,476",,,,30,46355,"1545,166667",100%,91%,,,,,"Выгода от производства электроэнергии была в 10,4 раза выше, чем от производства брокколи.",crop_farming,https://docs.google.com/spreadsheets/d/e/2PACX-1vSrhKbZjKkGqSytiGNDciKhx5LYm9bubt-WFqbuASR48nvkC8yEg16fZKnbRgXeMdNPSAVJbZlnw-Sc/pub?output=csv,82,,,,,,,,,,,,,,,,,,,,,,,,,,,,,,,,,,,,,,,,,,,,,,,,,,,,,,,,
10.3390/agronomy12061415,"Agrivoltaic Systems Enhance Farmers’ Profits through Broccoli Visual Quality and Electricity Production without Dramatic Changes in Yield, Antioxidant Capacity, and Glucosinolates","The increase in world population by an average rate of 2% per year causes critical issues on energy and foods. By 2050, food demand will increase to 35~56% more than in 2010 due to the growing population. Agrivoltaic systems allow us to reach sustainable food and electricity-production goals with high land-use efficiency. In this study, the yield, antioxidant capacity, and secondary metabolite of broccoli and electricity production were analyzed under an agrivoltaic system over 3 cultivation periods. Based on energy production, an economic analysis of agrivoltaic was carried out. In addition, our study also reported that agrivoltaic with additional shading treatment produced greener broccoli with a higher level of consumer preference than open-field grown ones. The yield, antioxidant capacity, some glucosinolates and hydrolysis products of broccoli grown under an agrivoltaic system were not significantly different from those of broccoli grown in the open-field.",26.07.2021,23.11.2021,Наджу,,,,Открытый грунт,Равномерное орошение,Низкая,Брокколи,"0,45",,,0,30,,"3,5",,41%,,"4,476",,,,30,46355,"1545,166667",100%,84%,,,,,"Дополнительное затенение: брокколи была зеленее. Выгода от производства электроэнергии была в 10,4 раза выше, чем от производства брокколи.",crop_farming,https://docs.google.com/spreadsheets/d/e/2PACX-1vSrhKbZjKkGqSytiGNDciKhx5LYm9bubt-WFqbuASR48nvkC8yEg16fZKnbRgXeMdNPSAVJbZlnw-Sc/pub?output=csv,83,,,,,,,,,,,,,,,,,,,,,,,,,,,,,,,,,,,,,,,,,,,,,,,,,,,,,,,,
10.52825/agripv.v3i.1361,Agrivoltaics Crop Yield Modeling: Quantifying the Effects of Light Limitations on Crop Growth,"Agrivoltaics (APV) combine agriculture and photovoltaic (PV) energy production on the same land and have the potential to provide several synergies for both production systems. Moving towards large-scale commercial implementation, synergies and trade-offs need to be quantified. Various APV designs exist and have been studied in field experiments in the past. In addition to PV design choices, differences respecting the crops grown, the soil conditions and the climatic conditions are known to affect crop yields. However, it is unclear how planned APV sites with conditions that differ from the known research sites will perform. This poses challenges in terms of assessing the implications for both farmers and APV planners. Therefore, we developed a framework for simulating impacts of APV shading effects on crop yields. A new APV shading model is developed to specifically match the needs of the PROMET crop model, which is capable of worldwide simulations for a large range of crop types. When compared to results from the state-of-the art bifacial radiance raytracing model, similar trends and magnitudes in irradiance reductions have been observed. Agricultural yield prediction simulations for a planned BayWa r.e. APV project in France were used as a test case. The simulation results showed large differences between one-in-portrait and two-in-portrait trackers. The simulated crop yields for the site remain only within an acceptable range for winter wheat and rapeseed with 1P trackers. While the shading model and PROMET have already been tested individually, a more in-depth validation of the entire framework is planned for the near future, when data for planned systems becomes available. The addition of the APV shading model expands capabilities of the PROMET crop model towards APV simulation and allows for future development of advanced APV-related data products.",,,Париж,184000,,,Открытый грунт,,,Озимая пшеница,,,,,,,,"13,6",,,,,,,,,,94%,94%,,,,,"Одноосные трекеры. Один модуль, установленный вертикально",crop_farming,https://docs.google.com/spreadsheets/d/e/2PACX-1vSrhKbZjKkGqSytiGNDciKhx5LYm9bubt-WFqbuASR48nvkC8yEg16fZKnbRgXeMdNPSAVJbZlnw-Sc/pub?output=csv,84,,,,,,,,,,,,,,,,,,,,,,,,,,,,,,,,,,,,,,,,,,,,,,,,,,,,,,,,
10.52825/agripv.v3i.1361,Agrivoltaics Crop Yield Modeling: Quantifying the Effects of Light Limitations on Crop Growth,"Agrivoltaics (APV) combine agriculture and photovoltaic (PV) energy production on the same land and have the potential to provide several synergies for both production systems. Moving towards large-scale commercial implementation, synergies and trade-offs need to be quantified. Various APV designs exist and have been studied in field experiments in the past. In addition to PV design choices, differences respecting the crops grown, the soil conditions and the climatic conditions are known to affect crop yields. However, it is unclear how planned APV sites with conditions that differ from the known research sites will perform. This poses challenges in terms of assessing the implications for both farmers and APV planners. Therefore, we developed a framework for simulating impacts of APV shading effects on crop yields. A new APV shading model is developed to specifically match the needs of the PROMET crop model, which is capable of worldwide simulations for a large range of crop types. When compared to results from the state-of-the art bifacial radiance raytracing model, similar trends and magnitudes in irradiance reductions have been observed. Agricultural yield prediction simulations for a planned BayWa r.e. APV project in France were used as a test case. The simulation results showed large differences between one-in-portrait and two-in-portrait trackers. The simulated crop yields for the site remain only within an acceptable range for winter wheat and rapeseed with 1P trackers. While the shading model and PROMET have already been tested individually, a more in-depth validation of the entire framework is planned for the near future, when data for planned systems becomes available. The addition of the APV shading model expands capabilities of the PROMET crop model towards APV simulation and allows for future development of advanced APV-related data products.",,,Париж,184000,,,Открытый грунт,,,Яровой ячмень,,,,,,,,"13,6",,,,,,,,,,80%,80%,,,,,"Одноосные трекеры. Один модуль, установленный вертикально",crop_farming,https://docs.google.com/spreadsheets/d/e/2PACX-1vSrhKbZjKkGqSytiGNDciKhx5LYm9bubt-WFqbuASR48nvkC8yEg16fZKnbRgXeMdNPSAVJbZlnw-Sc/pub?output=csv,85,,,,,,,,,,,,,,,,,,,,,,,,,,,,,,,,,,,,,,,,,,,,,,,,,,,,,,,,
10.52825/agripv.v3i.1361,Agrivoltaics Crop Yield Modeling: Quantifying the Effects of Light Limitations on Crop Growth,"Agrivoltaics (APV) combine agriculture and photovoltaic (PV) energy production on the same land and have the potential to provide several synergies for both production systems. Moving towards large-scale commercial implementation, synergies and trade-offs need to be quantified. Various APV designs exist and have been studied in field experiments in the past. In addition to PV design choices, differences respecting the crops grown, the soil conditions and the climatic conditions are known to affect crop yields. However, it is unclear how planned APV sites with conditions that differ from the known research sites will perform. This poses challenges in terms of assessing the implications for both farmers and APV planners. Therefore, we developed a framework for simulating impacts of APV shading effects on crop yields. A new APV shading model is developed to specifically match the needs of the PROMET crop model, which is capable of worldwide simulations for a large range of crop types. When compared to results from the state-of-the art bifacial radiance raytracing model, similar trends and magnitudes in irradiance reductions have been observed. Agricultural yield prediction simulations for a planned BayWa r.e. APV project in France were used as a test case. The simulation results showed large differences between one-in-portrait and two-in-portrait trackers. The simulated crop yields for the site remain only within an acceptable range for winter wheat and rapeseed with 1P trackers. While the shading model and PROMET have already been tested individually, a more in-depth validation of the entire framework is planned for the near future, when data for planned systems becomes available. The addition of the APV shading model expands capabilities of the PROMET crop model towards APV simulation and allows for future development of advanced APV-related data products.",,,Париж,184000,,,Открытый грунт,,,Рапс,,,,,,,,"13,6",,,,,,,,,,90%,90%,,,,,"Одноосные трекеры. Один модуль, установленный вертикально",crop_farming,https://docs.google.com/spreadsheets/d/e/2PACX-1vSrhKbZjKkGqSytiGNDciKhx5LYm9bubt-WFqbuASR48nvkC8yEg16fZKnbRgXeMdNPSAVJbZlnw-Sc/pub?output=csv,86,,,,,,,,,,,,,,,,,,,,,,,,,,,,,,,,,,,,,,,,,,,,,,,,,,,,,,,,
10.52825/agripv.v3i.1361,Agrivoltaics Crop Yield Modeling: Quantifying the Effects of Light Limitations on Crop Growth,"Agrivoltaics (APV) combine agriculture and photovoltaic (PV) energy production on the same land and have the potential to provide several synergies for both production systems. Moving towards large-scale commercial implementation, synergies and trade-offs need to be quantified. Various APV designs exist and have been studied in field experiments in the past. In addition to PV design choices, differences respecting the crops grown, the soil conditions and the climatic conditions are known to affect crop yields. However, it is unclear how planned APV sites with conditions that differ from the known research sites will perform. This poses challenges in terms of assessing the implications for both farmers and APV planners. Therefore, we developed a framework for simulating impacts of APV shading effects on crop yields. A new APV shading model is developed to specifically match the needs of the PROMET crop model, which is capable of worldwide simulations for a large range of crop types. When compared to results from the state-of-the art bifacial radiance raytracing model, similar trends and magnitudes in irradiance reductions have been observed. Agricultural yield prediction simulations for a planned BayWa r.e. APV project in France were used as a test case. The simulation results showed large differences between one-in-portrait and two-in-portrait trackers. The simulated crop yields for the site remain only within an acceptable range for winter wheat and rapeseed with 1P trackers. While the shading model and PROMET have already been tested individually, a more in-depth validation of the entire framework is planned for the near future, when data for planned systems becomes available. The addition of the APV shading model expands capabilities of the PROMET crop model towards APV simulation and allows for future development of advanced APV-related data products.",,,Париж,184000,,,Открытый грунт,,,Озимая пшеница,,,,,,,,"13,6",,,,,,,,,,84%,84%,,,,,"Одноосные трекеры. Два модуля, установленных бок о бок в портретной ориентации",crop_farming,https://docs.google.com/spreadsheets/d/e/2PACX-1vSrhKbZjKkGqSytiGNDciKhx5LYm9bubt-WFqbuASR48nvkC8yEg16fZKnbRgXeMdNPSAVJbZlnw-Sc/pub?output=csv,87,,,,,,,,,,,,,,,,,,,,,,,,,,,,,,,,,,,,,,,,,,,,,,,,,,,,,,,,
10.52825/agripv.v3i.1361,Agrivoltaics Crop Yield Modeling: Quantifying the Effects of Light Limitations on Crop Growth,"Agrivoltaics (APV) combine agriculture and photovoltaic (PV) energy production on the same land and have the potential to provide several synergies for both production systems. Moving towards large-scale commercial implementation, synergies and trade-offs need to be quantified. Various APV designs exist and have been studied in field experiments in the past. In addition to PV design choices, differences respecting the crops grown, the soil conditions and the climatic conditions are known to affect crop yields. However, it is unclear how planned APV sites with conditions that differ from the known research sites will perform. This poses challenges in terms of assessing the implications for both farmers and APV planners. Therefore, we developed a framework for simulating impacts of APV shading effects on crop yields. A new APV shading model is developed to specifically match the needs of the PROMET crop model, which is capable of worldwide simulations for a large range of crop types. When compared to results from the state-of-the art bifacial radiance raytracing model, similar trends and magnitudes in irradiance reductions have been observed. Agricultural yield prediction simulations for a planned BayWa r.e. APV project in France were used as a test case. The simulation results showed large differences between one-in-portrait and two-in-portrait trackers. The simulated crop yields for the site remain only within an acceptable range for winter wheat and rapeseed with 1P trackers. While the shading model and PROMET have already been tested individually, a more in-depth validation of the entire framework is planned for the near future, when data for planned systems becomes available. The addition of the APV shading model expands capabilities of the PROMET crop model towards APV simulation and allows for future development of advanced APV-related data products.",,,Париж,184000,,,Открытый грунт,,,Яровой ячмень,,,,,,,,"13,6",,,,,,,,,,61%,61%,,,,,"Одноосные трекеры. Два модуля, установленных бок о бок в портретной ориентации",crop_farming,https://docs.google.com/spreadsheets/d/e/2PACX-1vSrhKbZjKkGqSytiGNDciKhx5LYm9bubt-WFqbuASR48nvkC8yEg16fZKnbRgXeMdNPSAVJbZlnw-Sc/pub?output=csv,88,,,,,,,,,,,,,,,,,,,,,,,,,,,,,,,,,,,,,,,,,,,,,,,,,,,,,,,,
10.52825/agripv.v3i.1361,Agrivoltaics Crop Yield Modeling: Quantifying the Effects of Light Limitations on Crop Growth,"Agrivoltaics (APV) combine agriculture and photovoltaic (PV) energy production on the same land and have the potential to provide several synergies for both production systems. Moving towards large-scale commercial implementation, synergies and trade-offs need to be quantified. Various APV designs exist and have been studied in field experiments in the past. In addition to PV design choices, differences respecting the crops grown, the soil conditions and the climatic conditions are known to affect crop yields. However, it is unclear how planned APV sites with conditions that differ from the known research sites will perform. This poses challenges in terms of assessing the implications for both farmers and APV planners. Therefore, we developed a framework for simulating impacts of APV shading effects on crop yields. A new APV shading model is developed to specifically match the needs of the PROMET crop model, which is capable of worldwide simulations for a large range of crop types. When compared to results from the state-of-the art bifacial radiance raytracing model, similar trends and magnitudes in irradiance reductions have been observed. Agricultural yield prediction simulations for a planned BayWa r.e. APV project in France were used as a test case. The simulation results showed large differences between one-in-portrait and two-in-portrait trackers. The simulated crop yields for the site remain only within an acceptable range for winter wheat and rapeseed with 1P trackers. While the shading model and PROMET have already been tested individually, a more in-depth validation of the entire framework is planned for the near future, when data for planned systems becomes available. The addition of the APV shading model expands capabilities of the PROMET crop model towards APV simulation and allows for future development of advanced APV-related data products.",,,Париж,184000,,,Открытый грунт,,,Рапс,,,,,,,,"13,6",,,,,,,,,,76%,76%,,,,,"Одноосные трекеры. Два модуля, установленных бок о бок в портретной ориентации",crop_farming,https://docs.google.com/spreadsheets/d/e/2PACX-1vSrhKbZjKkGqSytiGNDciKhx5LYm9bubt-WFqbuASR48nvkC8yEg16fZKnbRgXeMdNPSAVJbZlnw-Sc/pub?output=csv,89,,,,,,,,,,,,,,,,,,,,,,,,,,,,,,,,,,,,,,,,,,,,,,,,,,,,,,,,
10.52825/agripv.v3i.1406,Agrivoltaics in Norway: Microclimate Modelling and Grass Yields from the Highest Latitude Agrivoltaics System,"Agrivoltaics, also known as solar sharing or agri-PV, represents a pioneering con- cept that seeks to optimise land use by combining agriculture with photovoltaics on the same land area. While research and development on this topic have increased significantly, few studies address the issue in the Continental Subarctic Climate zone. In this paper, we report on the modelling and installation of a 48 kWp agrivoltaic system at the Skjetlein High School in Trondheim (Norway, lat. 63.34), which is currently the highest latitude system in the World, and we present the initial results of the impacts of the system on Timothy grass biomass. This work takes the first steps towards realising agrivoltaic opportunities for a broad area of Norwegian agriculture.",01.06.2023,,Тронхейм,,,,Открытый грунт,,,Тимофеевка луговая,,,,90,90,,"0,5",12,,,,,,,48,,,100%,100%,,,,,"В разделе моделирования (Рис. 3) для сравнения представлены и другие ориентации (Север-Юг, азимут 10°, азимут 20°), но они не были реализованы в данном эксперименте.",crop_farming,https://docs.google.com/spreadsheets/d/e/2PACX-1vSrhKbZjKkGqSytiGNDciKhx5LYm9bubt-WFqbuASR48nvkC8yEg16fZKnbRgXeMdNPSAVJbZlnw-Sc/pub?output=csv,90,,,,,,,,,,,,,,,,,,,,,,,,,,,,,,,,,,,,,,,,,,,,,,,,,,,,,,,,
10.1111/ppl.14081,Agrivoltaics mitigate drought effects in winter wheat,"Climate change is expected to decrease water availability in many agricultural production areas around the globe. At the same time renewable energy concepts such as agrivoltaics (AV) are necessary to manage the energy transition. Several studies showed that evapotranspiration can be reduced in AV systems, resulting in increased water availability for crops. However, effects on crop performance and productivity remain unclear to date. Carbon-13 isotopic composition (δ13 C and discrimination against carbon-13) can be used as a proxy for the effects of water availability on plant performance, integrating crop responses over the entire growing season. The aim of this study was to assess these effects via carbon isotopic composition in grains, as well as grain yield of winter wheat in an AV system in southwest Germany. Crops were cultivated over four seasons from 2016-2020 in the AV system and on an unshaded adjacent reference (REF) site. Across all seasons, average grain yield did not significantly differ between AV and REF (4.7 vs 5.2 t ha-1 ), with higher interannual yield stability in the AV system. However, δ13 C as well as carbon-13 isotope discrimination differed significantly across the seasons by 1‰ (AV: -29.0‰ vs REF: -28.0‰ and AV: 21.6‰ vs REF: 20.6‰) between the AV system and the REF site. These drought mitigation effects as indicated by the results of this study will become crucial for the resilience of agricultural production in the near future when drought events will become significantly more frequent and severe.",01.10.2016,31.07.2019,Хердванген-Шёнах,3000,,,Открытый грунт,Равномерное орошение,,Озимая пшеница,,,,,,,5,,,,,,,"64,66666667",194,,,90%,90%,,,,,"Смягчение засухи: система агровольтаики достоверно смягчала эффекты засухи, что подтверждается данными по изотопному составу углерода (δ¹³C и CID) в зерне пшеницы. Растения под панелями меньше испытывали водный стресс. Стабильность урожая: хотя средняя урожайность в системе AV была несколько ниже, чем на контрольном участке (REF), разница не была статистически значимой. При этом устойчивость урожая в системе AV была выше (коэффициент вариации 16% против 26% на REF), особенно в засушливые сезоны. Водопользование: более высокие значения CID в системе AV указывают на то, что растения могли держать устьица открытыми дольше, имели более высокую проводимость и, следовательно, потенциально более высокий потенциал ассимиляции углерода в условиях меньшего водного стресса.",crop_farming,https://docs.google.com/spreadsheets/d/e/2PACX-1vSrhKbZjKkGqSytiGNDciKhx5LYm9bubt-WFqbuASR48nvkC8yEg16fZKnbRgXeMdNPSAVJbZlnw-Sc/pub?output=csv,91,,,,,,,,,,,,,,,,,,,,,,,,,,,,,,,,,,,,,,,,,,,,,,,,,,,,,,,,
10.3390/en13184815,Application of Photovoltaic Systems for Agriculture: A Study on the Relationship between Power Generation and Farming for the Improvement of Photovoltaic Applications in Agriculture,"Agrivoltaic (agriculture–photovoltaic) or solar sharing has gained growing recognition as a promising means of integrating agriculture and solar-energy harvesting. Although this field offers great potential, data on the impact on crop growth and development are insufficient. As such, this study examines the impact of agriculture–photovoltaic farming on crops using energy information and communications technology (ICT). The researched crops were grapes, cultivated land was divided into six sections, photovoltaic panels were installed in three test areas, and not installed in the other three. A 1300 × 520 mm photovoltaic module was installed on a screen that was designed with a shading rate of 30%. In addition, to collect farming-cultivation-environment data and to analyze power generation, sensors for growing environments and wireless-communication devices were used. As a result, normal modules generated 25.2 MWh, bifacial modules generated 21.6 MWh, and transparent modules generated 25.7 MWh over a five-month period. We could not find a difference in grape growth according to the difference of each module. However, a slight slowing of grape growth was found in the experiment group compared to the control group. Nevertheless, the sugar content of the test area of the grape fruit in the harvest season was 17.6 Brix on average, and the sugar content of the control area was measured at 17.2 Brix. Grape sugar-content level was shown to be at almost the same level as that in the control group by delaying the harvest time by about 10 days. In conclusion, this study shows that it is possible to produce renewable energy without any meaningful negative impact on normal grape farming.",01.04.2019,01.12.2019,Инчхон,600,,,Открытый грунт,Равномерное орошение,,Виноград,,,,0,15,,2,,50%,,,,,55,33,60480,"1832,727273",100%,100%,,,,,Сбор урожая на 10 дней позже,crop_farming,https://docs.google.com/spreadsheets/d/e/2PACX-1vSrhKbZjKkGqSytiGNDciKhx5LYm9bubt-WFqbuASR48nvkC8yEg16fZKnbRgXeMdNPSAVJbZlnw-Sc/pub?output=csv,92,,,,,,,,,,,,,,,,,,,,,,,,,,,,,,,,,,,,,,,,,,,,,,,,,,,,,,,,
10.3390/en13184815,Application of Photovoltaic Systems for Agriculture: A Study on the Relationship between Power Generation and Farming for the Improvement of Photovoltaic Applications in Agriculture,"Agrivoltaic (agriculture–photovoltaic) or solar sharing has gained growing recognition as a promising means of integrating agriculture and solar-energy harvesting. Although this field offers great potential, data on the impact on crop growth and development are insufficient. As such, this study examines the impact of agriculture–photovoltaic farming on crops using energy information and communications technology (ICT). The researched crops were grapes, cultivated land was divided into six sections, photovoltaic panels were installed in three test areas, and not installed in the other three. A 1300 × 520 mm photovoltaic module was installed on a screen that was designed with a shading rate of 30%. In addition, to collect farming-cultivation-environment data and to analyze power generation, sensors for growing environments and wireless-communication devices were used. As a result, normal modules generated 25.2 MWh, bifacial modules generated 21.6 MWh, and transparent modules generated 25.7 MWh over a five-month period. We could not find a difference in grape growth according to the difference of each module. However, a slight slowing of grape growth was found in the experiment group compared to the control group. Nevertheless, the sugar content of the test area of the grape fruit in the harvest season was 17.6 Brix on average, and the sugar content of the control area was measured at 17.2 Brix. Grape sugar-content level was shown to be at almost the same level as that in the control group by delaying the harvest time by about 10 days. In conclusion, this study shows that it is possible to produce renewable energy without any meaningful negative impact on normal grape farming.",01.04.2019,01.12.2019,Инчхон,600,,,Открытый грунт,Равномерное орошение,,Виноград,,,,45,15,,2,,50%,,,,,55,33,51840,"1570,909091",100%,100%,,,,,Сбор урожая на 10 дней позже,crop_farming,https://docs.google.com/spreadsheets/d/e/2PACX-1vSrhKbZjKkGqSytiGNDciKhx5LYm9bubt-WFqbuASR48nvkC8yEg16fZKnbRgXeMdNPSAVJbZlnw-Sc/pub?output=csv,93,,,,,,,,,,,,,,,,,,,,,,,,,,,,,,,,,,,,,,,,,,,,,,,,,,,,,,,,
10.3390/en13184815,Application of Photovoltaic Systems for Agriculture: A Study on the Relationship between Power Generation and Farming for the Improvement of Photovoltaic Applications in Agriculture,"Agrivoltaic (agriculture–photovoltaic) or solar sharing has gained growing recognition as a promising means of integrating agriculture and solar-energy harvesting. Although this field offers great potential, data on the impact on crop growth and development are insufficient. As such, this study examines the impact of agriculture–photovoltaic farming on crops using energy information and communications technology (ICT). The researched crops were grapes, cultivated land was divided into six sections, photovoltaic panels were installed in three test areas, and not installed in the other three. A 1300 × 520 mm photovoltaic module was installed on a screen that was designed with a shading rate of 30%. In addition, to collect farming-cultivation-environment data and to analyze power generation, sensors for growing environments and wireless-communication devices were used. As a result, normal modules generated 25.2 MWh, bifacial modules generated 21.6 MWh, and transparent modules generated 25.7 MWh over a five-month period. We could not find a difference in grape growth according to the difference of each module. However, a slight slowing of grape growth was found in the experiment group compared to the control group. Nevertheless, the sugar content of the test area of the grape fruit in the harvest season was 17.6 Brix on average, and the sugar content of the control area was measured at 17.2 Brix. Grape sugar-content level was shown to be at almost the same level as that in the control group by delaying the harvest time by about 10 days. In conclusion, this study shows that it is possible to produce renewable energy without any meaningful negative impact on normal grape farming.",01.04.2019,01.12.2019,Инчхон,600,,,Открытый грунт,Равномерное орошение,,Виноград,,,,-45,15,,2,,50%,,,,,55,33,61680,"1869,090909",100%,100%,,,,,Сбор урожая на 10 дней позже,crop_farming,https://docs.google.com/spreadsheets/d/e/2PACX-1vSrhKbZjKkGqSytiGNDciKhx5LYm9bubt-WFqbuASR48nvkC8yEg16fZKnbRgXeMdNPSAVJbZlnw-Sc/pub?output=csv,94,,,,,,,,,,,,,,,,,,,,,,,,,,,,,,,,,,,,,,,,,,,,,,,,,,,,,,,,
10.1016/j.renene.2023.05.077,Complex methodology for optimizing local energy supply and overall resilience of rural areas: A case study of Agrovoltaic system with Miscanthus x giganteus plantation within the energy community in the Czech Republic,"The article presents a proposal for a comprehensive methodology designed to increase the energy self-sufficiency and overall resilience of rural areas. The methodology aims to maximize the synergy and economic benefit of the agrovoltaic system with the cultivation of the energy crop Miscanthus x giganteus and its use for energy production in CHP sources within the local energy community. Primary data from Miscanthus × giganteus cultivation from long-term field trials and commercial plantations and initial agrovoltaic experiments were used. The analysed data show the high resistance and adaptability of Miscanthus × giganteus to climate change and confirm its expected long-term high yields of around 15 t DM ha−1 y−1 with a Higher Heating Value of 17–19 GJ t−1. The application of the methodology to a case study in the Czech Republic shows a reduction in electricity consumption by more than 40% (2 GWh) and a reduction in thermal energy consumption by more than 15% (4 GWh). The technical-economic analysis shows the high potential, financial and non-financial benefits of local production of energy fuels from biomass as part of subsequent production and energy distribution in the agrovoltaic field.",,,Бржезнице,98000,,,Открытый грунт,,Средняя,Мискантус,,,,0,35,,,,,,,,,,1500,1560000,1040,90%,90%,,,,,"1) Энергетические показатели: снижение потребления электроэнергии: > 40% (2 ГВт*ч/год); Снижение потребления тепловой энергии: > 15% (4 ГВт*ч/год); Теплотворная способность биомассы: Высшая теплотворная способность (HHV) = 17–19 ГДж/т 2)Экономические показатели: Срок окупаемости: 8 лет (простой), 10.3 года (дисконтированный); Чистая приведенная стоимость (NPV): 1 881 000 евро; Годовой экономический эффект для сообщества: 207 000 евро/год 3) Конфигурация системы: Установленная мощность АГ-электростанции: 1.5 МВт (оптимальная по результатам анализа); Установленная тепловая мощность ТЭЦ (CHP): 1.6 МВт; Технология ТЭЦ: ORC (Organic Rankine Cycle); Потребление биомассы: 20.2 ТДж/год",crop_farming,https://docs.google.com/spreadsheets/d/e/2PACX-1vSrhKbZjKkGqSytiGNDciKhx5LYm9bubt-WFqbuASR48nvkC8yEg16fZKnbRgXeMdNPSAVJbZlnw-Sc/pub?output=csv,95,,,,,,,,,,,,,,,,,,,,,,,,,,,,,,,,,,,,,,,,,,,,,,,,,,,,,,,,
10.1016/j.dib.2024.110990,Data on the effects of a vertical agrivoltaic system on crop yield and nutrient content of barley (Hordeum vulgare L.) in Sweden,"Agrivoltaic systems emerge as a promising solution to the ongoing conflict between allocating agricultural land for food production and establishing solar parks. This field experiment, conducted during the spring and summer seasons of 2023, aims to showcase barley production in a vertical agrivoltaic system compared to open-field reference conditions at Kärrbo Prästgård, near Västerås, Sweden. The dataset presented in this article encompasses both barley kernel and straw yields, kernel crude protein levels, starch content in kernels and thousand kernel weight. All collected data underwent analysis of variance (ANOVA) with Tukey pairwise comparison when possible, using dedicated software RStudio 4.3.2. This dataset article illustrates the effects of the vertical agrivoltaic design system on barley productivity. Interested researchers can benefit from this data to better comprehend barley yield under this specific agrivoltaic design and conduct further analyses and comparisons with yields from different locations or design configurations. The experimental data holds the potential to foster collaborations and advance research in agrivoltaic systems, providing a valuable resource for anyone interested in the subject. It was observed that the mean barley yield in all the different areas of the vertical agrivoltaic system were higher than the one in the control area. Additionally, weather and solar irradiance data collected during the growing season are provided in the repository for further usage.",12.05.2023,07.09.2023,Вестерос,"0,25",,,Открытый грунт,Неравномерное орошение,,Ячмень Дракон,,,,0,90,,,,,,,,,,,,,131%,132%,,,,,"Баклажаны, салат латук и алоэ вера показали значительное преимущество по урожайности и общему коэффициенту LER в условиях агровольтаики. Томаты не показали разницы, а выращивание зеленого перца чили в такой системе признано нецелесообразным (LER < 1), несмотря на высокий прирост биомассы, из-за компромисса с выработкой энергии.",crop_farming,https://docs.google.com/spreadsheets/d/e/2PACX-1vSrhKbZjKkGqSytiGNDciKhx5LYm9bubt-WFqbuASR48nvkC8yEg16fZKnbRgXeMdNPSAVJbZlnw-Sc/pub?output=csv,96,,,,,,,,,,,,,,,,,,,,,,,,,,,,,,,,,,,,,,,,,,,,,,,,,,,,,,,,
10.1016/j.cles.2025.100174,Design of an Agro-photovoltaic system to find shade tolerant crops perspective to Bangladesh,"Agro-photovoltaic (APV) technology addresses the challenges of land-use competition by enabling simultaneous solar power generation and food production, thus mitigating potential economic, ecological, political, and social conflicts in Bangladesh's future energy landscape. This study investigates the growth and yield of shade-tolerant crops, including tomato, brinjal, green chili, lettuce, aloe vera, under shaded and non-shaded conditions. Key plant growth parameters such as height, number of leaves, flowers, fruits, and fruit weight are measured to evaluate crop performance in the APV system. The Land Equivalent Ratio (LER) is utilized to compare the efficiency of food and energy production in APV systems against traditional monoculture farming, identifying optimal crops for APV integration. Energy generation from a stand-alone APV (SAPV) system is measured and simulated using PVsyst software to optimize system performance and maximize power output. Results indicate that brinjal, lettuce, aloe vera exhibit yield advantages in the APV system, while green chili show disadvantages, and tomato demonstrates no significant difference. The SAPV system achieves an average yearly performance ratio of 75.4 % and a solar fraction (FR) of 0.914, consistently meeting energy demands with an average daily energy production of 1.157 kWh. This study highlights the feasibility of APV systems as a sustainable model for integrated food and energy production in Bangladesh, demonstrating their potential to enhance land-use efficiency and contribute to the nation's energy and agricultural resilience.",,,Читтагонг,9,1,1,Открытый грунт,Равномерное орошение,,Томат,,,100 Вт,0,25,0,"1,725",,,1589,,1644,,,"0,3","424,98","1416,6",100%,100%,,,,,"Баклажаны, салат латук и алоэ вера показали значительное преимущество по урожайности и общему коэффициенту LER в условиях агровольтаики. Томаты не показали разницы, а выращивание зеленого перца чили в такой системе признано нецелесообразным (LER < 1), несмотря на высокий прирост биомассы, из-за компромисса с выработкой энергии.",crop_farming,https://docs.google.com/spreadsheets/d/e/2PACX-1vSrhKbZjKkGqSytiGNDciKhx5LYm9bubt-WFqbuASR48nvkC8yEg16fZKnbRgXeMdNPSAVJbZlnw-Sc/pub?output=csv,97,,,,,,,,,,,,,,,,,,,,,,,,,,,,,,,,,,,,,,,,,,,,,,,,,,,,,,,,
10.1016/j.cles.2025.100174,Design of an Agro-photovoltaic system to find shade tolerant crops perspective to Bangladesh,"Agro-photovoltaic (APV) technology addresses the challenges of land-use competition by enabling simultaneous solar power generation and food production, thus mitigating potential economic, ecological, political, and social conflicts in Bangladesh's future energy landscape. This study investigates the growth and yield of shade-tolerant crops, including tomato, brinjal, green chili, lettuce, aloe vera, under shaded and non-shaded conditions. Key plant growth parameters such as height, number of leaves, flowers, fruits, and fruit weight are measured to evaluate crop performance in the APV system. The Land Equivalent Ratio (LER) is utilized to compare the efficiency of food and energy production in APV systems against traditional monoculture farming, identifying optimal crops for APV integration. Energy generation from a stand-alone APV (SAPV) system is measured and simulated using PVsyst software to optimize system performance and maximize power output. Results indicate that brinjal, lettuce, aloe vera exhibit yield advantages in the APV system, while green chili show disadvantages, and tomato demonstrates no significant difference. The SAPV system achieves an average yearly performance ratio of 75.4 % and a solar fraction (FR) of 0.914, consistently meeting energy demands with an average daily energy production of 1.157 kWh. This study highlights the feasibility of APV systems as a sustainable model for integrated food and energy production in Bangladesh, demonstrating their potential to enhance land-use efficiency and contribute to the nation's energy and agricultural resilience.",,,Читтагонг,9,"1,93","1,93",Открытый грунт,Равномерное орошение,,Баклажан,,,100 Вт,0,25,0,"1,725",,,1589,,1644,,,"0,3","424,98","1416,6",233%,233%,,,,,"Баклажаны, салат латук и алоэ вера показали значительное преимущество по урожайности и общему коэффициенту LER в условиях агровольтаики. Томаты не показали разницы, а выращивание зеленого перца чили в такой системе признано нецелесообразным (LER < 1), несмотря на высокий прирост биомассы, из-за компромисса с выработкой энергии.",crop_farming,https://docs.google.com/spreadsheets/d/e/2PACX-1vSrhKbZjKkGqSytiGNDciKhx5LYm9bubt-WFqbuASR48nvkC8yEg16fZKnbRgXeMdNPSAVJbZlnw-Sc/pub?output=csv,98,,,,,,,,,,,,,,,,,,,,,,,,,,,,,,,,,,,,,,,,,,,,,,,,,,,,,,,,
10.1016/j.cles.2025.100174,Design of an Agro-photovoltaic system to find shade tolerant crops perspective to Bangladesh,"Agro-photovoltaic (APV) technology addresses the challenges of land-use competition by enabling simultaneous solar power generation and food production, thus mitigating potential economic, ecological, political, and social conflicts in Bangladesh's future energy landscape. This study investigates the growth and yield of shade-tolerant crops, including tomato, brinjal, green chili, lettuce, aloe vera, under shaded and non-shaded conditions. Key plant growth parameters such as height, number of leaves, flowers, fruits, and fruit weight are measured to evaluate crop performance in the APV system. The Land Equivalent Ratio (LER) is utilized to compare the efficiency of food and energy production in APV systems against traditional monoculture farming, identifying optimal crops for APV integration. Energy generation from a stand-alone APV (SAPV) system is measured and simulated using PVsyst software to optimize system performance and maximize power output. Results indicate that brinjal, lettuce, aloe vera exhibit yield advantages in the APV system, while green chili show disadvantages, and tomato demonstrates no significant difference. The SAPV system achieves an average yearly performance ratio of 75.4 % and a solar fraction (FR) of 0.914, consistently meeting energy demands with an average daily energy production of 1.157 kWh. This study highlights the feasibility of APV systems as a sustainable model for integrated food and energy production in Bangladesh, demonstrating their potential to enhance land-use efficiency and contribute to the nation's energy and agricultural resilience.",,,Читтагонг,9,"0,96","0,96",Открытый грунт,Равномерное орошение,,Зеленый перец,,,100 Вт,0,25,0,"1,725",,,1589,,1644,,,"0,3","424,98","1416,6",400%,400%,,,,,"Баклажаны, салат латук и алоэ вера показали значительное преимущество по урожайности и общему коэффициенту LER в условиях агровольтаики. Томаты не показали разницы, а выращивание зеленого перца чили в такой системе признано нецелесообразным (LER < 1), несмотря на высокий прирост биомассы, из-за компромисса с выработкой энергии.",crop_farming,https://docs.google.com/spreadsheets/d/e/2PACX-1vSrhKbZjKkGqSytiGNDciKhx5LYm9bubt-WFqbuASR48nvkC8yEg16fZKnbRgXeMdNPSAVJbZlnw-Sc/pub?output=csv,99,,,,,,,,,,,,,,,,,,,,,,,,,,,,,,,,,,,,,,,,,,,,,,,,,,,,,,,,
10.1016/j.cles.2025.100174,Design of an Agro-photovoltaic system to find shade tolerant crops perspective to Bangladesh,"Agro-photovoltaic (APV) technology addresses the challenges of land-use competition by enabling simultaneous solar power generation and food production, thus mitigating potential economic, ecological, political, and social conflicts in Bangladesh's future energy landscape. This study investigates the growth and yield of shade-tolerant crops, including tomato, brinjal, green chili, lettuce, aloe vera, under shaded and non-shaded conditions. Key plant growth parameters such as height, number of leaves, flowers, fruits, and fruit weight are measured to evaluate crop performance in the APV system. The Land Equivalent Ratio (LER) is utilized to compare the efficiency of food and energy production in APV systems against traditional monoculture farming, identifying optimal crops for APV integration. Energy generation from a stand-alone APV (SAPV) system is measured and simulated using PVsyst software to optimize system performance and maximize power output. Results indicate that brinjal, lettuce, aloe vera exhibit yield advantages in the APV system, while green chili show disadvantages, and tomato demonstrates no significant difference. The SAPV system achieves an average yearly performance ratio of 75.4 % and a solar fraction (FR) of 0.914, consistently meeting energy demands with an average daily energy production of 1.157 kWh. This study highlights the feasibility of APV systems as a sustainable model for integrated food and energy production in Bangladesh, demonstrating their potential to enhance land-use efficiency and contribute to the nation's energy and agricultural resilience.",,,Читтагонг,9,"1,85","1,85",Открытый грунт,Равномерное орошение,,Салат-латук,,,100 Вт,0,25,0,"1,725",,,1589,,1644,,,"0,3","424,98","1416,6",111%,111%,,,,,"Баклажаны, салат латук и алоэ вера показали значительное преимущество по урожайности и общему коэффициенту LER в условиях агровольтаики. Томаты не показали разницы, а выращивание зеленого перца чили в такой системе признано нецелесообразным (LER < 1), несмотря на высокий прирост биомассы, из-за компромисса с выработкой энергии.",crop_farming,https://docs.google.com/spreadsheets/d/e/2PACX-1vSrhKbZjKkGqSytiGNDciKhx5LYm9bubt-WFqbuASR48nvkC8yEg16fZKnbRgXeMdNPSAVJbZlnw-Sc/pub?output=csv,100,,,,,,,,,,,,,,,,,,,,,,,,,,,,,,,,,,,,,,,,,,,,,,,,,,,,,,,,
10.1016/j.cles.2025.100174,Design of an Agro-photovoltaic system to find shade tolerant crops perspective to Bangladesh,"Agro-photovoltaic (APV) technology addresses the challenges of land-use competition by enabling simultaneous solar power generation and food production, thus mitigating potential economic, ecological, political, and social conflicts in Bangladesh's future energy landscape. This study investigates the growth and yield of shade-tolerant crops, including tomato, brinjal, green chili, lettuce, aloe vera, under shaded and non-shaded conditions. Key plant growth parameters such as height, number of leaves, flowers, fruits, and fruit weight are measured to evaluate crop performance in the APV system. The Land Equivalent Ratio (LER) is utilized to compare the efficiency of food and energy production in APV systems against traditional monoculture farming, identifying optimal crops for APV integration. Energy generation from a stand-alone APV (SAPV) system is measured and simulated using PVsyst software to optimize system performance and maximize power output. Results indicate that brinjal, lettuce, aloe vera exhibit yield advantages in the APV system, while green chili show disadvantages, and tomato demonstrates no significant difference. The SAPV system achieves an average yearly performance ratio of 75.4 % and a solar fraction (FR) of 0.914, consistently meeting energy demands with an average daily energy production of 1.157 kWh. This study highlights the feasibility of APV systems as a sustainable model for integrated food and energy production in Bangladesh, demonstrating their potential to enhance land-use efficiency and contribute to the nation's energy and agricultural resilience.",,,Читтагонг,9,"1,86","1,86",Открытый грунт,Равномерное орошение,,Алоэ вера,,,100 Вт,0,25,0,"1,725",,,1589,,1644,,,"0,3","424,98","1416,6",227%,227%,,,,,"Баклажаны, салат латук и алоэ вера показали значительное преимущество по урожайности и общему коэффициенту LER в условиях агровольтаики. Томаты не показали разницы, а выращивание зеленого перца чили в такой системе признано нецелесообразным (LER < 1), несмотря на высокий прирост биомассы, из-за компромисса с выработкой энергии.",crop_farming,https://docs.google.com/spreadsheets/d/e/2PACX-1vSrhKbZjKkGqSytiGNDciKhx5LYm9bubt-WFqbuASR48nvkC8yEg16fZKnbRgXeMdNPSAVJbZlnw-Sc/pub?output=csv,101,,,,,,,,,,,,,,,,,,,,,,,,,,,,,,,,,,,,,,,,,,,,,,,,,,,,,,,,
10.1016/j.rineng.2025.105278,"Design, simulation, and experimental evaluation of an agrivoltaic greenhouse in Turkey","Agrivoltaic greenhouses represent a promising approach for simultaneously achieving renewable energy production and agricultural productivity. Despite significant research, gaps remain concerning the practical integration of bifacial photovoltaic (PV) systems into greenhouse structures, particularly regarding detailed pre-design simulations combined with experimental validation under Mediterranean climatic conditions. This study addresses these gaps by designing, simulating, constructing, and experimentally validating a bifacial PV-integrated greenhouse in Ankara, Turkey. Advanced ray-tracing simulations with bifacial_radiance software evaluated multiple design parameters, including roof coverage ratios, PV layout patterns, greenhouse shapes, and orientations, with the aim of optimizing light distribution and photovoltaic yield. A checkerboard PV pattern covering 33 % of the greenhouse roof with an east-west orientation was identified as optimal for uniform light distribution. Experimental evaluations conducted on tomato and bell pepper crops over two growing seasons (2022–2023) showed yield reductions of 26–32 % in 2022, decreasing significantly to 15–18 % in 2023 due to improved shading management. Energy simulations predicted an annual specific PV yield of approximately 1211 kWh/kWp, closely aligned with operational data (1264 kWh/kWp) despite partial system use owing to grid limitations. The PV system successfully covered nearly all greenhouse energy demands except for heating. The findings highlight the delicate balance required between PV energy generation and agricultural yield and underscore the importance of comprehensive economic assessments to quantify the environmental and financial benefits of agrivoltaic systems.",01.07.2022,01.11.2023,Анкара,640,1,1,Теплица,Неравномерное орошение,Низкая,Томат,,,405 Вт,90,"27,5","1,57","4,1",,"67,15%",,,,,"37,5111254","24,00712025",30345,1264,74%,74%,,,,,,crop_farming,https://docs.google.com/spreadsheets/d/e/2PACX-1vSrhKbZjKkGqSytiGNDciKhx5LYm9bubt-WFqbuASR48nvkC8yEg16fZKnbRgXeMdNPSAVJbZlnw-Sc/pub?output=csv,102,,,,,,,,,,,,,,,,,,,,,,,,,,,,,,,,,,,,,,,,,,,,,,,,,,,,,,,,
10.1016/j.rineng.2025.105278,"Design, simulation, and experimental evaluation of an agrivoltaic greenhouse in Turkey","Agrivoltaic greenhouses represent a promising approach for simultaneously achieving renewable energy production and agricultural productivity. Despite significant research, gaps remain concerning the practical integration of bifacial photovoltaic (PV) systems into greenhouse structures, particularly regarding detailed pre-design simulations combined with experimental validation under Mediterranean climatic conditions. This study addresses these gaps by designing, simulating, constructing, and experimentally validating a bifacial PV-integrated greenhouse in Ankara, Turkey. Advanced ray-tracing simulations with bifacial_radiance software evaluated multiple design parameters, including roof coverage ratios, PV layout patterns, greenhouse shapes, and orientations, with the aim of optimizing light distribution and photovoltaic yield. A checkerboard PV pattern covering 33 % of the greenhouse roof with an east-west orientation was identified as optimal for uniform light distribution. Experimental evaluations conducted on tomato and bell pepper crops over two growing seasons (2022–2023) showed yield reductions of 26–32 % in 2022, decreasing significantly to 15–18 % in 2023 due to improved shading management. Energy simulations predicted an annual specific PV yield of approximately 1211 kWh/kWp, closely aligned with operational data (1264 kWh/kWp) despite partial system use owing to grid limitations. The PV system successfully covered nearly all greenhouse energy demands except for heating. The findings highlight the delicate balance required between PV energy generation and agricultural yield and underscore the importance of comprehensive economic assessments to quantify the environmental and financial benefits of agrivoltaic systems.",01.07.2022,01.11.2023,Анкара,640,1,1,Теплица,Неравномерное орошение,Низкая,Болгарский перец,,,405 Вт,90,"27,5","1,57","4,1",,"67,15%",,,,,"37,5111254","24,00712025",30345,1264,71%,71%,,,,,,crop_farming,https://docs.google.com/spreadsheets/d/e/2PACX-1vSrhKbZjKkGqSytiGNDciKhx5LYm9bubt-WFqbuASR48nvkC8yEg16fZKnbRgXeMdNPSAVJbZlnw-Sc/pub?output=csv,103,,,,,,,,,,,,,,,,,,,,,,,,,,,,,,,,,,,,,,,,,,,,,,,,,,,,,,,,
10.1002/fes3.70110,Economic Feasibility of Agrivoltaic Systems for Sustainable Small Scale Farming,"The global push toward renewable energy systems has prompted a desire to more efficiently use land through the co‐location of agricultural and industrial activities. Agrivoltaic systems (AV), crops grown underneath/adjacent to solar photovoltaic (PV) panels, present a unique value proposition to produce food and energy in a single location. Here, we conducted a field trial within a PV site, empirically testing AV methods using small‐scale sustainable farming practices in a peri‐urban landscape in Hawaiʻi. By mimicking commercial production conditions, we identified the most profitable lettuce genotype (e.g., Magenta) and created an enterprise budget to generate realistic financial expectations for those (company, municipality, university) aiming to create energy‐generating foodscapes. These empirical data generated in a commercial setting can be used as valuable inputs for future planning work in a range of different geographies.",01.07.2022,01.10.2022,Милилани Таун,4046,1,1,Открытый грунт,Равномерное орошение,Низкая,Салат-латук,"0,2",,,,,,,,,,,,,,,,,90%,90%,,,,,,crop_farming,https://docs.google.com/spreadsheets/d/e/2PACX-1vSrhKbZjKkGqSytiGNDciKhx5LYm9bubt-WFqbuASR48nvkC8yEg16fZKnbRgXeMdNPSAVJbZlnw-Sc/pub?output=csv,104,,,,,,,,,,,,,,,,,,,,,,,,,,,,,,,,,,,,,,,,,,,,,,,,,,,,,,,,
10.1016/j.heliyon.2022.e08877,Effect of photovoltaics shading on the growth of chili pepper in controlled greenhouses,"The integration of photovoltaic into a greenhouse has been implemented to maximize the energy output and crop production yield from the same land space. The effect of greenhouse external shading of opaque crystalline silicon photovoltaic (PV) panels at 13–26% of the roof area on the microclimate and growth of Chili pepper Capsicum annuum cv. (omega) was investigated. The PV panels were divided into two arrays (each of 4 PVs) and fixed separately on two external pillars of 4 m height in the Southeast and Northwest directions, respectively. Each array of 4 PVs could be tracked from the East-West direction to North-South. There were two greenhouses, one was used as control without shading and the other had the external shading. The results revealed that the external shading of PV slightly decreased air temperatures (1–2 °C) and light intensities (25–40%) but had no effect on the dew point temperatures and relative humidity as compared to the control (unshaded greenhouse). Furthermore, the yield and growth of Chili pepper in the shaded greenhouse was insignificantly higher than that in the unshaded greenhouse. Moreover, the simulation results revealed that the estimated electric energy of photovoltaic panels was 3705 kWh/year at a tilt angle of 25° facing South.",20.08.2020,01.12.2020,Гиза,50,,,Теплица,Равномерное орошение,Низкая,Чили перец,1,"19,5%",STP275-20/WF,0,25,,4,,71%,,,,,44,"2,2",3705,"1684,090909",114%,114%,,,,,,crop_farming,https://docs.google.com/spreadsheets/d/e/2PACX-1vSrhKbZjKkGqSytiGNDciKhx5LYm9bubt-WFqbuASR48nvkC8yEg16fZKnbRgXeMdNPSAVJbZlnw-Sc/pub?output=csv,105,,,,,,,,,,,,,,,,,,,,,,,,,,,,,,,,,,,,,,,,,,,,,,,,,,,,,,,,
10.52825/agripv.v1i.588,Effects of Agricultural Photovoltaic Systems Development on Sweet Potato Growth: Novel Agrivoltaics for Water Food Energy Nexus,"Agricultural Photovoltaic (APV) has become more popular worldwide. Its core idea is to generate electricity and grow crops simultaneously on the same farmland. We developed two APV, Spectrum Splitting and Concentrated APV (SCAPV) and Even-lighting Agricultural Photovoltaic (EAPV). Our previous studies have investigated electricity generation, enhanced growth of plants/crops, and reduced water evaporation simultaneously on the same farmland. Furthermore, SCAPV and EAPV examined the better quality and increased yield of many plants, such as lettuce and cucumber. However, the effects of SCAPV and EAPV on sweet potato quality and yield have not been studied. Therefore, this study aims to investigate the impact of SCAPV and EAPV on evapotranspiration (ET) and sweet potato quality and yield. We conducted three treatments: SCAPV, EAPV, and open-air (CK). We planted 32 m2 of sweet potatoes and placed a weather station in each treatment. Our results showed that the 32 m2 of sweet potato yield under SCAPV, EAPV, and CK were 121.53 kg, 99.55 kg, and 77.84 kg, respectively. The dry rate in CK was 11.75% lower than 13.41% and 13.81% under SCAPV and EAPV, respectively. Soluble sugar content increased under EAPV. Anthocyanin content under SCAPV improved. Therefore, SCAPV and EAPV positively affect dry matter accumulation and enhance the sweet potato's growth. Average ET under SCAPV and EAPV compared with CK significantly reduced by 31% and 23%. SCAPV and EAPV could reduce irrigation and provide feasible green energy and sustainable APV solutions.",17.04.2023,20.10.2023,Фуян,9,,,Открытый грунт,Равномерное орошение,Низкая,Батат,"0,8",32%,,0,,,,,,,,,,,,,,"100,3%","131,4%",,,,,"SCAPV (Spectrum Splitting and Concentrated APV): Многослойная полимерная пленка разделяет свет: синий, красный и дальний красный свет пропускаются на растения, остальной спектр концентрируется на ФЭ панелях.",crop_farming,https://docs.google.com/spreadsheets/d/e/2PACX-1vSrhKbZjKkGqSytiGNDciKhx5LYm9bubt-WFqbuASR48nvkC8yEg16fZKnbRgXeMdNPSAVJbZlnw-Sc/pub?output=csv,106,,,,,,,,,,,,,,,,,,,,,,,,,,,,,,,,,,,,,,,,,,,,,,,,,,,,,,,,
10.52825/agripv.v1i.588,Effects of Agricultural Photovoltaic Systems Development on Sweet Potato Growth: Novel Agrivoltaics for Water Food Energy Nexus,"Agricultural Photovoltaic (APV) has become more popular worldwide. Its core idea is to generate electricity and grow crops simultaneously on the same farmland. We developed two APV, Spectrum Splitting and Concentrated APV (SCAPV) and Even-lighting Agricultural Photovoltaic (EAPV). Our previous studies have investigated electricity generation, enhanced growth of plants/crops, and reduced water evaporation simultaneously on the same farmland. Furthermore, SCAPV and EAPV examined the better quality and increased yield of many plants, such as lettuce and cucumber. However, the effects of SCAPV and EAPV on sweet potato quality and yield have not been studied. Therefore, this study aims to investigate the impact of SCAPV and EAPV on evapotranspiration (ET) and sweet potato quality and yield. We conducted three treatments: SCAPV, EAPV, and open-air (CK). We planted 32 m2 of sweet potatoes and placed a weather station in each treatment. Our results showed that the 32 m2 of sweet potato yield under SCAPV, EAPV, and CK were 121.53 kg, 99.55 kg, and 77.84 kg, respectively. The dry rate in CK was 11.75% lower than 13.41% and 13.81% under SCAPV and EAPV, respectively. Soluble sugar content increased under EAPV. Anthocyanin content under SCAPV improved. Therefore, SCAPV and EAPV positively affect dry matter accumulation and enhance the sweet potato's growth. Average ET under SCAPV and EAPV compared with CK significantly reduced by 31% and 23%. SCAPV and EAPV could reduce irrigation and provide feasible green energy and sustainable APV solutions.",17.04.2023,20.10.2023,Фуян,9,,,Открытый грунт,Равномерное орошение,Низкая,Батат,"0,8",32%,,0,,,,,,,,,,,,,,"102,3%","127,89%",,,,," EAPV (Even-lighting Agricultural Photovoltaic): Между стандартными ФЭ панелями установлено рифленое стекло, которое рассеивает и равномерно распределяет свет под конструкцией.",crop_farming,https://docs.google.com/spreadsheets/d/e/2PACX-1vSrhKbZjKkGqSytiGNDciKhx5LYm9bubt-WFqbuASR48nvkC8yEg16fZKnbRgXeMdNPSAVJbZlnw-Sc/pub?output=csv,107,,,,,,,,,,,,,,,,,,,,,,,,,,,,,,,,,,,,,,,,,,,,,,,,,,,,,,,,
10.52825/agripv.v2i.1033,Effects of Agrivoltaics on the Microclimate in Horticulture: Enhancing Resilience of Agriculture in Semi-Arid Zones,"Chilean agriculture must adapt to climate change as droughts are already affecting the country and water availability is expected to further decline. In this context, Agrivoltaics (AV) systems, that install photovoltaic (PV) panels over crops and thus provide shading and an altered microclimate could enhance the resilience of agriculture in semi-arid zones. We compare data measured under an AV system with a reference measurement to quantify the effects of AV on microclimate in horticulture in the Metropolitan Region of Santiago, Chile. Data on irradiation, air temperature, air humidity, and wind speed allow us to compute potential evapotranspiration (PET). We observe a reduction of Global Horizontal Irradiation (GHI) under the AV system of 42%. Mainly, as a result of the decreased GHI, we derive a diminution in PET of 31%, quantifying the potential to lower the water demand of crops and thus irrigation. Measured soil moisture is on average 29% higher under the AV system compared to the reference condition, hence validating PET computations. Also, we find a more moderate climate with slightly stabilized air temperature and lower soil temperatures. Our results give a glimpse of the effects of installing PV panels over horticulture crops concerning the challenges of Chilean agriculture. AV systems have the potential to increase water availability by lowering irrigation demand and protecting crops from the effects of extreme irradiation, such as sunburn and heat stress. Thus, AV could foster the transformation of agriculture towards sustainable production systems. The documented effects should be verified over longer periods with different crops to understand the impact of AV within seasonal and interannual climatical variation and the diversity of Chilean agriculture.",29.10.2021,17.01.2022,Сантьяго,224,,,Открытый грунт,Равномерное орошение,Низкая,Базилик,,42%,,60,27,,"3,9","5,33",,,,,,"55,71428571","12,48",,,,,31%,29%,"-2,83","-0,2",,crop_farming,https://docs.google.com/spreadsheets/d/e/2PACX-1vSrhKbZjKkGqSytiGNDciKhx5LYm9bubt-WFqbuASR48nvkC8yEg16fZKnbRgXeMdNPSAVJbZlnw-Sc/pub?output=csv,108,,,,,,,,,,,,,,,,,,,,,,,,,,,,,,,,,,,,,,,,,,,,,,,,,,,,,,,,
10.52825/agripv.v3i.1405,Effects of Dynamic Agrivoltaics on Containerized Raspberry Plants: Results of the First Season,"Raspberries need to be protected from various stresses (radiative, thermal, hydric), and the Sun'Agri dynamic agrivoltaic system (DAV) could be a more sustainable solution than the plastic tunnels currently in use. Compagnie Nationale du Rhône (CNR) started a three-year experiment in 2023 to compare a dynamic agrivoltaic system (combined with insect proof nets) with a plastic tunnel serving as a control (CTL) in Dardilly (France) using ‘Kwanza’ rasp-berry containerized plants. The first year of experimentation revealed similar cumulative daily light integral between the two treatments over the growing season despite different patterns within the day. The protection from the DAV reduced mean air temperature by 1.8°C and increased mean relative humidity by 7.3% in comparison to the CTL. That improvement in the micro-environment was even more pronounced in the container substrate temperature. Daily maximum substrate temperatures were reduced by 5°C. The number of days reaching 35°C, that is considered deleterious for raspberries, was observed only four days in the DAV treat-ment versus 27 days in the CTL treatment. The less stressful micro-environment in the DAV was associated with water savings of 41%, increases in marketable yields and fruit weight of 32% and 39%, respectively. Satisfactory fruit quality was observed for both treatments. Two additional years of research will be performed to have a better understanding of raspberry performance cultivated in DAV.",30.04.2023,31.10.2023,Дард-Куаз,783,,,Контейнер,Равномерное орошение,Низкая,Малина,,46%,DM450M6-B72HSW,0,,,"4,5","4,5",96%,,,,,"191,5708812",150,,,132%,132%,41%,0%,-5,"-1,8",,crop_farming,https://docs.google.com/spreadsheets/d/e/2PACX-1vSrhKbZjKkGqSytiGNDciKhx5LYm9bubt-WFqbuASR48nvkC8yEg16fZKnbRgXeMdNPSAVJbZlnw-Sc/pub?output=csv,109,,,,,,,,,,,,,,,,,,,,,,,,,,,,,,,,,,,,,,,,,,,,,,,,,,,,,,,,
10.3390/app14073095,Effects of the Agrivoltaic System on Crop Production: The Case of Tomato (Solanum lycopersicum L.),"Climate change, with rising temperatures, water crises, and an increased frequency of climate disturbances, poses a threat to the ability of agroecosystems to ensure human access to food by affecting both the quantity and quality of crop production. Currently, there is growing knowledge about the fact that agrivoltaic systems may represent a direct strategy to cope with climate change driven by carbon dioxide emissions for energy production, preserving the capacity of agroecosystems to maintain food security. The aim of this work was to investigate the impact of environmental conditions generated by photovoltaic (PV) panels for sustaining open-field tomato (Solanum lycopersicum L.) fruit production under varying water supply regimes. Tomato plants were grown beneath PV panels or in full sunlight. In each scenario, two plots with an equal number of plants were subjected to different irrigation levels: high watering (HW) and low watering (LW). The results showed a lower number of tomato fruit produced grown under the PV panels, with an increased fruit size and water content under a normal water supply. The Brix degrees of the tomato fruits grown under the panel were more comparable to the fruits commercially available on the market than the Brix degree of the fruits grown in open-field sunlight. Thus, our data supported the conclusion that the agrivoltaic system, in the context of climate change with the enduring drought and long-term water scarcity, can be a good adaptation strategy to maintain favorable tomato production compared to the full sunlight conditions. Furthermore, these results can be important for planning breeding programs, since in many cases, the tomato fruits grown in full sunlight were seedless.",30.06.2023,15.09.2023,Апулия,,,,Открытый грунт,Равномерное орошение,Низкая,Томат,,,,0,,,,,3%,,,,,,,,,94%,94%,,,"-7,6",-6,,crop_farming,https://docs.google.com/spreadsheets/d/e/2PACX-1vSrhKbZjKkGqSytiGNDciKhx5LYm9bubt-WFqbuASR48nvkC8yEg16fZKnbRgXeMdNPSAVJbZlnw-Sc/pub?output=csv,110,,,,,,,,,,,,,,,,,,,,,,,,,,,,,,,,,,,,,,,,,,,,,,,,,,,,,,,,
10.52825/agripv.v3i.1393,"Winter Wheat (Triticum aestivum L.) Grain Yield, Quality, and Net Photosynthesis When Grown Under Semi-Transparent Cadmium Telluride Photovoltaic Modules Near Maturity","Semi-transparent cadmium telluride (ST-CdTe) photovoltaic (PV) technology is based on the use of CdTe in a thin film (2-8µm) to absorb and convert sunlight into electricity. The thin film is deposited onto clear glass and can be custom abraded to produce ST-CdTe PV modules of a desired transparency level (e.g. 50% full sun/50% transparency) making it an intriguing option for agrivoltaics (AV) applications. Recent improvements in ST-CdTe PV technology have matched the efficiency of crystalline silicon (c-Si) PV with the levelized cost of energy production far lower than conventional gas, coal, and nuclear generation [1]. A field experiment was conducted whereby ST-CdTe PV modules of two transparency levels (20% and 50%) and a full sun control (100% transparency) were temporarily installed in a RCBD with three replicates over winter wheat (Triticum aestivum L.) plants after anthesis and until harvest. The average net photosynthetic rate (Pn) of the full sun control was significantly higher than the 20% ST-CdTe PV module, but not different from the 50% transparency module. Measured factors for yield and protein content were statistically insignificant, except for wheat head number, which was significantly higher under 50% ST-CdTe PV than both the 20% ST-CdTe and full sun control. These results provide evidence that ST-CdTe PV module technology can provide renewable energy while balancing wheat yield potential and grain quality. The ability to adjust the transparency levels of the modules make ST-CdTe another PV technology option to consider for AV applications.",15.09.2022,31.07.2023,Форт Коллинс,"0,42",,,Открытый грунт,Равномерное орошение,,Озимая пшеница,"0,76",,,30,30,,"0,2",,20%,,,,,,,,,100%,100%,,,,,,crop_farming,https://docs.google.com/spreadsheets/d/e/2PACX-1vSrhKbZjKkGqSytiGNDciKhx5LYm9bubt-WFqbuASR48nvkC8yEg16fZKnbRgXeMdNPSAVJbZlnw-Sc/pub?output=csv,111,,,,,,,,,,,,,,,,,,,,,,,,,,,,,,,,,,,,,,,,,,,,,,,,,,,,,,,,
10.52825/agripv.v3i.1393,"Winter Wheat (Triticum aestivum L.) Grain Yield, Quality, and Net Photosynthesis When Grown Under Semi-Transparent Cadmium Telluride Photovoltaic Modules Near Maturity","Semi-transparent cadmium telluride (ST-CdTe) photovoltaic (PV) technology is based on the use of CdTe in a thin film (2-8µm) to absorb and convert sunlight into electricity. The thin film is deposited onto clear glass and can be custom abraded to produce ST-CdTe PV modules of a desired transparency level (e.g. 50% full sun/50% transparency) making it an intriguing option for agrivoltaics (AV) applications. Recent improvements in ST-CdTe PV technology have matched the efficiency of crystalline silicon (c-Si) PV with the levelized cost of energy production far lower than conventional gas, coal, and nuclear generation [1]. A field experiment was conducted whereby ST-CdTe PV modules of two transparency levels (20% and 50%) and a full sun control (100% transparency) were temporarily installed in a RCBD with three replicates over winter wheat (Triticum aestivum L.) plants after anthesis and until harvest. The average net photosynthetic rate (Pn) of the full sun control was significantly higher than the 20% ST-CdTe PV module, but not different from the 50% transparency module. Measured factors for yield and protein content were statistically insignificant, except for wheat head number, which was significantly higher under 50% ST-CdTe PV than both the 20% ST-CdTe and full sun control. These results provide evidence that ST-CdTe PV module technology can provide renewable energy while balancing wheat yield potential and grain quality. The ability to adjust the transparency levels of the modules make ST-CdTe another PV technology option to consider for AV applications.",15.09.2022,31.07.2023,Форт Коллинс,"0,42",,,Открытый грунт,Равномерное орошение,,Озимая пшеница,"0,76",,,30,30,,"0,2",,50%,,,,,,,,,100%,100%,,,,,,crop_farming,https://docs.google.com/spreadsheets/d/e/2PACX-1vSrhKbZjKkGqSytiGNDciKhx5LYm9bubt-WFqbuASR48nvkC8yEg16fZKnbRgXeMdNPSAVJbZlnw-Sc/pub?output=csv,112,,,,,,,,,,,,,,,,,,,,,,,,,,,,,,,,,,,,,,,,,,,,,,,,,,,,,,,,
10.52825/agripv.v3i.1393,"Winter Wheat (Triticum aestivum L.) Grain Yield, Quality, and Net Photosynthesis When Grown Under Semi-Transparent Cadmium Telluride Photovoltaic Modules Near Maturity","Semi-transparent cadmium telluride (ST-CdTe) photovoltaic (PV) technology is based on the use of CdTe in a thin film (2-8µm) to absorb and convert sunlight into electricity. The thin film is deposited onto clear glass and can be custom abraded to produce ST-CdTe PV modules of a desired transparency level (e.g. 50% full sun/50% transparency) making it an intriguing option for agrivoltaics (AV) applications. Recent improvements in ST-CdTe PV technology have matched the efficiency of crystalline silicon (c-Si) PV with the levelized cost of energy production far lower than conventional gas, coal, and nuclear generation [1]. A field experiment was conducted whereby ST-CdTe PV modules of two transparency levels (20% and 50%) and a full sun control (100% transparency) were temporarily installed in a RCBD with three replicates over winter wheat (Triticum aestivum L.) plants after anthesis and until harvest. The average net photosynthetic rate (Pn) of the full sun control was significantly higher than the 20% ST-CdTe PV module, but not different from the 50% transparency module. Measured factors for yield and protein content were statistically insignificant, except for wheat head number, which was significantly higher under 50% ST-CdTe PV than both the 20% ST-CdTe and full sun control. These results provide evidence that ST-CdTe PV module technology can provide renewable energy while balancing wheat yield potential and grain quality. The ability to adjust the transparency levels of the modules make ST-CdTe another PV technology option to consider for AV applications.",15.09.2022,31.07.2023,Форт Коллинс,"0,42",,,Открытый грунт,Равномерное орошение,,Озимая пшеница,"0,76",,,30,30,,"0,2",,100%,,,,,,,,,100%,100%,,,,,,crop_farming,https://docs.google.com/spreadsheets/d/e/2PACX-1vSrhKbZjKkGqSytiGNDciKhx5LYm9bubt-WFqbuASR48nvkC8yEg16fZKnbRgXeMdNPSAVJbZlnw-Sc/pub?output=csv,113,,,,,,,,,,,,,,,,,,,,,,,,,,,,,,,,,,,,,,,,,,,,,,,,,,,,,,,,
