DOI,Название статьи,Аннотация,Начало эксперимента,Конец эксперимента,Геопозиция (страна и город с вшитыми координатами),Площадь прототипа (м^2),Коэффициент эквивалентности земли по биомассе,Коэффициент эквивалентности земли по урожайности,Открытость участка,Гигрометрия почвы,Неоднородность почвы,Культура,Расстояние между рядами посадки (м),Покрытие поверхности земли по вертикали,Тип СБ,Ориентация СБ (гр. на юг),Угол наклона СБ (гр.),Шаг между СБ (м),Высота над землей (м),Расстояние между рядами (м),ФАР (отн. нормальной),Горизонтальное глобальное облучение (кВт*ч/м^2/год),Горизонтальное глобальное облучение (кВт*ч/м^2/день),Эффективное глобальное облучение (кВт*ч/м^2/год) - на плоскости коллектора,Падающее глобальное облучение (кВт*ч/м^2),Удельная производительность (Вт/м^2),Полная производительность (кВт),Годовая выработка электроэнергии (кВт*ч/год),Удельная выработка электроэнергии (кВт*ч/(кВт(пик)*год),Сухое вещество,Урожайность,Снижение эвапотранспирации,Изменение влажности почвы,Изменение температуры почвы (гр.),Изменение температуры воздуха (гр.),Примечание,source_id,source_url,source_row,Article Title,Abstract,Beginning of the experiment,End of the experiment,Geolocation (country and city with embedded coordinates),Total_Land_Area_ha,Land_Use_Type,Forestry_to_Agriculture_Ratio,Woody_Species,Woody_Biomass_Yield_tDM_ha,Woody_Relative_Yield_vs_Monoculture_%,Agricultural_Crop,Crop_Yield_tDM_ha,Crop_Relative_Yield_vs_Monoculture_%,PV_System_Type,PV_Power_Density_kWp_ha,PV_Electricity_Yield_kWh_kWp,LCOE_ct_kWh,Tilt_Angle_deg,Orientation,Height_Above_Ground_m,Row_Spacing_m,Shading_Rate_%,Land_Loss_due_to_PV_%,Relative_Field_Yield_RFY_%,Biomass_Cost_EUR_tDM,Land_Equivalent_Ratio_LER,Optimal_Solution_Found,Cost_Reduction_Threshold_for_Competitiveness_%,Yield_Increase_Threshold_for_Competitiveness_%,Biodiversity_Impact,Soil_Protection_Benefit,Non_Monetized_Benefits,Notes,Water body type,Water surface area (m^2),Aquatic organism,Aquaculture production (t/ha),PV model,PV installation type,PV power (kWp),Tilt angle (deg),Azimuth angle (deg),Height above water (m),Coverage ratio,PV area (m^2),PV density (kWp/ha),GHI (kWh/(m2_year)),Specific yield (kWh/kWp),Annual energy output (MWh),Performance Gain vs Land,Water evaporation reduction,Water quality monitoring,Shading impact on organism,Types of energy use,LER_Food_Energy
10.1016/j.ecmx.2026.101614,,,,,,,,,,,,,,,,,,,,,,,,,,,,,,,,,,,,,forestry,https://docs.google.com/spreadsheets/d/e/2PACX-1vR0wSk6qgGv0cZxkc4zRKwJso5edQ88ivsUDACEXts43BR4gZRfcGJ3JzjpPjYYpLnUvAe_mJJO0UJg/pub?output=csv,2,The future role of agroforestry and Agri-PV in the German energy system — An analysis with the BENOPTex model,"The climate crisis requires a transition to a climate neutral energy system, particularly in sectors that are
hard to decarbonize. For these sectors, biomass-based energy carriers often represent a comparatively costeffective decarbonization option. Given limited suitable land availability and high energy demand, identifying
land-efficient solutions for renewable energy production is crucial. The present study is concerned with the
collection and harmonization of data on the multi-land-use concepts of agricultural photovoltaics (Agri-PV)
and agroforestry. Both concepts are considered here as systems capable of contributing to renewable energy
supply, through electricity generation and biomass production for energy use. The objective is to integrate
these concepts into a model of the German energy system and use the energy system optimization model
BENOPTex to evaluate their economic viability. In various sensitivity analysis, we determine the most costeffective land allocation for energy production on the 2.16 million hectares currently used for energy crops.
Results indicate that, under current yield and cost assumptions, neither Agri-PV nor agroforestry systems
outperform monoculture systems (e.g. Miscanthus) or ground-mounted PV. However, the analysis identifies
yield and cost thresholds at which specific combinations become competitive. For example, a Miscanthus-sugar
beet agroforestry system becomes viable with a 6% yield increase in Miscanthus compared to the monoculture
yield. Despite their current economic disadvantages, Agri-PV and agroforestry offer non-monetized benefits
including biodiversity enhancement and climate resilience. The study concludes that bridging the economic gap
may require valuing these co-benefits or achieving significant cost and yield improvements through research
and innovation.",01.01.2020,01.01.2050,Germany,2160000,"Agroforestry, Agri-PV, Monoculture, Ground-mounted PV (GM-PV)","0,25", Poplar,,56%,Sugar beet,,119%,GM-PV,900,950,"5,4",30,0,0,48,100%,,,,,,22%,6%,Agroforestry and Agri-PV are noted to have potential benefits for biodiversity enhancement and climate resilience.,"Potential co-benefits of multi-land-use systems include erosion control, improved water distribution, and microclimatic effects (not explicitly modeled).","Biodiversity enhancement, climate resilience, soil protection, erosion control, improved water distribution, microclimatic effects.","This study uses the BENOPTEx energy system optimization model to assess the economic viability of agroforestry and Agri-PV for energy production in Germany. Miscanthus was modeled as a forestry component in hypothetical scenarios. Yield data for agroforestry are based on specific field trials and may not be generalizable. The study concludes that under current assumptions, neither system is cost-optimal compared to monocultures and GM-PV, but identifies thresholds where they could become competitive.",,,,,,,,,,,,,,,,,,,,,,
10.1016/j.ecmx.2026.101614,,,,,,,,,,,,,,,,,,,,,,,,,,,,,,,,,,,,,forestry,https://docs.google.com/spreadsheets/d/e/2PACX-1vR0wSk6qgGv0cZxkc4zRKwJso5edQ88ivsUDACEXts43BR4gZRfcGJ3JzjpPjYYpLnUvAe_mJJO0UJg/pub?output=csv,3,The future role of agroforestry and Agri-PV in the German energy system — An analysis with the BENOPTex model,"The climate crisis requires a transition to a climate neutral energy system, particularly in sectors that are
hard to decarbonize. For these sectors, biomass-based energy carriers often represent a comparatively costeffective decarbonization option. Given limited suitable land availability and high energy demand, identifying
land-efficient solutions for renewable energy production is crucial. The present study is concerned with the
collection and harmonization of data on the multi-land-use concepts of agricultural photovoltaics (Agri-PV)
and agroforestry. Both concepts are considered here as systems capable of contributing to renewable energy
supply, through electricity generation and biomass production for energy use. The objective is to integrate
these concepts into a model of the German energy system and use the energy system optimization model
BENOPTex to evaluate their economic viability. In various sensitivity analysis, we determine the most costeffective land allocation for energy production on the 2.16 million hectares currently used for energy crops.
Results indicate that, under current yield and cost assumptions, neither Agri-PV nor agroforestry systems
outperform monoculture systems (e.g. Miscanthus) or ground-mounted PV. However, the analysis identifies
yield and cost thresholds at which specific combinations become competitive. For example, a Miscanthus-sugar
beet agroforestry system becomes viable with a 6% yield increase in Miscanthus compared to the monoculture
yield. Despite their current economic disadvantages, Agri-PV and agroforestry offer non-monetized benefits
including biodiversity enhancement and climate resilience. The study concludes that bridging the economic gap
may require valuing these co-benefits or achieving significant cost and yield improvements through research
and innovation.",01.01.2020,01.01.2050,Germany,2160000,"Agroforestry, Agri-PV, Monoculture, Ground-mounted PV (GM-PV)",4, Poplar,,66%,Sugar beet,,119%,GM-PV,900,950,"5,4",30,0,0,48,100%,,,,,,22%,6%,Agroforestry and Agri-PV are noted to have potential benefits for biodiversity enhancement and climate resilience.,"Potential co-benefits of multi-land-use systems include erosion control, improved water distribution, and microclimatic effects (not explicitly modeled).","Biodiversity enhancement, climate resilience, soil protection, erosion control, improved water distribution, microclimatic effects.","This study uses the BENOPTEx energy system optimization model to assess the economic viability of agroforestry and Agri-PV for energy production in Germany. Miscanthus was modeled as a forestry component in hypothetical scenarios. Yield data for agroforestry are based on specific field trials and may not be generalizable. The study concludes that under current assumptions, neither system is cost-optimal compared to monocultures and GM-PV, but identifies thresholds where they could become competitive.",,,,,,,,,,,,,,,,,,,,,,
10.1016/j.ecmx.2026.101614,,,,,,,,,,,,,,,,,,,,,,,,,,,,,,,,,,,,,forestry,https://docs.google.com/spreadsheets/d/e/2PACX-1vR0wSk6qgGv0cZxkc4zRKwJso5edQ88ivsUDACEXts43BR4gZRfcGJ3JzjpPjYYpLnUvAe_mJJO0UJg/pub?output=csv,4,The future role of agroforestry and Agri-PV in the German energy system — An analysis with the BENOPTex model,"The climate crisis requires a transition to a climate neutral energy system, particularly in sectors that are
hard to decarbonize. For these sectors, biomass-based energy carriers often represent a comparatively costeffective decarbonization option. Given limited suitable land availability and high energy demand, identifying
land-efficient solutions for renewable energy production is crucial. The present study is concerned with the
collection and harmonization of data on the multi-land-use concepts of agricultural photovoltaics (Agri-PV)
and agroforestry. Both concepts are considered here as systems capable of contributing to renewable energy
supply, through electricity generation and biomass production for energy use. The objective is to integrate
these concepts into a model of the German energy system and use the energy system optimization model
BENOPTex to evaluate their economic viability. In various sensitivity analysis, we determine the most costeffective land allocation for energy production on the 2.16 million hectares currently used for energy crops.
Results indicate that, under current yield and cost assumptions, neither Agri-PV nor agroforestry systems
outperform monoculture systems (e.g. Miscanthus) or ground-mounted PV. However, the analysis identifies
yield and cost thresholds at which specific combinations become competitive. For example, a Miscanthus-sugar
beet agroforestry system becomes viable with a 6% yield increase in Miscanthus compared to the monoculture
yield. Despite their current economic disadvantages, Agri-PV and agroforestry offer non-monetized benefits
including biodiversity enhancement and climate resilience. The study concludes that bridging the economic gap
may require valuing these co-benefits or achieving significant cost and yield improvements through research
and innovation.",01.01.2020,01.01.2050,Germany,2160000,"Agroforestry, Agri-PV, Monoculture, Ground-mounted PV (GM-PV)","0,25", Poplar,,56%,Winter wheat,,120%,GM-PV,900,950,"5,4",30,0,0,48,100%,,,,,,22%,6%,Agroforestry and Agri-PV are noted to have potential benefits for biodiversity enhancement and climate resilience.,"Potential co-benefits of multi-land-use systems include erosion control, improved water distribution, and microclimatic effects (not explicitly modeled).","Biodiversity enhancement, climate resilience, soil protection, erosion control, improved water distribution, microclimatic effects.","This study uses the BENOPTEx energy system optimization model to assess the economic viability of agroforestry and Agri-PV for energy production in Germany. Miscanthus was modeled as a forestry component in hypothetical scenarios. Yield data for agroforestry are based on specific field trials and may not be generalizable. The study concludes that under current assumptions, neither system is cost-optimal compared to monocultures and GM-PV, but identifies thresholds where they could become competitive.",,,,,,,,,,,,,,,,,,,,,,
10.1016/j.ecmx.2026.101614,,,,,,,,,,,,,,,,,,,,,,,,,,,,,,,,,,,,,forestry,https://docs.google.com/spreadsheets/d/e/2PACX-1vR0wSk6qgGv0cZxkc4zRKwJso5edQ88ivsUDACEXts43BR4gZRfcGJ3JzjpPjYYpLnUvAe_mJJO0UJg/pub?output=csv,5,The future role of agroforestry and Agri-PV in the German energy system — An analysis with the BENOPTex model,"The climate crisis requires a transition to a climate neutral energy system, particularly in sectors that are
hard to decarbonize. For these sectors, biomass-based energy carriers often represent a comparatively costeffective decarbonization option. Given limited suitable land availability and high energy demand, identifying
land-efficient solutions for renewable energy production is crucial. The present study is concerned with the
collection and harmonization of data on the multi-land-use concepts of agricultural photovoltaics (Agri-PV)
and agroforestry. Both concepts are considered here as systems capable of contributing to renewable energy
supply, through electricity generation and biomass production for energy use. The objective is to integrate
these concepts into a model of the German energy system and use the energy system optimization model
BENOPTex to evaluate their economic viability. In various sensitivity analysis, we determine the most costeffective land allocation for energy production on the 2.16 million hectares currently used for energy crops.
Results indicate that, under current yield and cost assumptions, neither Agri-PV nor agroforestry systems
outperform monoculture systems (e.g. Miscanthus) or ground-mounted PV. However, the analysis identifies
yield and cost thresholds at which specific combinations become competitive. For example, a Miscanthus-sugar
beet agroforestry system becomes viable with a 6% yield increase in Miscanthus compared to the monoculture
yield. Despite their current economic disadvantages, Agri-PV and agroforestry offer non-monetized benefits
including biodiversity enhancement and climate resilience. The study concludes that bridging the economic gap
may require valuing these co-benefits or achieving significant cost and yield improvements through research
and innovation.",01.01.2020,01.01.2050,Germany,2160000,"Agroforestry, Agri-PV, Monoculture, Ground-mounted PV (GM-PV)",4, Poplar,,66%,Winter wheat,,108%,GM-PV,900,950,"5,4",30,0,0,48,100%,,,,,,22%,6%,Agroforestry and Agri-PV are noted to have potential benefits for biodiversity enhancement and climate resilience.,"Potential co-benefits of multi-land-use systems include erosion control, improved water distribution, and microclimatic effects (not explicitly modeled).","Biodiversity enhancement, climate resilience, soil protection, erosion control, improved water distribution, microclimatic effects.","This study uses the BENOPTEx energy system optimization model to assess the economic viability of agroforestry and Agri-PV for energy production in Germany. Miscanthus was modeled as a forestry component in hypothetical scenarios. Yield data for agroforestry are based on specific field trials and may not be generalizable. The study concludes that under current assumptions, neither system is cost-optimal compared to monocultures and GM-PV, but identifies thresholds where they could become competitive.",,,,,,,,,,,,,,,,,,,,,,
10.1016/j.ecmx.2026.101614,,,,,,,,,,,,,,,,,,,,,,,,,,,,,,,,,,,,,forestry,https://docs.google.com/spreadsheets/d/e/2PACX-1vR0wSk6qgGv0cZxkc4zRKwJso5edQ88ivsUDACEXts43BR4gZRfcGJ3JzjpPjYYpLnUvAe_mJJO0UJg/pub?output=csv,6,The future role of agroforestry and Agri-PV in the German energy system — An analysis with the BENOPTex model,"The climate crisis requires a transition to a climate neutral energy system, particularly in sectors that are
hard to decarbonize. For these sectors, biomass-based energy carriers often represent a comparatively costeffective decarbonization option. Given limited suitable land availability and high energy demand, identifying
land-efficient solutions for renewable energy production is crucial. The present study is concerned with the
collection and harmonization of data on the multi-land-use concepts of agricultural photovoltaics (Agri-PV)
and agroforestry. Both concepts are considered here as systems capable of contributing to renewable energy
supply, through electricity generation and biomass production for energy use. The objective is to integrate
these concepts into a model of the German energy system and use the energy system optimization model
BENOPTex to evaluate their economic viability. In various sensitivity analysis, we determine the most costeffective land allocation for energy production on the 2.16 million hectares currently used for energy crops.
Results indicate that, under current yield and cost assumptions, neither Agri-PV nor agroforestry systems
outperform monoculture systems (e.g. Miscanthus) or ground-mounted PV. However, the analysis identifies
yield and cost thresholds at which specific combinations become competitive. For example, a Miscanthus-sugar
beet agroforestry system becomes viable with a 6% yield increase in Miscanthus compared to the monoculture
yield. Despite their current economic disadvantages, Agri-PV and agroforestry offer non-monetized benefits
including biodiversity enhancement and climate resilience. The study concludes that bridging the economic gap
may require valuing these co-benefits or achieving significant cost and yield improvements through research
and innovation.",01.01.2020,01.01.2050,Germany,2160000,"Agroforestry, Agri-PV, Monoculture, Ground-mounted PV (GM-PV)","0,25", Poplar,,56%,Rapeseed,,120%,GM-PV,900,950,"5,4",30,0,0,48,100%,,,,,,22%,6%,Agroforestry and Agri-PV are noted to have potential benefits for biodiversity enhancement and climate resilience.,"Potential co-benefits of multi-land-use systems include erosion control, improved water distribution, and microclimatic effects (not explicitly modeled).","Biodiversity enhancement, climate resilience, soil protection, erosion control, improved water distribution, microclimatic effects.","This study uses the BENOPTEx energy system optimization model to assess the economic viability of agroforestry and Agri-PV for energy production in Germany. Miscanthus was modeled as a forestry component in hypothetical scenarios. Yield data for agroforestry are based on specific field trials and may not be generalizable. The study concludes that under current assumptions, neither system is cost-optimal compared to monocultures and GM-PV, but identifies thresholds where they could become competitive.",,,,,,,,,,,,,,,,,,,,,,
10.1016/j.ecmx.2026.101614,,,,,,,,,,,,,,,,,,,,,,,,,,,,,,,,,,,,,forestry,https://docs.google.com/spreadsheets/d/e/2PACX-1vR0wSk6qgGv0cZxkc4zRKwJso5edQ88ivsUDACEXts43BR4gZRfcGJ3JzjpPjYYpLnUvAe_mJJO0UJg/pub?output=csv,7,The future role of agroforestry and Agri-PV in the German energy system — An analysis with the BENOPTex model,"The climate crisis requires a transition to a climate neutral energy system, particularly in sectors that are
hard to decarbonize. For these sectors, biomass-based energy carriers often represent a comparatively costeffective decarbonization option. Given limited suitable land availability and high energy demand, identifying
land-efficient solutions for renewable energy production is crucial. The present study is concerned with the
collection and harmonization of data on the multi-land-use concepts of agricultural photovoltaics (Agri-PV)
and agroforestry. Both concepts are considered here as systems capable of contributing to renewable energy
supply, through electricity generation and biomass production for energy use. The objective is to integrate
these concepts into a model of the German energy system and use the energy system optimization model
BENOPTex to evaluate their economic viability. In various sensitivity analysis, we determine the most costeffective land allocation for energy production on the 2.16 million hectares currently used for energy crops.
Results indicate that, under current yield and cost assumptions, neither Agri-PV nor agroforestry systems
outperform monoculture systems (e.g. Miscanthus) or ground-mounted PV. However, the analysis identifies
yield and cost thresholds at which specific combinations become competitive. For example, a Miscanthus-sugar
beet agroforestry system becomes viable with a 6% yield increase in Miscanthus compared to the monoculture
yield. Despite their current economic disadvantages, Agri-PV and agroforestry offer non-monetized benefits
including biodiversity enhancement and climate resilience. The study concludes that bridging the economic gap
may require valuing these co-benefits or achieving significant cost and yield improvements through research
and innovation.",01.01.2020,01.01.2050,Germany,2160000,"Agroforestry, Agri-PV, Monoculture, Ground-mounted PV (GM-PV)",4, Poplar,,66%,Rapeseed,,108%,GM-PV,900,950,"5,4",30,0,0,48,100%,,,,,,22%,6%,Agroforestry and Agri-PV are noted to have potential benefits for biodiversity enhancement and climate resilience.,"Potential co-benefits of multi-land-use systems include erosion control, improved water distribution, and microclimatic effects (not explicitly modeled).","Biodiversity enhancement, climate resilience, soil protection, erosion control, improved water distribution, microclimatic effects.","This study uses the BENOPTEx energy system optimization model to assess the economic viability of agroforestry and Agri-PV for energy production in Germany. Miscanthus was modeled as a forestry component in hypothetical scenarios. Yield data for agroforestry are based on specific field trials and may not be generalizable. The study concludes that under current assumptions, neither system is cost-optimal compared to monocultures and GM-PV, but identifies thresholds where they could become competitive.",,,,,,,,,,,,,,,,,,,,,,
10.1016/j.ecmx.2026.101614,,,,,,,,,,,,,,,,,,,,,,,,,,,,,,,,,,,,,forestry,https://docs.google.com/spreadsheets/d/e/2PACX-1vR0wSk6qgGv0cZxkc4zRKwJso5edQ88ivsUDACEXts43BR4gZRfcGJ3JzjpPjYYpLnUvAe_mJJO0UJg/pub?output=csv,8,The future role of agroforestry and Agri-PV in the German energy system — An analysis with the BENOPTex model,"The climate crisis requires a transition to a climate neutral energy system, particularly in sectors that are
hard to decarbonize. For these sectors, biomass-based energy carriers often represent a comparatively costeffective decarbonization option. Given limited suitable land availability and high energy demand, identifying
land-efficient solutions for renewable energy production is crucial. The present study is concerned with the
collection and harmonization of data on the multi-land-use concepts of agricultural photovoltaics (Agri-PV)
and agroforestry. Both concepts are considered here as systems capable of contributing to renewable energy
supply, through electricity generation and biomass production for energy use. The objective is to integrate
these concepts into a model of the German energy system and use the energy system optimization model
BENOPTex to evaluate their economic viability. In various sensitivity analysis, we determine the most costeffective land allocation for energy production on the 2.16 million hectares currently used for energy crops.
Results indicate that, under current yield and cost assumptions, neither Agri-PV nor agroforestry systems
outperform monoculture systems (e.g. Miscanthus) or ground-mounted PV. However, the analysis identifies
yield and cost thresholds at which specific combinations become competitive. For example, a Miscanthus-sugar
beet agroforestry system becomes viable with a 6% yield increase in Miscanthus compared to the monoculture
yield. Despite their current economic disadvantages, Agri-PV and agroforestry offer non-monetized benefits
including biodiversity enhancement and climate resilience. The study concludes that bridging the economic gap
may require valuing these co-benefits or achieving significant cost and yield improvements through research
and innovation.",01.01.2020,01.01.2050,Germany,2160000,"Agroforestry, Agri-PV, Monoculture, Ground-mounted PV (GM-PV)","0,25", Poplar,,56%,Maize silage,,86%,GM-PV,900,950,"5,4",30,0,0,48,100%,,,,,,22%,6%,Agroforestry and Agri-PV are noted to have potential benefits for biodiversity enhancement and climate resilience.,"Potential co-benefits of multi-land-use systems include erosion control, improved water distribution, and microclimatic effects (not explicitly modeled).","Biodiversity enhancement, climate resilience, soil protection, erosion control, improved water distribution, microclimatic effects.","This study uses the BENOPTEx energy system optimization model to assess the economic viability of agroforestry and Agri-PV for energy production in Germany. Miscanthus was modeled as a forestry component in hypothetical scenarios. Yield data for agroforestry are based on specific field trials and may not be generalizable. The study concludes that under current assumptions, neither system is cost-optimal compared to monocultures and GM-PV, but identifies thresholds where they could become competitive.",,,,,,,,,,,,,,,,,,,,,,
10.1016/j.ecmx.2026.101614,,,,,,,,,,,,,,,,,,,,,,,,,,,,,,,,,,,,,forestry,https://docs.google.com/spreadsheets/d/e/2PACX-1vR0wSk6qgGv0cZxkc4zRKwJso5edQ88ivsUDACEXts43BR4gZRfcGJ3JzjpPjYYpLnUvAe_mJJO0UJg/pub?output=csv,9,The future role of agroforestry and Agri-PV in the German energy system — An analysis with the BENOPTex model,"The climate crisis requires a transition to a climate neutral energy system, particularly in sectors that are
hard to decarbonize. For these sectors, biomass-based energy carriers often represent a comparatively costeffective decarbonization option. Given limited suitable land availability and high energy demand, identifying
land-efficient solutions for renewable energy production is crucial. The present study is concerned with the
collection and harmonization of data on the multi-land-use concepts of agricultural photovoltaics (Agri-PV)
and agroforestry. Both concepts are considered here as systems capable of contributing to renewable energy
supply, through electricity generation and biomass production for energy use. The objective is to integrate
these concepts into a model of the German energy system and use the energy system optimization model
BENOPTex to evaluate their economic viability. In various sensitivity analysis, we determine the most costeffective land allocation for energy production on the 2.16 million hectares currently used for energy crops.
Results indicate that, under current yield and cost assumptions, neither Agri-PV nor agroforestry systems
outperform monoculture systems (e.g. Miscanthus) or ground-mounted PV. However, the analysis identifies
yield and cost thresholds at which specific combinations become competitive. For example, a Miscanthus-sugar
beet agroforestry system becomes viable with a 6% yield increase in Miscanthus compared to the monoculture
yield. Despite their current economic disadvantages, Agri-PV and agroforestry offer non-monetized benefits
including biodiversity enhancement and climate resilience. The study concludes that bridging the economic gap
may require valuing these co-benefits or achieving significant cost and yield improvements through research
and innovation.",01.01.2020,01.01.2050,Germany,2160000,"Agroforestry, Agri-PV, Monoculture, Ground-mounted PV (GM-PV)",4, Poplar,,66%,Maize silage,,86%,GM-PV,900,950,"5,4",30,0,0,48,100%,,,,,,22%,6%,Agroforestry and Agri-PV are noted to have potential benefits for biodiversity enhancement and climate resilience.,"Potential co-benefits of multi-land-use systems include erosion control, improved water distribution, and microclimatic effects (not explicitly modeled).","Biodiversity enhancement, climate resilience, soil protection, erosion control, improved water distribution, microclimatic effects.","This study uses the BENOPTEx energy system optimization model to assess the economic viability of agroforestry and Agri-PV for energy production in Germany. Miscanthus was modeled as a forestry component in hypothetical scenarios. Yield data for agroforestry are based on specific field trials and may not be generalizable. The study concludes that under current assumptions, neither system is cost-optimal compared to monocultures and GM-PV, but identifies thresholds where they could become competitive.",,,,,,,,,,,,,,,,,,,,,,
10.1016/j.ecmx.2026.101614,,,,,,,,,,,,,,,,,,,,,,,,,,,,,,,,,,,,,forestry,https://docs.google.com/spreadsheets/d/e/2PACX-1vR0wSk6qgGv0cZxkc4zRKwJso5edQ88ivsUDACEXts43BR4gZRfcGJ3JzjpPjYYpLnUvAe_mJJO0UJg/pub?output=csv,10,The future role of agroforestry and Agri-PV in the German energy system — An analysis with the BENOPTex model,"The climate crisis requires a transition to a climate neutral energy system, particularly in sectors that are
hard to decarbonize. For these sectors, biomass-based energy carriers often represent a comparatively costeffective decarbonization option. Given limited suitable land availability and high energy demand, identifying
land-efficient solutions for renewable energy production is crucial. The present study is concerned with the
collection and harmonization of data on the multi-land-use concepts of agricultural photovoltaics (Agri-PV)
and agroforestry. Both concepts are considered here as systems capable of contributing to renewable energy
supply, through electricity generation and biomass production for energy use. The objective is to integrate
these concepts into a model of the German energy system and use the energy system optimization model
BENOPTex to evaluate their economic viability. In various sensitivity analysis, we determine the most costeffective land allocation for energy production on the 2.16 million hectares currently used for energy crops.
Results indicate that, under current yield and cost assumptions, neither Agri-PV nor agroforestry systems
outperform monoculture systems (e.g. Miscanthus) or ground-mounted PV. However, the analysis identifies
yield and cost thresholds at which specific combinations become competitive. For example, a Miscanthus-sugar
beet agroforestry system becomes viable with a 6% yield increase in Miscanthus compared to the monoculture
yield. Despite their current economic disadvantages, Agri-PV and agroforestry offer non-monetized benefits
including biodiversity enhancement and climate resilience. The study concludes that bridging the economic gap
may require valuing these co-benefits or achieving significant cost and yield improvements through research
and innovation.",01.01.2020,01.01.2050,Germany,2160000,"Agroforestry, Agri-PV, Monoculture, Ground-mounted PV (GM-PV)","0,25", Poplar,,56%,Corn grain,,78%,GM-PV,900,950,"5,4",30,0,0,48,100%,,,,,,22%,6%,Agroforestry and Agri-PV are noted to have potential benefits for biodiversity enhancement and climate resilience.,"Potential co-benefits of multi-land-use systems include erosion control, improved water distribution, and microclimatic effects (not explicitly modeled).","Biodiversity enhancement, climate resilience, soil protection, erosion control, improved water distribution, microclimatic effects.","This study uses the BENOPTEx energy system optimization model to assess the economic viability of agroforestry and Agri-PV for energy production in Germany. Miscanthus was modeled as a forestry component in hypothetical scenarios. Yield data for agroforestry are based on specific field trials and may not be generalizable. The study concludes that under current assumptions, neither system is cost-optimal compared to monocultures and GM-PV, but identifies thresholds where they could become competitive.",,,,,,,,,,,,,,,,,,,,,,
10.1016/j.ecmx.2026.101614,,,,,,,,,,,,,,,,,,,,,,,,,,,,,,,,,,,,,forestry,https://docs.google.com/spreadsheets/d/e/2PACX-1vR0wSk6qgGv0cZxkc4zRKwJso5edQ88ivsUDACEXts43BR4gZRfcGJ3JzjpPjYYpLnUvAe_mJJO0UJg/pub?output=csv,11,The future role of agroforestry and Agri-PV in the German energy system — An analysis with the BENOPTex model,"The climate crisis requires a transition to a climate neutral energy system, particularly in sectors that are
hard to decarbonize. For these sectors, biomass-based energy carriers often represent a comparatively costeffective decarbonization option. Given limited suitable land availability and high energy demand, identifying
land-efficient solutions for renewable energy production is crucial. The present study is concerned with the
collection and harmonization of data on the multi-land-use concepts of agricultural photovoltaics (Agri-PV)
and agroforestry. Both concepts are considered here as systems capable of contributing to renewable energy
supply, through electricity generation and biomass production for energy use. The objective is to integrate
these concepts into a model of the German energy system and use the energy system optimization model
BENOPTex to evaluate their economic viability. In various sensitivity analysis, we determine the most costeffective land allocation for energy production on the 2.16 million hectares currently used for energy crops.
Results indicate that, under current yield and cost assumptions, neither Agri-PV nor agroforestry systems
outperform monoculture systems (e.g. Miscanthus) or ground-mounted PV. However, the analysis identifies
yield and cost thresholds at which specific combinations become competitive. For example, a Miscanthus-sugar
beet agroforestry system becomes viable with a 6% yield increase in Miscanthus compared to the monoculture
yield. Despite their current economic disadvantages, Agri-PV and agroforestry offer non-monetized benefits
including biodiversity enhancement and climate resilience. The study concludes that bridging the economic gap
may require valuing these co-benefits or achieving significant cost and yield improvements through research
and innovation.",01.01.2020,01.01.2050,Germany,2160000,"Agroforestry, Agri-PV, Monoculture, Ground-mounted PV (GM-PV)",4, Poplar,,66%,Corn grain,,78%,GM-PV,900,950,"5,4",30,0,0,48,100%,,,,,,22%,6%,Agroforestry and Agri-PV are noted to have potential benefits for biodiversity enhancement and climate resilience.,"Potential co-benefits of multi-land-use systems include erosion control, improved water distribution, and microclimatic effects (not explicitly modeled).","Biodiversity enhancement, climate resilience, soil protection, erosion control, improved water distribution, microclimatic effects.","This study uses the BENOPTEx energy system optimization model to assess the economic viability of agroforestry and Agri-PV for energy production in Germany. Miscanthus was modeled as a forestry component in hypothetical scenarios. Yield data for agroforestry are based on specific field trials and may not be generalizable. The study concludes that under current assumptions, neither system is cost-optimal compared to monocultures and GM-PV, but identifies thresholds where they could become competitive.",,,,,,,,,,,,,,,,,,,,,,
10.1016/j.ecmx.2026.101614,,,,,,,,,,,,,,,,,,,,,,,,,,,,,,,,,,,,,forestry,https://docs.google.com/spreadsheets/d/e/2PACX-1vR0wSk6qgGv0cZxkc4zRKwJso5edQ88ivsUDACEXts43BR4gZRfcGJ3JzjpPjYYpLnUvAe_mJJO0UJg/pub?output=csv,12,The future role of agroforestry and Agri-PV in the German energy system — An analysis with the BENOPTex model,"The climate crisis requires a transition to a climate neutral energy system, particularly in sectors that are
hard to decarbonize. For these sectors, biomass-based energy carriers often represent a comparatively costeffective decarbonization option. Given limited suitable land availability and high energy demand, identifying
land-efficient solutions for renewable energy production is crucial. The present study is concerned with the
collection and harmonization of data on the multi-land-use concepts of agricultural photovoltaics (Agri-PV)
and agroforestry. Both concepts are considered here as systems capable of contributing to renewable energy
supply, through electricity generation and biomass production for energy use. The objective is to integrate
these concepts into a model of the German energy system and use the energy system optimization model
BENOPTex to evaluate their economic viability. In various sensitivity analysis, we determine the most costeffective land allocation for energy production on the 2.16 million hectares currently used for energy crops.
Results indicate that, under current yield and cost assumptions, neither Agri-PV nor agroforestry systems
outperform monoculture systems (e.g. Miscanthus) or ground-mounted PV. However, the analysis identifies
yield and cost thresholds at which specific combinations become competitive. For example, a Miscanthus-sugar
beet agroforestry system becomes viable with a 6% yield increase in Miscanthus compared to the monoculture
yield. Despite their current economic disadvantages, Agri-PV and agroforestry offer non-monetized benefits
including biodiversity enhancement and climate resilience. The study concludes that bridging the economic gap
may require valuing these co-benefits or achieving significant cost and yield improvements through research
and innovation.",01.01.2020,01.01.2050,Germany,2160000,"Agroforestry, Agri-PV, Monoculture, Ground-mounted PV (GM-PV)","0,25", Poplar,,56%,Sugar beet,,119%,V-PV,340,1045,6,90,90,1,12,30%,10%,"79,6%",,,,12%,42%,Agroforestry and Agri-PV are noted to have potential benefits for biodiversity enhancement and climate resilience.,"Potential co-benefits of multi-land-use systems include erosion control, improved water distribution, and microclimatic effects (not explicitly modeled).","Biodiversity enhancement, climate resilience, soil protection, erosion control, improved water distribution, microclimatic effects.","This study uses the BENOPTEx energy system optimization model to assess the economic viability of agroforestry and Agri-PV for energy production in Germany. Miscanthus was modeled as a forestry component in hypothetical scenarios. Yield data for agroforestry are based on specific field trials and may not be generalizable. The study concludes that under current assumptions, neither system is cost-optimal compared to monocultures and GM-PV, but identifies thresholds where they could become competitive.",,,,,,,,,,,,,,,,,,,,,,
10.1016/j.ecmx.2026.101614,,,,,,,,,,,,,,,,,,,,,,,,,,,,,,,,,,,,,forestry,https://docs.google.com/spreadsheets/d/e/2PACX-1vR0wSk6qgGv0cZxkc4zRKwJso5edQ88ivsUDACEXts43BR4gZRfcGJ3JzjpPjYYpLnUvAe_mJJO0UJg/pub?output=csv,13,The future role of agroforestry and Agri-PV in the German energy system — An analysis with the BENOPTex model,"The climate crisis requires a transition to a climate neutral energy system, particularly in sectors that are
hard to decarbonize. For these sectors, biomass-based energy carriers often represent a comparatively costeffective decarbonization option. Given limited suitable land availability and high energy demand, identifying
land-efficient solutions for renewable energy production is crucial. The present study is concerned with the
collection and harmonization of data on the multi-land-use concepts of agricultural photovoltaics (Agri-PV)
and agroforestry. Both concepts are considered here as systems capable of contributing to renewable energy
supply, through electricity generation and biomass production for energy use. The objective is to integrate
these concepts into a model of the German energy system and use the energy system optimization model
BENOPTex to evaluate their economic viability. In various sensitivity analysis, we determine the most costeffective land allocation for energy production on the 2.16 million hectares currently used for energy crops.
Results indicate that, under current yield and cost assumptions, neither Agri-PV nor agroforestry systems
outperform monoculture systems (e.g. Miscanthus) or ground-mounted PV. However, the analysis identifies
yield and cost thresholds at which specific combinations become competitive. For example, a Miscanthus-sugar
beet agroforestry system becomes viable with a 6% yield increase in Miscanthus compared to the monoculture
yield. Despite their current economic disadvantages, Agri-PV and agroforestry offer non-monetized benefits
including biodiversity enhancement and climate resilience. The study concludes that bridging the economic gap
may require valuing these co-benefits or achieving significant cost and yield improvements through research
and innovation.",01.01.2020,01.01.2050,Germany,2160000,"Agroforestry, Agri-PV, Monoculture, Ground-mounted PV (GM-PV)",4, Poplar,,66%,Sugar beet,,119%,V-PV,340,1045,6,90,90,1,12,30%,10%,"79,6%",,,,12%,42%,Agroforestry and Agri-PV are noted to have potential benefits for biodiversity enhancement and climate resilience.,"Potential co-benefits of multi-land-use systems include erosion control, improved water distribution, and microclimatic effects (not explicitly modeled).","Biodiversity enhancement, climate resilience, soil protection, erosion control, improved water distribution, microclimatic effects.","This study uses the BENOPTEx energy system optimization model to assess the economic viability of agroforestry and Agri-PV for energy production in Germany. Miscanthus was modeled as a forestry component in hypothetical scenarios. Yield data for agroforestry are based on specific field trials and may not be generalizable. The study concludes that under current assumptions, neither system is cost-optimal compared to monocultures and GM-PV, but identifies thresholds where they could become competitive.",,,,,,,,,,,,,,,,,,,,,,
10.1016/j.ecmx.2026.101614,,,,,,,,,,,,,,,,,,,,,,,,,,,,,,,,,,,,,forestry,https://docs.google.com/spreadsheets/d/e/2PACX-1vR0wSk6qgGv0cZxkc4zRKwJso5edQ88ivsUDACEXts43BR4gZRfcGJ3JzjpPjYYpLnUvAe_mJJO0UJg/pub?output=csv,14,The future role of agroforestry and Agri-PV in the German energy system — An analysis with the BENOPTex model,"The climate crisis requires a transition to a climate neutral energy system, particularly in sectors that are
hard to decarbonize. For these sectors, biomass-based energy carriers often represent a comparatively costeffective decarbonization option. Given limited suitable land availability and high energy demand, identifying
land-efficient solutions for renewable energy production is crucial. The present study is concerned with the
collection and harmonization of data on the multi-land-use concepts of agricultural photovoltaics (Agri-PV)
and agroforestry. Both concepts are considered here as systems capable of contributing to renewable energy
supply, through electricity generation and biomass production for energy use. The objective is to integrate
these concepts into a model of the German energy system and use the energy system optimization model
BENOPTex to evaluate their economic viability. In various sensitivity analysis, we determine the most costeffective land allocation for energy production on the 2.16 million hectares currently used for energy crops.
Results indicate that, under current yield and cost assumptions, neither Agri-PV nor agroforestry systems
outperform monoculture systems (e.g. Miscanthus) or ground-mounted PV. However, the analysis identifies
yield and cost thresholds at which specific combinations become competitive. For example, a Miscanthus-sugar
beet agroforestry system becomes viable with a 6% yield increase in Miscanthus compared to the monoculture
yield. Despite their current economic disadvantages, Agri-PV and agroforestry offer non-monetized benefits
including biodiversity enhancement and climate resilience. The study concludes that bridging the economic gap
may require valuing these co-benefits or achieving significant cost and yield improvements through research
and innovation.",01.01.2020,01.01.2050,Germany,2160000,"Agroforestry, Agri-PV, Monoculture, Ground-mounted PV (GM-PV)","0,25", Poplar,,56%,Winter wheat,,120%,V-PV,340,1045,6,90,90,1,12,30%,10%,"79,6%",,,,12%,42%,Agroforestry and Agri-PV are noted to have potential benefits for biodiversity enhancement and climate resilience.,"Potential co-benefits of multi-land-use systems include erosion control, improved water distribution, and microclimatic effects (not explicitly modeled).","Biodiversity enhancement, climate resilience, soil protection, erosion control, improved water distribution, microclimatic effects.","This study uses the BENOPTEx energy system optimization model to assess the economic viability of agroforestry and Agri-PV for energy production in Germany. Miscanthus was modeled as a forestry component in hypothetical scenarios. Yield data for agroforestry are based on specific field trials and may not be generalizable. The study concludes that under current assumptions, neither system is cost-optimal compared to monocultures and GM-PV, but identifies thresholds where they could become competitive.",,,,,,,,,,,,,,,,,,,,,,
10.1016/j.ecmx.2026.101614,,,,,,,,,,,,,,,,,,,,,,,,,,,,,,,,,,,,,forestry,https://docs.google.com/spreadsheets/d/e/2PACX-1vR0wSk6qgGv0cZxkc4zRKwJso5edQ88ivsUDACEXts43BR4gZRfcGJ3JzjpPjYYpLnUvAe_mJJO0UJg/pub?output=csv,15,The future role of agroforestry and Agri-PV in the German energy system — An analysis with the BENOPTex model,"The climate crisis requires a transition to a climate neutral energy system, particularly in sectors that are
hard to decarbonize. For these sectors, biomass-based energy carriers often represent a comparatively costeffective decarbonization option. Given limited suitable land availability and high energy demand, identifying
land-efficient solutions for renewable energy production is crucial. The present study is concerned with the
collection and harmonization of data on the multi-land-use concepts of agricultural photovoltaics (Agri-PV)
and agroforestry. Both concepts are considered here as systems capable of contributing to renewable energy
supply, through electricity generation and biomass production for energy use. The objective is to integrate
these concepts into a model of the German energy system and use the energy system optimization model
BENOPTex to evaluate their economic viability. In various sensitivity analysis, we determine the most costeffective land allocation for energy production on the 2.16 million hectares currently used for energy crops.
Results indicate that, under current yield and cost assumptions, neither Agri-PV nor agroforestry systems
outperform monoculture systems (e.g. Miscanthus) or ground-mounted PV. However, the analysis identifies
yield and cost thresholds at which specific combinations become competitive. For example, a Miscanthus-sugar
beet agroforestry system becomes viable with a 6% yield increase in Miscanthus compared to the monoculture
yield. Despite their current economic disadvantages, Agri-PV and agroforestry offer non-monetized benefits
including biodiversity enhancement and climate resilience. The study concludes that bridging the economic gap
may require valuing these co-benefits or achieving significant cost and yield improvements through research
and innovation.",01.01.2020,01.01.2050,Germany,2160000,"Agroforestry, Agri-PV, Monoculture, Ground-mounted PV (GM-PV)",4, Poplar,,66%,Winter wheat,,108%,V-PV,340,1045,6,90,90,1,12,30%,10%,"79,6%",,,,12%,42%,Agroforestry and Agri-PV are noted to have potential benefits for biodiversity enhancement and climate resilience.,"Potential co-benefits of multi-land-use systems include erosion control, improved water distribution, and microclimatic effects (not explicitly modeled).","Biodiversity enhancement, climate resilience, soil protection, erosion control, improved water distribution, microclimatic effects.","This study uses the BENOPTEx energy system optimization model to assess the economic viability of agroforestry and Agri-PV for energy production in Germany. Miscanthus was modeled as a forestry component in hypothetical scenarios. Yield data for agroforestry are based on specific field trials and may not be generalizable. The study concludes that under current assumptions, neither system is cost-optimal compared to monocultures and GM-PV, but identifies thresholds where they could become competitive.",,,,,,,,,,,,,,,,,,,,,,
10.1016/j.ecmx.2026.101614,,,,,,,,,,,,,,,,,,,,,,,,,,,,,,,,,,,,,forestry,https://docs.google.com/spreadsheets/d/e/2PACX-1vR0wSk6qgGv0cZxkc4zRKwJso5edQ88ivsUDACEXts43BR4gZRfcGJ3JzjpPjYYpLnUvAe_mJJO0UJg/pub?output=csv,16,The future role of agroforestry and Agri-PV in the German energy system — An analysis with the BENOPTex model,"The climate crisis requires a transition to a climate neutral energy system, particularly in sectors that are
hard to decarbonize. For these sectors, biomass-based energy carriers often represent a comparatively costeffective decarbonization option. Given limited suitable land availability and high energy demand, identifying
land-efficient solutions for renewable energy production is crucial. The present study is concerned with the
collection and harmonization of data on the multi-land-use concepts of agricultural photovoltaics (Agri-PV)
and agroforestry. Both concepts are considered here as systems capable of contributing to renewable energy
supply, through electricity generation and biomass production for energy use. The objective is to integrate
these concepts into a model of the German energy system and use the energy system optimization model
BENOPTex to evaluate their economic viability. In various sensitivity analysis, we determine the most costeffective land allocation for energy production on the 2.16 million hectares currently used for energy crops.
Results indicate that, under current yield and cost assumptions, neither Agri-PV nor agroforestry systems
outperform monoculture systems (e.g. Miscanthus) or ground-mounted PV. However, the analysis identifies
yield and cost thresholds at which specific combinations become competitive. For example, a Miscanthus-sugar
beet agroforestry system becomes viable with a 6% yield increase in Miscanthus compared to the monoculture
yield. Despite their current economic disadvantages, Agri-PV and agroforestry offer non-monetized benefits
including biodiversity enhancement and climate resilience. The study concludes that bridging the economic gap
may require valuing these co-benefits or achieving significant cost and yield improvements through research
and innovation.",01.01.2020,01.01.2050,Germany,2160000,"Agroforestry, Agri-PV, Monoculture, Ground-mounted PV (GM-PV)","0,25", Poplar,,56%,Rapeseed,,120%,V-PV,340,1045,6,90,90,1,12,30%,10%,"79,6%",,,,12%,42%,Agroforestry and Agri-PV are noted to have potential benefits for biodiversity enhancement and climate resilience.,"Potential co-benefits of multi-land-use systems include erosion control, improved water distribution, and microclimatic effects (not explicitly modeled).","Biodiversity enhancement, climate resilience, soil protection, erosion control, improved water distribution, microclimatic effects.","This study uses the BENOPTEx energy system optimization model to assess the economic viability of agroforestry and Agri-PV for energy production in Germany. Miscanthus was modeled as a forestry component in hypothetical scenarios. Yield data for agroforestry are based on specific field trials and may not be generalizable. The study concludes that under current assumptions, neither system is cost-optimal compared to monocultures and GM-PV, but identifies thresholds where they could become competitive.",,,,,,,,,,,,,,,,,,,,,,
10.1016/j.ecmx.2026.101614,,,,,,,,,,,,,,,,,,,,,,,,,,,,,,,,,,,,,forestry,https://docs.google.com/spreadsheets/d/e/2PACX-1vR0wSk6qgGv0cZxkc4zRKwJso5edQ88ivsUDACEXts43BR4gZRfcGJ3JzjpPjYYpLnUvAe_mJJO0UJg/pub?output=csv,17,The future role of agroforestry and Agri-PV in the German energy system — An analysis with the BENOPTex model,"The climate crisis requires a transition to a climate neutral energy system, particularly in sectors that are
hard to decarbonize. For these sectors, biomass-based energy carriers often represent a comparatively costeffective decarbonization option. Given limited suitable land availability and high energy demand, identifying
land-efficient solutions for renewable energy production is crucial. The present study is concerned with the
collection and harmonization of data on the multi-land-use concepts of agricultural photovoltaics (Agri-PV)
and agroforestry. Both concepts are considered here as systems capable of contributing to renewable energy
supply, through electricity generation and biomass production for energy use. The objective is to integrate
these concepts into a model of the German energy system and use the energy system optimization model
BENOPTex to evaluate their economic viability. In various sensitivity analysis, we determine the most costeffective land allocation for energy production on the 2.16 million hectares currently used for energy crops.
Results indicate that, under current yield and cost assumptions, neither Agri-PV nor agroforestry systems
outperform monoculture systems (e.g. Miscanthus) or ground-mounted PV. However, the analysis identifies
yield and cost thresholds at which specific combinations become competitive. For example, a Miscanthus-sugar
beet agroforestry system becomes viable with a 6% yield increase in Miscanthus compared to the monoculture
yield. Despite their current economic disadvantages, Agri-PV and agroforestry offer non-monetized benefits
including biodiversity enhancement and climate resilience. The study concludes that bridging the economic gap
may require valuing these co-benefits or achieving significant cost and yield improvements through research
and innovation.",01.01.2020,01.01.2050,Germany,2160000,"Agroforestry, Agri-PV, Monoculture, Ground-mounted PV (GM-PV)",4, Poplar,,66%,Rapeseed,,108%,V-PV,340,1045,6,90,90,1,12,30%,10%,"79,6%",,,,12%,42%,Agroforestry and Agri-PV are noted to have potential benefits for biodiversity enhancement and climate resilience.,"Potential co-benefits of multi-land-use systems include erosion control, improved water distribution, and microclimatic effects (not explicitly modeled).","Biodiversity enhancement, climate resilience, soil protection, erosion control, improved water distribution, microclimatic effects.","This study uses the BENOPTEx energy system optimization model to assess the economic viability of agroforestry and Agri-PV for energy production in Germany. Miscanthus was modeled as a forestry component in hypothetical scenarios. Yield data for agroforestry are based on specific field trials and may not be generalizable. The study concludes that under current assumptions, neither system is cost-optimal compared to monocultures and GM-PV, but identifies thresholds where they could become competitive.",,,,,,,,,,,,,,,,,,,,,,
10.1016/j.ecmx.2026.101614,,,,,,,,,,,,,,,,,,,,,,,,,,,,,,,,,,,,,forestry,https://docs.google.com/spreadsheets/d/e/2PACX-1vR0wSk6qgGv0cZxkc4zRKwJso5edQ88ivsUDACEXts43BR4gZRfcGJ3JzjpPjYYpLnUvAe_mJJO0UJg/pub?output=csv,18,The future role of agroforestry and Agri-PV in the German energy system — An analysis with the BENOPTex model,"The climate crisis requires a transition to a climate neutral energy system, particularly in sectors that are
hard to decarbonize. For these sectors, biomass-based energy carriers often represent a comparatively costeffective decarbonization option. Given limited suitable land availability and high energy demand, identifying
land-efficient solutions for renewable energy production is crucial. The present study is concerned with the
collection and harmonization of data on the multi-land-use concepts of agricultural photovoltaics (Agri-PV)
and agroforestry. Both concepts are considered here as systems capable of contributing to renewable energy
supply, through electricity generation and biomass production for energy use. The objective is to integrate
these concepts into a model of the German energy system and use the energy system optimization model
BENOPTex to evaluate their economic viability. In various sensitivity analysis, we determine the most costeffective land allocation for energy production on the 2.16 million hectares currently used for energy crops.
Results indicate that, under current yield and cost assumptions, neither Agri-PV nor agroforestry systems
outperform monoculture systems (e.g. Miscanthus) or ground-mounted PV. However, the analysis identifies
yield and cost thresholds at which specific combinations become competitive. For example, a Miscanthus-sugar
beet agroforestry system becomes viable with a 6% yield increase in Miscanthus compared to the monoculture
yield. Despite their current economic disadvantages, Agri-PV and agroforestry offer non-monetized benefits
including biodiversity enhancement and climate resilience. The study concludes that bridging the economic gap
may require valuing these co-benefits or achieving significant cost and yield improvements through research
and innovation.",01.01.2020,01.01.2050,Germany,2160000,"Agroforestry, Agri-PV, Monoculture, Ground-mounted PV (GM-PV)","0,25", Poplar,,56%,Maize silage,,86%,V-PV,340,1045,6,90,90,1,12,30%,10%,"79,6%",,,,12%,42%,Agroforestry and Agri-PV are noted to have potential benefits for biodiversity enhancement and climate resilience.,"Potential co-benefits of multi-land-use systems include erosion control, improved water distribution, and microclimatic effects (not explicitly modeled).","Biodiversity enhancement, climate resilience, soil protection, erosion control, improved water distribution, microclimatic effects.","This study uses the BENOPTEx energy system optimization model to assess the economic viability of agroforestry and Agri-PV for energy production in Germany. Miscanthus was modeled as a forestry component in hypothetical scenarios. Yield data for agroforestry are based on specific field trials and may not be generalizable. The study concludes that under current assumptions, neither system is cost-optimal compared to monocultures and GM-PV, but identifies thresholds where they could become competitive.",,,,,,,,,,,,,,,,,,,,,,
10.1016/j.ecmx.2026.101614,,,,,,,,,,,,,,,,,,,,,,,,,,,,,,,,,,,,,forestry,https://docs.google.com/spreadsheets/d/e/2PACX-1vR0wSk6qgGv0cZxkc4zRKwJso5edQ88ivsUDACEXts43BR4gZRfcGJ3JzjpPjYYpLnUvAe_mJJO0UJg/pub?output=csv,19,The future role of agroforestry and Agri-PV in the German energy system — An analysis with the BENOPTex model,"The climate crisis requires a transition to a climate neutral energy system, particularly in sectors that are
hard to decarbonize. For these sectors, biomass-based energy carriers often represent a comparatively costeffective decarbonization option. Given limited suitable land availability and high energy demand, identifying
land-efficient solutions for renewable energy production is crucial. The present study is concerned with the
collection and harmonization of data on the multi-land-use concepts of agricultural photovoltaics (Agri-PV)
and agroforestry. Both concepts are considered here as systems capable of contributing to renewable energy
supply, through electricity generation and biomass production for energy use. The objective is to integrate
these concepts into a model of the German energy system and use the energy system optimization model
BENOPTex to evaluate their economic viability. In various sensitivity analysis, we determine the most costeffective land allocation for energy production on the 2.16 million hectares currently used for energy crops.
Results indicate that, under current yield and cost assumptions, neither Agri-PV nor agroforestry systems
outperform monoculture systems (e.g. Miscanthus) or ground-mounted PV. However, the analysis identifies
yield and cost thresholds at which specific combinations become competitive. For example, a Miscanthus-sugar
beet agroforestry system becomes viable with a 6% yield increase in Miscanthus compared to the monoculture
yield. Despite their current economic disadvantages, Agri-PV and agroforestry offer non-monetized benefits
including biodiversity enhancement and climate resilience. The study concludes that bridging the economic gap
may require valuing these co-benefits or achieving significant cost and yield improvements through research
and innovation.",01.01.2020,01.01.2050,Germany,2160000,"Agroforestry, Agri-PV, Monoculture, Ground-mounted PV (GM-PV)",4, Poplar,,66%,Maize silage,,86%,V-PV,340,1045,6,90,90,1,12,30%,10%,"79,6%",,,,12%,42%,Agroforestry and Agri-PV are noted to have potential benefits for biodiversity enhancement and climate resilience.,"Potential co-benefits of multi-land-use systems include erosion control, improved water distribution, and microclimatic effects (not explicitly modeled).","Biodiversity enhancement, climate resilience, soil protection, erosion control, improved water distribution, microclimatic effects.","This study uses the BENOPTEx energy system optimization model to assess the economic viability of agroforestry and Agri-PV for energy production in Germany. Miscanthus was modeled as a forestry component in hypothetical scenarios. Yield data for agroforestry are based on specific field trials and may not be generalizable. The study concludes that under current assumptions, neither system is cost-optimal compared to monocultures and GM-PV, but identifies thresholds where they could become competitive.",,,,,,,,,,,,,,,,,,,,,,
10.1016/j.ecmx.2026.101614,,,,,,,,,,,,,,,,,,,,,,,,,,,,,,,,,,,,,forestry,https://docs.google.com/spreadsheets/d/e/2PACX-1vR0wSk6qgGv0cZxkc4zRKwJso5edQ88ivsUDACEXts43BR4gZRfcGJ3JzjpPjYYpLnUvAe_mJJO0UJg/pub?output=csv,20,The future role of agroforestry and Agri-PV in the German energy system — An analysis with the BENOPTex model,"The climate crisis requires a transition to a climate neutral energy system, particularly in sectors that are
hard to decarbonize. For these sectors, biomass-based energy carriers often represent a comparatively costeffective decarbonization option. Given limited suitable land availability and high energy demand, identifying
land-efficient solutions for renewable energy production is crucial. The present study is concerned with the
collection and harmonization of data on the multi-land-use concepts of agricultural photovoltaics (Agri-PV)
and agroforestry. Both concepts are considered here as systems capable of contributing to renewable energy
supply, through electricity generation and biomass production for energy use. The objective is to integrate
these concepts into a model of the German energy system and use the energy system optimization model
BENOPTex to evaluate their economic viability. In various sensitivity analysis, we determine the most costeffective land allocation for energy production on the 2.16 million hectares currently used for energy crops.
Results indicate that, under current yield and cost assumptions, neither Agri-PV nor agroforestry systems
outperform monoculture systems (e.g. Miscanthus) or ground-mounted PV. However, the analysis identifies
yield and cost thresholds at which specific combinations become competitive. For example, a Miscanthus-sugar
beet agroforestry system becomes viable with a 6% yield increase in Miscanthus compared to the monoculture
yield. Despite their current economic disadvantages, Agri-PV and agroforestry offer non-monetized benefits
including biodiversity enhancement and climate resilience. The study concludes that bridging the economic gap
may require valuing these co-benefits or achieving significant cost and yield improvements through research
and innovation.",01.01.2020,01.01.2050,Germany,2160000,"Agroforestry, Agri-PV, Monoculture, Ground-mounted PV (GM-PV)","0,25", Poplar,,56%,Corn grain,,78%,V-PV,340,1045,6,90,90,1,12,30%,10%,"79,6%",,,,12%,42%,Agroforestry and Agri-PV are noted to have potential benefits for biodiversity enhancement and climate resilience.,"Potential co-benefits of multi-land-use systems include erosion control, improved water distribution, and microclimatic effects (not explicitly modeled).","Biodiversity enhancement, climate resilience, soil protection, erosion control, improved water distribution, microclimatic effects.","This study uses the BENOPTEx energy system optimization model to assess the economic viability of agroforestry and Agri-PV for energy production in Germany. Miscanthus was modeled as a forestry component in hypothetical scenarios. Yield data for agroforestry are based on specific field trials and may not be generalizable. The study concludes that under current assumptions, neither system is cost-optimal compared to monocultures and GM-PV, but identifies thresholds where they could become competitive.",,,,,,,,,,,,,,,,,,,,,,
10.1016/j.ecmx.2026.101614,,,,,,,,,,,,,,,,,,,,,,,,,,,,,,,,,,,,,forestry,https://docs.google.com/spreadsheets/d/e/2PACX-1vR0wSk6qgGv0cZxkc4zRKwJso5edQ88ivsUDACEXts43BR4gZRfcGJ3JzjpPjYYpLnUvAe_mJJO0UJg/pub?output=csv,21,The future role of agroforestry and Agri-PV in the German energy system — An analysis with the BENOPTex model,"The climate crisis requires a transition to a climate neutral energy system, particularly in sectors that are
hard to decarbonize. For these sectors, biomass-based energy carriers often represent a comparatively costeffective decarbonization option. Given limited suitable land availability and high energy demand, identifying
land-efficient solutions for renewable energy production is crucial. The present study is concerned with the
collection and harmonization of data on the multi-land-use concepts of agricultural photovoltaics (Agri-PV)
and agroforestry. Both concepts are considered here as systems capable of contributing to renewable energy
supply, through electricity generation and biomass production for energy use. The objective is to integrate
these concepts into a model of the German energy system and use the energy system optimization model
BENOPTex to evaluate their economic viability. In various sensitivity analysis, we determine the most costeffective land allocation for energy production on the 2.16 million hectares currently used for energy crops.
Results indicate that, under current yield and cost assumptions, neither Agri-PV nor agroforestry systems
outperform monoculture systems (e.g. Miscanthus) or ground-mounted PV. However, the analysis identifies
yield and cost thresholds at which specific combinations become competitive. For example, a Miscanthus-sugar
beet agroforestry system becomes viable with a 6% yield increase in Miscanthus compared to the monoculture
yield. Despite their current economic disadvantages, Agri-PV and agroforestry offer non-monetized benefits
including biodiversity enhancement and climate resilience. The study concludes that bridging the economic gap
may require valuing these co-benefits or achieving significant cost and yield improvements through research
and innovation.",01.01.2020,01.01.2050,Germany,2160000,"Agroforestry, Agri-PV, Monoculture, Ground-mounted PV (GM-PV)",4, Poplar,,66%,Corn grain,,78%,V-PV,340,1045,6,90,90,1,12,30%,10%,"79,6%",,,,12%,42%,Agroforestry and Agri-PV are noted to have potential benefits for biodiversity enhancement and climate resilience.,"Potential co-benefits of multi-land-use systems include erosion control, improved water distribution, and microclimatic effects (not explicitly modeled).","Biodiversity enhancement, climate resilience, soil protection, erosion control, improved water distribution, microclimatic effects.","This study uses the BENOPTEx energy system optimization model to assess the economic viability of agroforestry and Agri-PV for energy production in Germany. Miscanthus was modeled as a forestry component in hypothetical scenarios. Yield data for agroforestry are based on specific field trials and may not be generalizable. The study concludes that under current assumptions, neither system is cost-optimal compared to monocultures and GM-PV, but identifies thresholds where they could become competitive.",,,,,,,,,,,,,,,,,,,,,,
10.1016/j.ecmx.2026.101614,,,,,,,,,,,,,,,,,,,,,,,,,,,,,,,,,,,,,forestry,https://docs.google.com/spreadsheets/d/e/2PACX-1vR0wSk6qgGv0cZxkc4zRKwJso5edQ88ivsUDACEXts43BR4gZRfcGJ3JzjpPjYYpLnUvAe_mJJO0UJg/pub?output=csv,22,The future role of agroforestry and Agri-PV in the German energy system — An analysis with the BENOPTex model,"The climate crisis requires a transition to a climate neutral energy system, particularly in sectors that are
hard to decarbonize. For these sectors, biomass-based energy carriers often represent a comparatively costeffective decarbonization option. Given limited suitable land availability and high energy demand, identifying
land-efficient solutions for renewable energy production is crucial. The present study is concerned with the
collection and harmonization of data on the multi-land-use concepts of agricultural photovoltaics (Agri-PV)
and agroforestry. Both concepts are considered here as systems capable of contributing to renewable energy
supply, through electricity generation and biomass production for energy use. The objective is to integrate
these concepts into a model of the German energy system and use the energy system optimization model
BENOPTex to evaluate their economic viability. In various sensitivity analysis, we determine the most costeffective land allocation for energy production on the 2.16 million hectares currently used for energy crops.
Results indicate that, under current yield and cost assumptions, neither Agri-PV nor agroforestry systems
outperform monoculture systems (e.g. Miscanthus) or ground-mounted PV. However, the analysis identifies
yield and cost thresholds at which specific combinations become competitive. For example, a Miscanthus-sugar
beet agroforestry system becomes viable with a 6% yield increase in Miscanthus compared to the monoculture
yield. Despite their current economic disadvantages, Agri-PV and agroforestry offer non-monetized benefits
including biodiversity enhancement and climate resilience. The study concludes that bridging the economic gap
may require valuing these co-benefits or achieving significant cost and yield improvements through research
and innovation.",01.01.2020,01.01.2050,Germany,2160000,"Agroforestry, Agri-PV, Monoculture, Ground-mounted PV (GM-PV)","0,25", Poplar,,56%,Sugar beet,,119%,S-PV,600,1026,"8,1",20,0,5,"9,2",30%,8%,,,,,,,Agroforestry and Agri-PV are noted to have potential benefits for biodiversity enhancement and climate resilience.,"Potential co-benefits of multi-land-use systems include erosion control, improved water distribution, and microclimatic effects (not explicitly modeled).","Biodiversity enhancement, climate resilience, soil protection, erosion control, improved water distribution, microclimatic effects.","This study uses the BENOPTEx energy system optimization model to assess the economic viability of agroforestry and Agri-PV for energy production in Germany. Miscanthus was modeled as a forestry component in hypothetical scenarios. Yield data for agroforestry are based on specific field trials and may not be generalizable. The study concludes that under current assumptions, neither system is cost-optimal compared to monocultures and GM-PV, but identifies thresholds where they could become competitive.",,,,,,,,,,,,,,,,,,,,,,
10.1016/j.ecmx.2026.101614,,,,,,,,,,,,,,,,,,,,,,,,,,,,,,,,,,,,,forestry,https://docs.google.com/spreadsheets/d/e/2PACX-1vR0wSk6qgGv0cZxkc4zRKwJso5edQ88ivsUDACEXts43BR4gZRfcGJ3JzjpPjYYpLnUvAe_mJJO0UJg/pub?output=csv,23,The future role of agroforestry and Agri-PV in the German energy system — An analysis with the BENOPTex model,"The climate crisis requires a transition to a climate neutral energy system, particularly in sectors that are
hard to decarbonize. For these sectors, biomass-based energy carriers often represent a comparatively costeffective decarbonization option. Given limited suitable land availability and high energy demand, identifying
land-efficient solutions for renewable energy production is crucial. The present study is concerned with the
collection and harmonization of data on the multi-land-use concepts of agricultural photovoltaics (Agri-PV)
and agroforestry. Both concepts are considered here as systems capable of contributing to renewable energy
supply, through electricity generation and biomass production for energy use. The objective is to integrate
these concepts into a model of the German energy system and use the energy system optimization model
BENOPTex to evaluate their economic viability. In various sensitivity analysis, we determine the most costeffective land allocation for energy production on the 2.16 million hectares currently used for energy crops.
Results indicate that, under current yield and cost assumptions, neither Agri-PV nor agroforestry systems
outperform monoculture systems (e.g. Miscanthus) or ground-mounted PV. However, the analysis identifies
yield and cost thresholds at which specific combinations become competitive. For example, a Miscanthus-sugar
beet agroforestry system becomes viable with a 6% yield increase in Miscanthus compared to the monoculture
yield. Despite their current economic disadvantages, Agri-PV and agroforestry offer non-monetized benefits
including biodiversity enhancement and climate resilience. The study concludes that bridging the economic gap
may require valuing these co-benefits or achieving significant cost and yield improvements through research
and innovation.",01.01.2020,01.01.2050,Germany,2160000,"Agroforestry, Agri-PV, Monoculture, Ground-mounted PV (GM-PV)",4, Poplar,,66%,Sugar beet,,119%,S-PV,600,1026,"8,1",20,0,5,"9,2",30%,8%,,,,,,,Agroforestry and Agri-PV are noted to have potential benefits for biodiversity enhancement and climate resilience.,"Potential co-benefits of multi-land-use systems include erosion control, improved water distribution, and microclimatic effects (not explicitly modeled).","Biodiversity enhancement, climate resilience, soil protection, erosion control, improved water distribution, microclimatic effects.","This study uses the BENOPTEx energy system optimization model to assess the economic viability of agroforestry and Agri-PV for energy production in Germany. Miscanthus was modeled as a forestry component in hypothetical scenarios. Yield data for agroforestry are based on specific field trials and may not be generalizable. The study concludes that under current assumptions, neither system is cost-optimal compared to monocultures and GM-PV, but identifies thresholds where they could become competitive.",,,,,,,,,,,,,,,,,,,,,,
10.1016/j.ecmx.2026.101614,,,,,,,,,,,,,,,,,,,,,,,,,,,,,,,,,,,,,forestry,https://docs.google.com/spreadsheets/d/e/2PACX-1vR0wSk6qgGv0cZxkc4zRKwJso5edQ88ivsUDACEXts43BR4gZRfcGJ3JzjpPjYYpLnUvAe_mJJO0UJg/pub?output=csv,24,The future role of agroforestry and Agri-PV in the German energy system — An analysis with the BENOPTex model,"The climate crisis requires a transition to a climate neutral energy system, particularly in sectors that are
hard to decarbonize. For these sectors, biomass-based energy carriers often represent a comparatively costeffective decarbonization option. Given limited suitable land availability and high energy demand, identifying
land-efficient solutions for renewable energy production is crucial. The present study is concerned with the
collection and harmonization of data on the multi-land-use concepts of agricultural photovoltaics (Agri-PV)
and agroforestry. Both concepts are considered here as systems capable of contributing to renewable energy
supply, through electricity generation and biomass production for energy use. The objective is to integrate
these concepts into a model of the German energy system and use the energy system optimization model
BENOPTex to evaluate their economic viability. In various sensitivity analysis, we determine the most costeffective land allocation for energy production on the 2.16 million hectares currently used for energy crops.
Results indicate that, under current yield and cost assumptions, neither Agri-PV nor agroforestry systems
outperform monoculture systems (e.g. Miscanthus) or ground-mounted PV. However, the analysis identifies
yield and cost thresholds at which specific combinations become competitive. For example, a Miscanthus-sugar
beet agroforestry system becomes viable with a 6% yield increase in Miscanthus compared to the monoculture
yield. Despite their current economic disadvantages, Agri-PV and agroforestry offer non-monetized benefits
including biodiversity enhancement and climate resilience. The study concludes that bridging the economic gap
may require valuing these co-benefits or achieving significant cost and yield improvements through research
and innovation.",01.01.2020,01.01.2050,Germany,2160000,"Agroforestry, Agri-PV, Monoculture, Ground-mounted PV (GM-PV)","0,25", Poplar,,56%,Winter wheat,,120%,S-PV,600,1026,"8,1",20,0,5,"9,2",30%,8%,,,,,,,Agroforestry and Agri-PV are noted to have potential benefits for biodiversity enhancement and climate resilience.,"Potential co-benefits of multi-land-use systems include erosion control, improved water distribution, and microclimatic effects (not explicitly modeled).","Biodiversity enhancement, climate resilience, soil protection, erosion control, improved water distribution, microclimatic effects.","This study uses the BENOPTEx energy system optimization model to assess the economic viability of agroforestry and Agri-PV for energy production in Germany. Miscanthus was modeled as a forestry component in hypothetical scenarios. Yield data for agroforestry are based on specific field trials and may not be generalizable. The study concludes that under current assumptions, neither system is cost-optimal compared to monocultures and GM-PV, but identifies thresholds where they could become competitive.",,,,,,,,,,,,,,,,,,,,,,
10.1016/j.ecmx.2026.101614,,,,,,,,,,,,,,,,,,,,,,,,,,,,,,,,,,,,,forestry,https://docs.google.com/spreadsheets/d/e/2PACX-1vR0wSk6qgGv0cZxkc4zRKwJso5edQ88ivsUDACEXts43BR4gZRfcGJ3JzjpPjYYpLnUvAe_mJJO0UJg/pub?output=csv,25,The future role of agroforestry and Agri-PV in the German energy system — An analysis with the BENOPTex model,"The climate crisis requires a transition to a climate neutral energy system, particularly in sectors that are
hard to decarbonize. For these sectors, biomass-based energy carriers often represent a comparatively costeffective decarbonization option. Given limited suitable land availability and high energy demand, identifying
land-efficient solutions for renewable energy production is crucial. The present study is concerned with the
collection and harmonization of data on the multi-land-use concepts of agricultural photovoltaics (Agri-PV)
and agroforestry. Both concepts are considered here as systems capable of contributing to renewable energy
supply, through electricity generation and biomass production for energy use. The objective is to integrate
these concepts into a model of the German energy system and use the energy system optimization model
BENOPTex to evaluate their economic viability. In various sensitivity analysis, we determine the most costeffective land allocation for energy production on the 2.16 million hectares currently used for energy crops.
Results indicate that, under current yield and cost assumptions, neither Agri-PV nor agroforestry systems
outperform monoculture systems (e.g. Miscanthus) or ground-mounted PV. However, the analysis identifies
yield and cost thresholds at which specific combinations become competitive. For example, a Miscanthus-sugar
beet agroforestry system becomes viable with a 6% yield increase in Miscanthus compared to the monoculture
yield. Despite their current economic disadvantages, Agri-PV and agroforestry offer non-monetized benefits
including biodiversity enhancement and climate resilience. The study concludes that bridging the economic gap
may require valuing these co-benefits or achieving significant cost and yield improvements through research
and innovation.",01.01.2020,01.01.2050,Germany,2160000,"Agroforestry, Agri-PV, Monoculture, Ground-mounted PV (GM-PV)",4, Poplar,,66%,Winter wheat,,108%,S-PV,600,1026,"8,1",20,0,5,"9,2",30%,8%,,,,,,,Agroforestry and Agri-PV are noted to have potential benefits for biodiversity enhancement and climate resilience.,"Potential co-benefits of multi-land-use systems include erosion control, improved water distribution, and microclimatic effects (not explicitly modeled).","Biodiversity enhancement, climate resilience, soil protection, erosion control, improved water distribution, microclimatic effects.","This study uses the BENOPTEx energy system optimization model to assess the economic viability of agroforestry and Agri-PV for energy production in Germany. Miscanthus was modeled as a forestry component in hypothetical scenarios. Yield data for agroforestry are based on specific field trials and may not be generalizable. The study concludes that under current assumptions, neither system is cost-optimal compared to monocultures and GM-PV, but identifies thresholds where they could become competitive.",,,,,,,,,,,,,,,,,,,,,,
10.1016/j.ecmx.2026.101614,,,,,,,,,,,,,,,,,,,,,,,,,,,,,,,,,,,,,forestry,https://docs.google.com/spreadsheets/d/e/2PACX-1vR0wSk6qgGv0cZxkc4zRKwJso5edQ88ivsUDACEXts43BR4gZRfcGJ3JzjpPjYYpLnUvAe_mJJO0UJg/pub?output=csv,26,The future role of agroforestry and Agri-PV in the German energy system — An analysis with the BENOPTex model,"The climate crisis requires a transition to a climate neutral energy system, particularly in sectors that are
hard to decarbonize. For these sectors, biomass-based energy carriers often represent a comparatively costeffective decarbonization option. Given limited suitable land availability and high energy demand, identifying
land-efficient solutions for renewable energy production is crucial. The present study is concerned with the
collection and harmonization of data on the multi-land-use concepts of agricultural photovoltaics (Agri-PV)
and agroforestry. Both concepts are considered here as systems capable of contributing to renewable energy
supply, through electricity generation and biomass production for energy use. The objective is to integrate
these concepts into a model of the German energy system and use the energy system optimization model
BENOPTex to evaluate their economic viability. In various sensitivity analysis, we determine the most costeffective land allocation for energy production on the 2.16 million hectares currently used for energy crops.
Results indicate that, under current yield and cost assumptions, neither Agri-PV nor agroforestry systems
outperform monoculture systems (e.g. Miscanthus) or ground-mounted PV. However, the analysis identifies
yield and cost thresholds at which specific combinations become competitive. For example, a Miscanthus-sugar
beet agroforestry system becomes viable with a 6% yield increase in Miscanthus compared to the monoculture
yield. Despite their current economic disadvantages, Agri-PV and agroforestry offer non-monetized benefits
including biodiversity enhancement and climate resilience. The study concludes that bridging the economic gap
may require valuing these co-benefits or achieving significant cost and yield improvements through research
and innovation.",01.01.2020,01.01.2050,Germany,2160000,"Agroforestry, Agri-PV, Monoculture, Ground-mounted PV (GM-PV)","0,25", Poplar,,56%,Rapeseed,,120%,S-PV,600,1026,"8,1",20,0,5,"9,2",30%,8%,,,,,,,Agroforestry and Agri-PV are noted to have potential benefits for biodiversity enhancement and climate resilience.,"Potential co-benefits of multi-land-use systems include erosion control, improved water distribution, and microclimatic effects (not explicitly modeled).","Biodiversity enhancement, climate resilience, soil protection, erosion control, improved water distribution, microclimatic effects.","This study uses the BENOPTEx energy system optimization model to assess the economic viability of agroforestry and Agri-PV for energy production in Germany. Miscanthus was modeled as a forestry component in hypothetical scenarios. Yield data for agroforestry are based on specific field trials and may not be generalizable. The study concludes that under current assumptions, neither system is cost-optimal compared to monocultures and GM-PV, but identifies thresholds where they could become competitive.",,,,,,,,,,,,,,,,,,,,,,
10.1016/j.ecmx.2026.101614,,,,,,,,,,,,,,,,,,,,,,,,,,,,,,,,,,,,,forestry,https://docs.google.com/spreadsheets/d/e/2PACX-1vR0wSk6qgGv0cZxkc4zRKwJso5edQ88ivsUDACEXts43BR4gZRfcGJ3JzjpPjYYpLnUvAe_mJJO0UJg/pub?output=csv,27,The future role of agroforestry and Agri-PV in the German energy system — An analysis with the BENOPTex model,"The climate crisis requires a transition to a climate neutral energy system, particularly in sectors that are
hard to decarbonize. For these sectors, biomass-based energy carriers often represent a comparatively costeffective decarbonization option. Given limited suitable land availability and high energy demand, identifying
land-efficient solutions for renewable energy production is crucial. The present study is concerned with the
collection and harmonization of data on the multi-land-use concepts of agricultural photovoltaics (Agri-PV)
and agroforestry. Both concepts are considered here as systems capable of contributing to renewable energy
supply, through electricity generation and biomass production for energy use. The objective is to integrate
these concepts into a model of the German energy system and use the energy system optimization model
BENOPTex to evaluate their economic viability. In various sensitivity analysis, we determine the most costeffective land allocation for energy production on the 2.16 million hectares currently used for energy crops.
Results indicate that, under current yield and cost assumptions, neither Agri-PV nor agroforestry systems
outperform monoculture systems (e.g. Miscanthus) or ground-mounted PV. However, the analysis identifies
yield and cost thresholds at which specific combinations become competitive. For example, a Miscanthus-sugar
beet agroforestry system becomes viable with a 6% yield increase in Miscanthus compared to the monoculture
yield. Despite their current economic disadvantages, Agri-PV and agroforestry offer non-monetized benefits
including biodiversity enhancement and climate resilience. The study concludes that bridging the economic gap
may require valuing these co-benefits or achieving significant cost and yield improvements through research
and innovation.",01.01.2020,01.01.2050,Germany,2160000,"Agroforestry, Agri-PV, Monoculture, Ground-mounted PV (GM-PV)",4, Poplar,,66%,Rapeseed,,108%,S-PV,600,1026,"8,1",20,0,5,"9,2",30%,8%,,,,,,,Agroforestry and Agri-PV are noted to have potential benefits for biodiversity enhancement and climate resilience.,"Potential co-benefits of multi-land-use systems include erosion control, improved water distribution, and microclimatic effects (not explicitly modeled).","Biodiversity enhancement, climate resilience, soil protection, erosion control, improved water distribution, microclimatic effects.","This study uses the BENOPTEx energy system optimization model to assess the economic viability of agroforestry and Agri-PV for energy production in Germany. Miscanthus was modeled as a forestry component in hypothetical scenarios. Yield data for agroforestry are based on specific field trials and may not be generalizable. The study concludes that under current assumptions, neither system is cost-optimal compared to monocultures and GM-PV, but identifies thresholds where they could become competitive.",,,,,,,,,,,,,,,,,,,,,,
10.1016/j.ecmx.2026.101614,,,,,,,,,,,,,,,,,,,,,,,,,,,,,,,,,,,,,forestry,https://docs.google.com/spreadsheets/d/e/2PACX-1vR0wSk6qgGv0cZxkc4zRKwJso5edQ88ivsUDACEXts43BR4gZRfcGJ3JzjpPjYYpLnUvAe_mJJO0UJg/pub?output=csv,28,The future role of agroforestry and Agri-PV in the German energy system — An analysis with the BENOPTex model,"The climate crisis requires a transition to a climate neutral energy system, particularly in sectors that are
hard to decarbonize. For these sectors, biomass-based energy carriers often represent a comparatively costeffective decarbonization option. Given limited suitable land availability and high energy demand, identifying
land-efficient solutions for renewable energy production is crucial. The present study is concerned with the
collection and harmonization of data on the multi-land-use concepts of agricultural photovoltaics (Agri-PV)
and agroforestry. Both concepts are considered here as systems capable of contributing to renewable energy
supply, through electricity generation and biomass production for energy use. The objective is to integrate
these concepts into a model of the German energy system and use the energy system optimization model
BENOPTex to evaluate their economic viability. In various sensitivity analysis, we determine the most costeffective land allocation for energy production on the 2.16 million hectares currently used for energy crops.
Results indicate that, under current yield and cost assumptions, neither Agri-PV nor agroforestry systems
outperform monoculture systems (e.g. Miscanthus) or ground-mounted PV. However, the analysis identifies
yield and cost thresholds at which specific combinations become competitive. For example, a Miscanthus-sugar
beet agroforestry system becomes viable with a 6% yield increase in Miscanthus compared to the monoculture
yield. Despite their current economic disadvantages, Agri-PV and agroforestry offer non-monetized benefits
including biodiversity enhancement and climate resilience. The study concludes that bridging the economic gap
may require valuing these co-benefits or achieving significant cost and yield improvements through research
and innovation.",01.01.2020,01.01.2050,Germany,2160000,"Agroforestry, Agri-PV, Monoculture, Ground-mounted PV (GM-PV)","0,25", Poplar,,56%,Maize silage,,86%,S-PV,600,1026,"8,1",20,0,5,"9,2",30%,8%,,,,,,,Agroforestry and Agri-PV are noted to have potential benefits for biodiversity enhancement and climate resilience.,"Potential co-benefits of multi-land-use systems include erosion control, improved water distribution, and microclimatic effects (not explicitly modeled).","Biodiversity enhancement, climate resilience, soil protection, erosion control, improved water distribution, microclimatic effects.","This study uses the BENOPTEx energy system optimization model to assess the economic viability of agroforestry and Agri-PV for energy production in Germany. Miscanthus was modeled as a forestry component in hypothetical scenarios. Yield data for agroforestry are based on specific field trials and may not be generalizable. The study concludes that under current assumptions, neither system is cost-optimal compared to monocultures and GM-PV, but identifies thresholds where they could become competitive.",,,,,,,,,,,,,,,,,,,,,,
10.1016/j.ecmx.2026.101614,,,,,,,,,,,,,,,,,,,,,,,,,,,,,,,,,,,,,forestry,https://docs.google.com/spreadsheets/d/e/2PACX-1vR0wSk6qgGv0cZxkc4zRKwJso5edQ88ivsUDACEXts43BR4gZRfcGJ3JzjpPjYYpLnUvAe_mJJO0UJg/pub?output=csv,29,The future role of agroforestry and Agri-PV in the German energy system — An analysis with the BENOPTex model,"The climate crisis requires a transition to a climate neutral energy system, particularly in sectors that are
hard to decarbonize. For these sectors, biomass-based energy carriers often represent a comparatively costeffective decarbonization option. Given limited suitable land availability and high energy demand, identifying
land-efficient solutions for renewable energy production is crucial. The present study is concerned with the
collection and harmonization of data on the multi-land-use concepts of agricultural photovoltaics (Agri-PV)
and agroforestry. Both concepts are considered here as systems capable of contributing to renewable energy
supply, through electricity generation and biomass production for energy use. The objective is to integrate
these concepts into a model of the German energy system and use the energy system optimization model
BENOPTex to evaluate their economic viability. In various sensitivity analysis, we determine the most costeffective land allocation for energy production on the 2.16 million hectares currently used for energy crops.
Results indicate that, under current yield and cost assumptions, neither Agri-PV nor agroforestry systems
outperform monoculture systems (e.g. Miscanthus) or ground-mounted PV. However, the analysis identifies
yield and cost thresholds at which specific combinations become competitive. For example, a Miscanthus-sugar
beet agroforestry system becomes viable with a 6% yield increase in Miscanthus compared to the monoculture
yield. Despite their current economic disadvantages, Agri-PV and agroforestry offer non-monetized benefits
including biodiversity enhancement and climate resilience. The study concludes that bridging the economic gap
may require valuing these co-benefits or achieving significant cost and yield improvements through research
and innovation.",01.01.2020,01.01.2050,Germany,2160000,"Agroforestry, Agri-PV, Monoculture, Ground-mounted PV (GM-PV)",4, Poplar,,66%,Maize silage,,86%,S-PV,600,1026,"8,1",20,0,5,"9,2",30%,8%,,,,,,,Agroforestry and Agri-PV are noted to have potential benefits for biodiversity enhancement and climate resilience.,"Potential co-benefits of multi-land-use systems include erosion control, improved water distribution, and microclimatic effects (not explicitly modeled).","Biodiversity enhancement, climate resilience, soil protection, erosion control, improved water distribution, microclimatic effects.","This study uses the BENOPTEx energy system optimization model to assess the economic viability of agroforestry and Agri-PV for energy production in Germany. Miscanthus was modeled as a forestry component in hypothetical scenarios. Yield data for agroforestry are based on specific field trials and may not be generalizable. The study concludes that under current assumptions, neither system is cost-optimal compared to monocultures and GM-PV, but identifies thresholds where they could become competitive.",,,,,,,,,,,,,,,,,,,,,,
10.1016/j.ecmx.2026.101614,,,,,,,,,,,,,,,,,,,,,,,,,,,,,,,,,,,,,forestry,https://docs.google.com/spreadsheets/d/e/2PACX-1vR0wSk6qgGv0cZxkc4zRKwJso5edQ88ivsUDACEXts43BR4gZRfcGJ3JzjpPjYYpLnUvAe_mJJO0UJg/pub?output=csv,30,The future role of agroforestry and Agri-PV in the German energy system — An analysis with the BENOPTex model,"The climate crisis requires a transition to a climate neutral energy system, particularly in sectors that are
hard to decarbonize. For these sectors, biomass-based energy carriers often represent a comparatively costeffective decarbonization option. Given limited suitable land availability and high energy demand, identifying
land-efficient solutions for renewable energy production is crucial. The present study is concerned with the
collection and harmonization of data on the multi-land-use concepts of agricultural photovoltaics (Agri-PV)
and agroforestry. Both concepts are considered here as systems capable of contributing to renewable energy
supply, through electricity generation and biomass production for energy use. The objective is to integrate
these concepts into a model of the German energy system and use the energy system optimization model
BENOPTex to evaluate their economic viability. In various sensitivity analysis, we determine the most costeffective land allocation for energy production on the 2.16 million hectares currently used for energy crops.
Results indicate that, under current yield and cost assumptions, neither Agri-PV nor agroforestry systems
outperform monoculture systems (e.g. Miscanthus) or ground-mounted PV. However, the analysis identifies
yield and cost thresholds at which specific combinations become competitive. For example, a Miscanthus-sugar
beet agroforestry system becomes viable with a 6% yield increase in Miscanthus compared to the monoculture
yield. Despite their current economic disadvantages, Agri-PV and agroforestry offer non-monetized benefits
including biodiversity enhancement and climate resilience. The study concludes that bridging the economic gap
may require valuing these co-benefits or achieving significant cost and yield improvements through research
and innovation.",01.01.2020,01.01.2050,Germany,2160000,"Agroforestry, Agri-PV, Monoculture, Ground-mounted PV (GM-PV)","0,25", Poplar,,56%,Corn grain,,78%,S-PV,600,1026,"8,1",20,0,5,"9,2",30%,8%,,,,,,,Agroforestry and Agri-PV are noted to have potential benefits for biodiversity enhancement and climate resilience.,"Potential co-benefits of multi-land-use systems include erosion control, improved water distribution, and microclimatic effects (not explicitly modeled).","Biodiversity enhancement, climate resilience, soil protection, erosion control, improved water distribution, microclimatic effects.","This study uses the BENOPTEx energy system optimization model to assess the economic viability of agroforestry and Agri-PV for energy production in Germany. Miscanthus was modeled as a forestry component in hypothetical scenarios. Yield data for agroforestry are based on specific field trials and may not be generalizable. The study concludes that under current assumptions, neither system is cost-optimal compared to monocultures and GM-PV, but identifies thresholds where they could become competitive.",,,,,,,,,,,,,,,,,,,,,,
10.1016/j.ecmx.2026.101614,,,,,,,,,,,,,,,,,,,,,,,,,,,,,,,,,,,,,forestry,https://docs.google.com/spreadsheets/d/e/2PACX-1vR0wSk6qgGv0cZxkc4zRKwJso5edQ88ivsUDACEXts43BR4gZRfcGJ3JzjpPjYYpLnUvAe_mJJO0UJg/pub?output=csv,31,The future role of agroforestry and Agri-PV in the German energy system — An analysis with the BENOPTex model,"The climate crisis requires a transition to a climate neutral energy system, particularly in sectors that are
hard to decarbonize. For these sectors, biomass-based energy carriers often represent a comparatively costeffective decarbonization option. Given limited suitable land availability and high energy demand, identifying
land-efficient solutions for renewable energy production is crucial. The present study is concerned with the
collection and harmonization of data on the multi-land-use concepts of agricultural photovoltaics (Agri-PV)
and agroforestry. Both concepts are considered here as systems capable of contributing to renewable energy
supply, through electricity generation and biomass production for energy use. The objective is to integrate
these concepts into a model of the German energy system and use the energy system optimization model
BENOPTex to evaluate their economic viability. In various sensitivity analysis, we determine the most costeffective land allocation for energy production on the 2.16 million hectares currently used for energy crops.
Results indicate that, under current yield and cost assumptions, neither Agri-PV nor agroforestry systems
outperform monoculture systems (e.g. Miscanthus) or ground-mounted PV. However, the analysis identifies
yield and cost thresholds at which specific combinations become competitive. For example, a Miscanthus-sugar
beet agroforestry system becomes viable with a 6% yield increase in Miscanthus compared to the monoculture
yield. Despite their current economic disadvantages, Agri-PV and agroforestry offer non-monetized benefits
including biodiversity enhancement and climate resilience. The study concludes that bridging the economic gap
may require valuing these co-benefits or achieving significant cost and yield improvements through research
and innovation.",01.01.2020,01.01.2050,Germany,2160000,"Agroforestry, Agri-PV, Monoculture, Ground-mounted PV (GM-PV)",4, Poplar,,66%,Corn grain,,78%,S-PV,600,1026,"8,1",20,0,5,"9,2",30%,8%,,,,,,,Agroforestry and Agri-PV are noted to have potential benefits for biodiversity enhancement and climate resilience.,"Potential co-benefits of multi-land-use systems include erosion control, improved water distribution, and microclimatic effects (not explicitly modeled).","Biodiversity enhancement, climate resilience, soil protection, erosion control, improved water distribution, microclimatic effects.","This study uses the BENOPTEx energy system optimization model to assess the economic viability of agroforestry and Agri-PV for energy production in Germany. Miscanthus was modeled as a forestry component in hypothetical scenarios. Yield data for agroforestry are based on specific field trials and may not be generalizable. The study concludes that under current assumptions, neither system is cost-optimal compared to monocultures and GM-PV, but identifies thresholds where they could become competitive.",,,,,,,,,,,,,,,,,,,,,,
10.1016/j.jclepro.2023.139958,,,,,,,,,,,,,,,,,,,,,,,,,,,,,,,,,,,,,forestry,https://docs.google.com/spreadsheets/d/e/2PACX-1vR0wSk6qgGv0cZxkc4zRKwJso5edQ88ivsUDACEXts43BR4gZRfcGJ3JzjpPjYYpLnUvAe_mJJO0UJg/pub?output=csv,33,Revisiting the land use conflicts between forests and solar farms through energy efficiency,"Forests and solar energy are both critical to achieving the climate goals proposed by the Paris Agreement. However, large-scale deployment of solar farms requires vast land areas, potentially posing conflicts with other land uses. For example, solar farms have been built in forested regions or with a direct cost to forests (through deforestation). Here, we evaluated land-use conflicts between forests and established solar farms worldwide, and further assessed the energy efficiency effect of placing solar farms over forests using simulation results from seven state-of-the-art Earth system models. Our results, based on remote sensing analysis, showed that 6320 solar farms (9.14%) exhibit land-use conflicts with forests, accounting for 4.9% of the total solar farm area. The capacity factor (CF) of solar farms was found to decrease with increasing forest coverage because of enhanced cloud formation and reduced solar radiation. Even though deforestation was shown to be able to increase the local CF, in deforestation areas CF was still found to be lower than over open land (cropland or grassland). Moreover, the effect of a significantly increased CF following deforestation was found to take about 36 years to emerge, potentially exceeding the service lifetime of a solar farm (25–30 years). Our results highlight the fact that building solar farms over forests or through deforestation leads to no gain in energy efficiency compared to open land, and hence should only be carried out with great caution or completely discouraged.",01.01.1992,31.12.2018,,"47259,2","Forest, Deforested land, Cropland, Grassland, Shrubland, Barren land, Wetlands, Built-up areas",,Forest,,,Cropland,,,Single-axis tracking,,,,,,,,,,,,,,,," Solar farm expansion can result in reduced species richness and diversity, with a shift towards fewer rare species and more non-indigenous species. Forest conversion for solar farms threatens biodiversity conservation.",Forests provide soil and water conservation services which are lost when they are cleared for solar farms.," Forests provide ecosystem services including oxygen release, air purification, wind and sand fixation, soil and water conservation, biodiversity conservation, and carbon sequestration. Agrivoltaics in croplands/grasslands can provide mutual benefits including reduced plant drought stress and reduced PV panel heat stress.","This study analyzes land-use conflicts between existing solar farms and forests globally using remote sensing data, finding that 9.14% of solar farms (6,320 installations) exhibit conflicts with forests, accounting for 4.9% of total solar farm area. Of these, 75.1% were built in forested areas and 24.9% in deforested areas. Using CMIP6 Earth system model simulations, the study finds that solar capacity factor decreases with increasing forest cover due to enhanced cloud formation. Deforestation leads to a negligible increase in capacity factor (0.8% on average) that takes approximately 36 years to become significant—longer than the typical 25-30 year lifetime of a solar farm. The study concludes that building solar farms over forests or through deforestation provides no energy efficiency gain compared to open land (cropland or grassland) and should be discouraged.",,,,,,,,,,,,,,,,,,,,,,
